LCLid,cluster,Acorn,Acorn_grouped,stdorToU
MAC000002,1,ACORN-A,Affluent,Std
MAC000003,1,ACORN-P,Adversity,Std
MAC000004,2,ACORN-E,Affluent,Std
MAC000005,2,ACORN-C,Affluent,ToU
MAC000006,2,ACORN-Q,Adversity,Std
MAC000007,1,ACORN-H,Comfortable,Std
MAC000008,1,ACORN-H,Comfortable,Std
MAC000009,2,ACORN-L,Adversity,Std
MAC000010,0,ACORN-H,Comfortable,Std
MAC000011,1,ACORN-N,Adversity,Std
MAC000012,2,ACORN-E,Affluent,Std
MAC000013,2,ACORN-K,Adversity,Std
MAC000014,2,ACORN-L,Adversity,ToU
MAC000015,1,ACORN-E,Affluent,ToU
MAC000016,2,ACORN-K,Adversity,Std
MAC000017,2,ACORN-C,Affluent,ToU
MAC000018,2,ACORN-E,Affluent,Std
MAC000019,2,ACORN-K,Adversity,Std
MAC000020,2,ACORN-J,Comfortable,Std
MAC000021,1,ACORN-E,Affluent,Std
MAC000022,1,ACORN-Q,Adversity,Std
MAC000023,1,ACORN-U,ACORN-U,Std
MAC000024,1,ACORN-E,Affluent,Std
MAC000025,2,ACORN-P,Adversity,Std
MAC000026,1,ACORN-D,Affluent,Std
MAC000027,2,ACORN-J,Comfortable,Std
MAC000028,2,ACORN-E,Affluent,Std
MAC000029,2,ACORN-P,Adversity,Std
MAC000030,1,ACORN-A,Affluent,Std
MAC000031,1,ACORN-Q,Adversity,ToU
MAC000032,1,ACORN-Q,Adversity,Std
MAC000033,2,ACORN-E,Affluent,Std
MAC000034,0,ACORN-E,Affluent,Std
MAC000035,1,ACORN-E,Affluent,Std
MAC000036,2,ACORN-E,Affluent,Std
MAC000037,2,ACORN-E,Affluent,Std
MAC000038,1,ACORN-L,Adversity,Std
MAC000039,2,ACORN-F,Comfortable,Std
MAC000040,0,ACORN-A,Affluent,Std
MAC000041,2,ACORN-Q,Adversity,Std
MAC000042,2,ACORN-Q,Adversity,Std
MAC000043,2,ACORN-H,Comfortable,Std
MAC000044,1,ACORN-F,Comfortable,ToU
MAC000045,1,ACORN-E,Affluent,Std
MAC000046,1,ACORN-N,Adversity,ToU
MAC000047,2,ACORN-Q,Adversity,Std
MAC000048,2,ACORN-E,Affluent,ToU
MAC000049,0,ACORN-E,Affluent,Std
MAC000050,1,ACORN-D,Affluent,Std
MAC000051,1,ACORN-F,Comfortable,ToU
MAC000052,2,ACORN-D,Affluent,ToU
MAC000053,2,ACORN-F,Comfortable,Std
MAC000054,2,ACORN-Q,Adversity,Std
MAC000055,1,ACORN-K,Adversity,Std
MAC000056,2,ACORN-Q,Adversity,Std
MAC000057,1,ACORN-E,Affluent,Std
MAC000058,2,ACORN-E,Affluent,Std
MAC000059,1,ACORN-H,Comfortable,Std
MAC000060,1,ACORN-F,Comfortable,Std
MAC000061,2,ACORN-Q,Adversity,Std
MAC000062,1,ACORN-H,Comfortable,Std
MAC000063,1,ACORN-D,Affluent,Std
MAC000064,1,ACORN-E,Affluent,ToU
MAC000065,2,ACORN-L,Adversity,ToU
MAC000066,2,ACORN-E,Affluent,Std
MAC000067,2,ACORN-N,Adversity,Std
MAC000068,1,ACORN-L,Adversity,Std
MAC000069,2,ACORN-G,Comfortable,Std
MAC000070,2,ACORN-H,Comfortable,Std
MAC000071,1,ACORN-J,Comfortable,ToU
MAC000072,2,ACORN-E,Affluent,Std
MAC000073,2,ACORN-D,Affluent,Std
MAC000074,1,ACORN-H,Comfortable,Std
MAC000075,2,ACORN-E,Affluent,ToU
MAC000076,1,ACORN-E,Affluent,ToU
MAC000077,2,ACORN-Q,Adversity,Std
MAC000078,2,ACORN-E,Affluent,Std
MAC000079,1,ACORN-D,Affluent,Std
MAC000080,2,ACORN-E,Affluent,Std
MAC000081,1,ACORN-K,Adversity,Std
MAC000082,2,ACORN-E,Affluent,ToU
MAC000083,1,ACORN-J,Comfortable,Std
MAC000084,1,ACORN-D,Affluent,Std
MAC000085,0,ACORN-D,Affluent,Std
MAC000086,2,ACORN-E,Affluent,Std
MAC000087,1,ACORN-E,Affluent,Std
MAC000088,1,ACORN-Q,Adversity,ToU
MAC000089,2,ACORN-H,Comfortable,Std
MAC000090,1,ACORN-Q,Adversity,Std
MAC000091,2,ACORN-H,Comfortable,Std
MAC000092,2,ACORN-Q,Adversity,Std
MAC000093,1,ACORN-H,Comfortable,Std
MAC000094,2,ACORN-G,Comfortable,Std
MAC000095,2,ACORN-E,Affluent,Std
MAC000096,0,ACORN-C,Affluent,Std
MAC000097,1,ACORN-G,Comfortable,Std
MAC000098,1,ACORN-F,Comfortable,Std
MAC000099,2,ACORN-U,ACORN-U,Std
MAC000100,1,ACORN-N,Adversity,Std
MAC000101,1,ACORN-L,Adversity,Std
MAC000102,2,ACORN-Q,Adversity,Std
MAC000103,1,ACORN-A,Affluent,Std
MAC000104,2,ACORN-Q,Adversity,Std
MAC000105,0,ACORN-D,Affluent,Std
MAC000106,1,ACORN-L,Adversity,ToU
MAC000107,2,ACORN-N,Adversity,ToU
MAC000108,2,ACORN-J,Comfortable,Std
MAC000109,2,ACORN-D,Affluent,ToU
MAC000110,1,ACORN-A,Affluent,Std
MAC000111,2,ACORN-M,Adversity,Std
MAC000112,1,ACORN-A,Affluent,Std
MAC000113,1,ACORN-E,Affluent,Std
MAC000114,2,ACORN-M,Adversity,Std
MAC000115,2,ACORN-L,Adversity,Std
MAC000116,0,ACORN-E,Affluent,Std
MAC000117,2,ACORN-L,Adversity,Std
MAC000118,2,ACORN-G,Comfortable,Std
MAC000119,1,ACORN-H,Comfortable,Std
MAC000120,2,ACORN-E,Affluent,Std
MAC000121,2,ACORN-L,Adversity,Std
MAC000122,2,ACORN-E,Affluent,Std
MAC000123,2,ACORN-K,Adversity,Std
MAC000124,2,ACORN-H,Comfortable,ToU
MAC000125,1,ACORN-F,Comfortable,Std
MAC000126,2,ACORN-E,Affluent,Std
MAC000127,2,ACORN-L,Adversity,Std
MAC000128,2,ACORN-H,Comfortable,Std
MAC000129,2,ACORN-E,Affluent,Std
MAC000130,2,ACORN-K,Adversity,Std
MAC000131,2,ACORN-E,Affluent,Std
MAC000132,1,ACORN-E,Affluent,Std
MAC000133,1,ACORN-Q,Adversity,Std
MAC000134,0,ACORN-L,Adversity,Std
MAC000135,2,ACORN-Q,Adversity,Std
MAC000136,1,ACORN-Q,Adversity,Std
MAC000137,1,ACORN-H,Comfortable,Std
MAC000138,2,ACORN-E,Affluent,Std
MAC000139,1,ACORN-D,Affluent,ToU
MAC000140,2,ACORN-C,Affluent,Std
MAC000141,2,ACORN-E,Affluent,ToU
MAC000142,0,ACORN-M,Adversity,Std
MAC000143,2,ACORN-F,Comfortable,Std
MAC000144,2,ACORN-E,Affluent,Std
MAC000145,1,ACORN-F,Comfortable,Std
MAC000146,2,ACORN-L,Adversity,ToU
MAC000147,2,ACORN-F,Comfortable,ToU
MAC000148,2,ACORN-F,Comfortable,Std
MAC000149,2,ACORN-F,Comfortable,Std
MAC000150,1,ACORN-E,Affluent,Std
MAC000151,2,ACORN-G,Comfortable,Std
MAC000152,2,ACORN-E,Affluent,Std
MAC000153,0,ACORN-E,Affluent,Std
MAC000154,2,ACORN-Q,Adversity,Std
MAC000155,1,ACORN-D,Affluent,Std
MAC000156,2,ACORN-F,Comfortable,Std
MAC000157,1,ACORN-G,Comfortable,Std
MAC000158,2,ACORN-H,Comfortable,ToU
MAC000159,2,ACORN-E,Affluent,Std
MAC000160,2,ACORN-F,Comfortable,Std
MAC000161,1,ACORN-E,Affluent,Std
MAC000162,2,ACORN-Q,Adversity,Std
MAC000163,1,ACORN-F,Comfortable,Std
MAC000164,1,ACORN-E,Affluent,Std
MAC000165,2,ACORN-E,Affluent,ToU
MAC000166,2,ACORN-Q,Adversity,Std
MAC000167,2,ACORN-F,Comfortable,Std
MAC000168,2,ACORN-E,Affluent,Std
MAC000169,2,ACORN-E,Affluent,Std
MAC000170,1,ACORN-F,Comfortable,ToU
MAC000171,2,ACORN-O,Adversity,Std
MAC000172,2,ACORN-E,Affluent,Std
MAC000173,2,ACORN-E,Affluent,ToU
MAC000174,1,ACORN-Q,Adversity,Std
MAC000175,2,ACORN-E,Affluent,Std
MAC000176,2,ACORN-E,Affluent,Std
MAC000177,2,ACORN-F,Comfortable,Std
MAC000178,1,ACORN-Q,Adversity,Std
MAC000179,2,ACORN-E,Affluent,Std
MAC000180,1,ACORN-F,Comfortable,Std
MAC000181,1,ACORN-E,Affluent,Std
MAC000182,2,ACORN-E,Affluent,Std
MAC000183,1,ACORN-G,Comfortable,Std
MAC000184,2,ACORN-F,Comfortable,Std
MAC000185,2,ACORN-F,Comfortable,Std
MAC000186,2,ACORN-E,Affluent,ToU
MAC000187,2,ACORN-L,Adversity,ToU
MAC000188,2,ACORN-F,Comfortable,Std
MAC000189,1,ACORN-E,Affluent,Std
MAC000190,2,ACORN-F,Comfortable,Std
MAC000191,1,ACORN-E,Affluent,Std
MAC000192,2,ACORN-F,Comfortable,Std
MAC000193,1,ACORN-D,Affluent,ToU
MAC000194,1,ACORN-D,Affluent,ToU
MAC000195,1,ACORN-K,Adversity,ToU
MAC000196,2,ACORN-Q,Adversity,Std
MAC000197,3,ACORN-F,Comfortable,Std
MAC000198,1,ACORN-F,Comfortable,ToU
MAC000199,2,ACORN-L,Adversity,Std
MAC000200,2,ACORN-F,Comfortable,Std
MAC000201,2,ACORN-F,Comfortable,Std
MAC000202,1,ACORN-K,Adversity,Std
MAC000203,2,ACORN-E,Affluent,Std
MAC000204,2,ACORN-Q,Adversity,Std
MAC000205,1,ACORN-E,Affluent,Std
MAC000206,1,ACORN-F,Comfortable,Std
MAC000207,1,ACORN-Q,Adversity,Std
MAC000208,2,ACORN-Q,Adversity,Std
MAC000209,2,ACORN-F,Comfortable,Std
MAC000210,2,ACORN-F,Comfortable,Std
MAC000211,2,ACORN-F,Comfortable,Std
MAC000212,2,ACORN-Q,Adversity,Std
MAC000213,2,ACORN-O,Adversity,Std
MAC000214,2,ACORN-E,Affluent,Std
MAC000215,2,ACORN-F,Comfortable,Std
MAC000216,0,ACORN-Q,Adversity,Std
MAC000217,2,ACORN-F,Comfortable,Std
MAC000218,1,ACORN-E,Affluent,Std
MAC000219,2,ACORN-E,Affluent,ToU
MAC000220,2,ACORN-E,Affluent,Std
MAC000221,1,ACORN-E,Affluent,Std
MAC000222,1,ACORN-F,Comfortable,Std
MAC000223,2,ACORN-Q,Adversity,Std
MAC000224,1,ACORN-E,Affluent,Std
MAC000225,2,ACORN-G,Comfortable,Std
MAC000226,1,ACORN-F,Comfortable,Std
MAC000227,1,ACORN-Q,Adversity,Std
MAC000228,2,ACORN-E,Affluent,Std
MAC000229,2,ACORN-F,Comfortable,Std
MAC000230,1,ACORN-K,Adversity,Std
MAC000231,2,ACORN-Q,Adversity,Std
MAC000232,2,ACORN-F,Comfortable,Std
MAC000233,2,ACORN-Q,Adversity,Std
MAC000234,1,ACORN-E,Affluent,Std
MAC000235,1,ACORN-E,Affluent,Std
MAC000236,2,ACORN-Q,Adversity,ToU
MAC000237,0,ACORN-E,Affluent,Std
MAC000238,2,ACORN-F,Comfortable,Std
MAC000239,2,ACORN-H,Comfortable,Std
MAC000240,1,ACORN-F,Comfortable,Std
MAC000241,2,ACORN-G,Comfortable,Std
MAC000242,2,ACORN-E,Affluent,Std
MAC000243,1,ACORN-F,Comfortable,Std
MAC000244,2,ACORN-F,Comfortable,Std
MAC000245,0,ACORN-L,Adversity,Std
MAC000246,1,ACORN-A,Affluent,Std
MAC000247,1,ACORN-F,Comfortable,ToU
MAC000248,1,ACORN-F,Comfortable,Std
MAC000249,0,ACORN-Q,Adversity,Std
MAC000250,2,ACORN-G,Comfortable,Std
MAC000251,1,ACORN-H,Comfortable,Std
MAC000252,0,ACORN-F,Comfortable,Std
MAC000253,1,ACORN-E,Affluent,Std
MAC000254,1,ACORN-H,Comfortable,Std
MAC000255,1,ACORN-K,Adversity,Std
MAC000256,0,ACORN-L,Adversity,Std
MAC000257,0,ACORN-E,Affluent,ToU
MAC000258,2,ACORN-K,Adversity,Std
MAC000259,1,ACORN-H,Comfortable,ToU
MAC000260,2,ACORN-G,Comfortable,Std
MAC000261,2,ACORN-F,Comfortable,ToU
MAC000262,1,ACORN-F,Comfortable,Std
MAC000263,2,ACORN-E,Affluent,Std
MAC000264,2,ACORN-E,Affluent,Std
MAC000265,2,ACORN-F,Comfortable,ToU
MAC000266,2,ACORN-O,Adversity,ToU
MAC000267,1,ACORN-K,Adversity,Std
MAC000268,2,ACORN-Q,Adversity,Std
MAC000269,2,ACORN-Q,Adversity,Std
MAC000270,1,ACORN-E,Affluent,Std
MAC000271,2,ACORN-F,Comfortable,Std
MAC000272,1,ACORN-H,Comfortable,Std
MAC000273,2,ACORN-E,Affluent,Std
MAC000274,0,ACORN-E,Affluent,Std
MAC000275,2,ACORN-E,Affluent,Std
MAC000276,1,ACORN-F,Comfortable,Std
MAC000277,1,ACORN-F,Comfortable,Std
MAC000278,2,ACORN-G,Comfortable,ToU
MAC000279,2,ACORN-F,Comfortable,Std
MAC000280,1,ACORN-E,Affluent,Std
MAC000281,2,ACORN-K,Adversity,Std
MAC000282,2,ACORN-E,Affluent,Std
MAC000283,2,ACORN-P,Adversity,Std
MAC000284,2,ACORN-E,Affluent,Std
MAC000285,2,ACORN-Q,Adversity,Std
MAC000286,1,ACORN-F,Comfortable,ToU
MAC000287,2,ACORN-E,Affluent,Std
MAC000288,1,ACORN-E,Affluent,ToU
MAC000289,2,ACORN-D,Affluent,Std
MAC000290,2,ACORN-K,Adversity,ToU
MAC000291,1,ACORN-D,Affluent,Std
MAC000292,2,ACORN-Q,Adversity,ToU
MAC000293,2,ACORN-Q,Adversity,ToU
MAC000294,1,ACORN-H,Comfortable,Std
MAC000295,2,ACORN-E,Affluent,Std
MAC000296,1,ACORN-E,Affluent,Std
MAC000297,2,ACORN-E,Affluent,Std
MAC000298,2,ACORN-E,Affluent,ToU
MAC000299,1,ACORN-E,Affluent,Std
MAC000300,1,ACORN-E,Affluent,Std
MAC000301,1,ACORN-E,Affluent,Std
MAC000302,2,ACORN-E,Affluent,Std
MAC000303,2,ACORN-L,Adversity,ToU
MAC000304,1,ACORN-E,Affluent,Std
MAC000305,2,ACORN-Q,Adversity,Std
MAC000306,2,ACORN-E,Affluent,Std
MAC000307,0,ACORN-E,Affluent,Std
MAC000308,2,ACORN-E,Affluent,Std
MAC000309,1,ACORN-E,Affluent,Std
MAC000310,2,ACORN-L,Adversity,Std
MAC000311,1,ACORN-D,Affluent,Std
MAC000312,0,ACORN-E,Affluent,Std
MAC000313,1,ACORN-Q,Adversity,Std
MAC000314,2,ACORN-F,Comfortable,Std
MAC000315,2,ACORN-E,Affluent,Std
MAC000316,2,ACORN-Q,Adversity,Std
MAC000317,2,ACORN-D,Affluent,Std
MAC000318,2,ACORN-Q,Adversity,Std
MAC000319,2,ACORN-F,Comfortable,Std
MAC000320,1,ACORN-E,Affluent,Std
MAC000321,0,ACORN-E,Affluent,Std
MAC000322,2,ACORN-D,Affluent,Std
MAC000323,1,ACORN-A,Affluent,Std
MAC000324,2,ACORN-E,Affluent,Std
MAC000325,2,ACORN-E,Affluent,Std
MAC000326,1,ACORN-D,Affluent,Std
MAC000327,1,ACORN-E,Affluent,Std
MAC000328,2,ACORN-F,Comfortable,ToU
MAC000329,2,ACORN-Q,Adversity,Std
MAC000330,2,ACORN-E,Affluent,Std
MAC000331,1,ACORN-E,Affluent,Std
MAC000332,2,ACORN-E,Affluent,Std
MAC000333,2,ACORN-Q,Adversity,Std
MAC000334,2,ACORN-Q,Adversity,Std
MAC000335,2,ACORN-E,Affluent,Std
MAC000336,2,ACORN-D,Affluent,ToU
MAC000337,2,ACORN-P,Adversity,Std
MAC000338,1,ACORN-E,Affluent,Std
MAC000339,1,ACORN-A,Affluent,ToU
MAC000340,2,ACORN-H,Comfortable,Std
MAC000341,2,ACORN-H,Comfortable,Std
MAC000342,1,ACORN-D,Affluent,ToU
MAC000343,2,ACORN-K,Adversity,Std
MAC000344,2,ACORN-E,Affluent,ToU
MAC000345,2,ACORN-E,Affluent,Std
MAC000346,2,ACORN-E,Affluent,Std
MAC000347,2,ACORN-F,Comfortable,Std
MAC000348,2,ACORN-G,Comfortable,Std
MAC000349,2,ACORN-E,Affluent,Std
MAC000350,2,ACORN-P,Adversity,Std
MAC000351,2,ACORN-E,Affluent,Std
MAC000352,1,ACORN-G,Comfortable,ToU
MAC000353,2,ACORN-E,Affluent,Std
MAC000354,1,ACORN-L,Adversity,ToU
MAC000355,2,ACORN-E,Affluent,Std
MAC000356,2,ACORN-E,Affluent,Std
MAC000357,1,ACORN-E,Affluent,Std
MAC000358,0,ACORN-E,Affluent,Std
MAC000359,1,ACORN-E,Affluent,Std
MAC000360,2,ACORN-H,Comfortable,Std
MAC000361,2,ACORN-E,Affluent,Std
MAC000362,2,ACORN-Q,Adversity,Std
MAC000363,2,ACORN-O,Adversity,Std
MAC000364,2,ACORN-Q,Adversity,Std
MAC000365,2,ACORN-Q,Adversity,Std
MAC000366,2,ACORN-F,Comfortable,ToU
MAC000367,2,ACORN-E,Affluent,Std
MAC000368,2,ACORN-E,Affluent,Std
MAC000369,1,ACORN-F,Comfortable,ToU
MAC000370,1,ACORN-E,Affluent,Std
MAC000371,2,ACORN-F,Comfortable,Std
MAC000372,1,ACORN-E,Affluent,Std
MAC000373,1,ACORN-L,Adversity,Std
MAC000374,2,ACORN-E,Affluent,Std
MAC000375,2,ACORN-H,Comfortable,Std
MAC000376,2,ACORN-E,Affluent,Std
MAC000377,2,ACORN-D,Affluent,Std
MAC000378,2,ACORN-E,Affluent,Std
MAC000379,0,ACORN-A,Affluent,Std
MAC000380,2,ACORN-E,Affluent,Std
MAC000381,1,ACORN-H,Comfortable,Std
MAC000382,2,ACORN-H,Comfortable,Std
MAC000383,2,ACORN-P,Adversity,ToU
MAC000384,2,ACORN-E,Affluent,ToU
MAC000385,2,ACORN-Q,Adversity,Std
MAC000386,1,ACORN-A,Affluent,Std
MAC000387,2,ACORN-E,Affluent,Std
MAC000388,1,ACORN-E,Affluent,Std
MAC000389,2,ACORN-E,Affluent,Std
MAC000390,1,ACORN-L,Adversity,Std
MAC000391,2,ACORN-Q,Adversity,Std
MAC000392,2,ACORN-Q,Adversity,ToU
MAC000393,1,ACORN-D,Affluent,Std
MAC000394,2,ACORN-H,Comfortable,Std
MAC000395,2,ACORN-L,Adversity,ToU
MAC000396,1,ACORN-E,Affluent,Std
MAC000397,2,ACORN-F,Comfortable,Std
MAC000398,1,ACORN-E,Affluent,Std
MAC000399,2,ACORN-F,Comfortable,Std
MAC000400,2,ACORN-E,Affluent,Std
MAC000401,2,ACORN-K,Adversity,ToU
MAC000402,2,ACORN-Q,Adversity,ToU
MAC000403,2,ACORN-E,Affluent,Std
MAC000404,2,ACORN-E,Affluent,Std
MAC000405,2,ACORN-H,Comfortable,Std
MAC000406,2,ACORN-I,Comfortable,ToU
MAC000407,2,ACORN-F,Comfortable,Std
MAC000408,2,ACORN-Q,Adversity,ToU
MAC000409,0,ACORN-E,Affluent,Std
MAC000410,2,ACORN-N,Adversity,Std
MAC000411,2,ACORN-F,Comfortable,Std
MAC000412,2,ACORN-Q,Adversity,Std
MAC000413,2,ACORN-E,Affluent,Std
MAC000414,2,ACORN-E,Affluent,Std
MAC000415,1,ACORN-E,Affluent,Std
MAC000416,1,ACORN-Q,Adversity,Std
MAC000417,2,ACORN-Q,Adversity,Std
MAC000418,2,ACORN-E,Affluent,ToU
MAC000419,2,ACORN-E,Affluent,Std
MAC000420,1,ACORN-E,Affluent,Std
MAC000421,2,ACORN-E,Affluent,ToU
MAC000422,2,ACORN-E,Affluent,Std
MAC000423,2,ACORN-Q,Adversity,Std
MAC000424,2,ACORN-E,Affluent,Std
MAC000425,1,ACORN-Q,Adversity,Std
MAC000426,2,ACORN-F,Comfortable,Std
MAC000427,2,ACORN-O,Adversity,Std
MAC000428,2,ACORN-L,Adversity,Std
MAC000429,2,ACORN-E,Affluent,Std
MAC000430,2,ACORN-Q,Adversity,Std
MAC000431,1,ACORN-C,Affluent,Std
MAC000432,2,ACORN-F,Comfortable,Std
MAC000433,2,ACORN-N,Adversity,ToU
MAC000434,2,ACORN-Q,Adversity,Std
MAC000435,2,ACORN-Q,Adversity,Std
MAC000436,2,ACORN-L,Adversity,Std
MAC000437,1,ACORN-E,Affluent,Std
MAC000438,2,ACORN-E,Affluent,Std
MAC000439,1,ACORN-F,Comfortable,ToU
MAC000440,1,ACORN-K,Adversity,Std
MAC000441,2,ACORN-E,Affluent,Std
MAC000442,2,ACORN-D,Affluent,Std
MAC000443,0,ACORN-E,Affluent,Std
MAC000444,2,ACORN-E,Affluent,Std
MAC000445,2,ACORN-F,Comfortable,Std
MAC000446,2,ACORN-H,Comfortable,Std
MAC000447,2,ACORN-G,Comfortable,ToU
MAC000448,2,ACORN-E,Affluent,Std
MAC000449,2,ACORN-Q,Adversity,Std
MAC000450,0,ACORN-A,Affluent,Std
MAC000451,1,ACORN-H,Comfortable,ToU
MAC000452,1,ACORN-H,Comfortable,Std
MAC000453,1,ACORN-G,Comfortable,Std
MAC000454,2,ACORN-E,Affluent,Std
MAC000455,0,ACORN-D,Affluent,Std
MAC000456,2,ACORN-D,Affluent,ToU
MAC000457,2,ACORN-Q,Adversity,Std
MAC000458,2,ACORN-E,Affluent,Std
MAC000459,2,ACORN-E,Affluent,Std
MAC000460,1,ACORN-Q,Adversity,Std
MAC000461,1,ACORN-H,Comfortable,ToU
MAC000462,1,ACORN-D,Affluent,Std
MAC000463,1,ACORN-E,Affluent,Std
MAC000464,2,ACORN-A,Affluent,ToU
MAC000465,2,ACORN-F,Comfortable,ToU
MAC000466,2,ACORN-L,Adversity,Std
MAC000467,2,ACORN-F,Comfortable,ToU
MAC000468,1,ACORN-F,Comfortable,Std
MAC000469,1,ACORN-E,Affluent,Std
MAC000470,2,ACORN-G,Comfortable,ToU
MAC000471,2,ACORN-Q,Adversity,Std
MAC000472,2,ACORN-Q,Adversity,Std
MAC000473,1,ACORN-E,Affluent,Std
MAC000474,2,ACORN-O,Adversity,Std
MAC000475,1,ACORN-E,Affluent,ToU
MAC000476,2,ACORN-F,Comfortable,Std
MAC000477,2,ACORN-M,Adversity,Std
MAC000478,1,ACORN-E,Affluent,ToU
MAC000479,2,ACORN-F,Comfortable,Std
MAC000480,0,ACORN-E,Affluent,Std
MAC000481,2,ACORN-P,Adversity,Std
MAC000482,2,ACORN-E,Affluent,Std
MAC000483,2,ACORN-N,Adversity,Std
MAC000484,2,ACORN-L,Adversity,Std
MAC000485,2,ACORN-E,Affluent,Std
MAC000486,2,ACORN-Q,Adversity,Std
MAC000487,1,ACORN-A,Affluent,ToU
MAC000488,2,ACORN-E,Affluent,Std
MAC000489,2,ACORN-E,Affluent,Std
MAC000490,1,ACORN-L,Adversity,Std
MAC000491,2,ACORN-O,Adversity,Std
MAC000492,2,ACORN-I,Comfortable,Std
MAC000493,2,ACORN-M,Adversity,Std
MAC000494,2,ACORN-F,Comfortable,ToU
MAC000495,2,ACORN-E,Affluent,Std
MAC000496,2,ACORN-E,Affluent,Std
MAC000497,1,ACORN-E,Affluent,ToU
MAC000498,1,ACORN-H,Comfortable,Std
MAC000499,2,ACORN-E,Affluent,Std
MAC000500,2,ACORN-E,Affluent,ToU
MAC000501,2,ACORN-F,Comfortable,Std
MAC000502,2,ACORN-F,Comfortable,Std
MAC000503,2,ACORN-D,Affluent,Std
MAC000504,2,ACORN-E,Affluent,Std
MAC000505,2,ACORN-E,Affluent,Std
MAC000506,1,ACORN-E,Affluent,Std
MAC000507,2,ACORN-Q,Adversity,Std
MAC000508,1,ACORN-E,Affluent,Std
MAC000509,2,ACORN-E,Affluent,Std
MAC000510,2,ACORN-Q,Adversity,Std
MAC000511,1,ACORN-Q,Adversity,Std
MAC000512,0,ACORN-J,Comfortable,ToU
MAC000513,2,ACORN-Q,Adversity,Std
MAC000514,2,ACORN-O,Adversity,Std
MAC000515,2,ACORN-K,Adversity,Std
MAC000516,2,ACORN-E,Affluent,Std
MAC000517,2,ACORN-C,Affluent,Std
MAC000518,2,ACORN-E,Affluent,Std
MAC000519,1,ACORN-G,Comfortable,Std
MAC000520,2,ACORN-J,Comfortable,Std
MAC000521,2,ACORN-E,Affluent,ToU
MAC000522,1,ACORN-D,Affluent,Std
MAC000523,1,ACORN-E,Affluent,ToU
MAC000524,1,ACORN-G,Comfortable,Std
MAC000525,1,ACORN-E,Affluent,ToU
MAC000526,1,ACORN-E,Affluent,Std
MAC000527,1,ACORN-Q,Adversity,Std
MAC000528,1,ACORN-O,Adversity,Std
MAC000529,2,ACORN-Q,Adversity,ToU
MAC000530,1,ACORN-F,Comfortable,Std
MAC000531,2,ACORN-D,Affluent,Std
MAC000532,2,ACORN-K,Adversity,Std
MAC000533,2,ACORN-H,Comfortable,Std
MAC000534,2,ACORN-Q,Adversity,Std
MAC000535,0,ACORN-A,Affluent,Std
MAC000536,1,ACORN-F,Comfortable,Std
MAC000537,2,ACORN-K,Adversity,ToU
MAC000538,2,ACORN-E,Affluent,Std
MAC000539,2,ACORN-F,Comfortable,Std
MAC000540,1,ACORN-E,Affluent,Std
MAC000541,2,ACORN-Q,Adversity,Std
MAC000542,2,ACORN-Q,Adversity,Std
MAC000543,2,ACORN-Q,Adversity,Std
MAC000544,2,ACORN-E,Affluent,ToU
MAC000545,2,ACORN-C,Affluent,Std
MAC000546,1,ACORN-E,Affluent,Std
MAC000547,0,ACORN-H,Comfortable,Std
MAC000548,1,ACORN-L,Adversity,Std
MAC000549,2,ACORN-Q,Adversity,ToU
MAC000550,1,ACORN-F,Comfortable,Std
MAC000551,2,ACORN-D,Affluent,Std
MAC000552,2,ACORN-K,Adversity,Std
MAC000553,2,ACORN-F,Comfortable,Std
MAC000554,2,ACORN-H,Comfortable,Std
MAC000555,1,ACORN-P,Adversity,Std
MAC000556,2,ACORN-Q,Adversity,Std
MAC000557,0,ACORN-A,Affluent,Std
MAC000558,2,ACORN-Q,Adversity,Std
MAC000559,2,ACORN-L,Adversity,Std
MAC000560,2,ACORN-Q,Adversity,Std
MAC000561,2,ACORN-E,Affluent,ToU
MAC000562,2,ACORN-E,Affluent,Std
MAC000563,2,ACORN-F,Comfortable,Std
MAC000564,1,ACORN-E,Affluent,Std
MAC000565,2,ACORN-P,Adversity,ToU
MAC000566,1,ACORN-K,Adversity,Std
MAC000567,2,ACORN-E,Affluent,Std
MAC000568,2,ACORN-L,Adversity,Std
MAC000569,0,ACORN-A,Affluent,Std
MAC000570,2,ACORN-P,Adversity,Std
MAC000571,2,ACORN-Q,Adversity,Std
MAC000572,2,ACORN-D,Affluent,Std
MAC000573,1,ACORN-L,Adversity,Std
MAC000574,2,ACORN-K,Adversity,Std
MAC000575,2,ACORN-Q,Adversity,Std
MAC000576,1,ACORN-Q,Adversity,Std
MAC000577,1,ACORN-E,Affluent,Std
MAC000578,2,ACORN-H,Comfortable,Std
MAC000579,2,ACORN-Q,Adversity,Std
MAC000580,1,ACORN-Q,Adversity,Std
MAC000581,2,ACORN-N,Adversity,Std
MAC000582,1,ACORN-K,Adversity,ToU
MAC000583,2,ACORN-Q,Adversity,ToU
MAC000584,2,ACORN-J,Comfortable,ToU
MAC000585,2,ACORN-Q,Adversity,Std
MAC000586,2,ACORN-F,Comfortable,ToU
MAC000587,2,ACORN-O,Adversity,ToU
MAC000588,2,ACORN-H,Comfortable,Std
MAC000589,2,ACORN-H,Comfortable,Std
MAC000590,2,ACORN-L,Adversity,ToU
MAC000591,2,ACORN-F,Comfortable,Std
MAC000592,2,ACORN-L,Adversity,Std
MAC000593,2,ACORN-A,Affluent,ToU
MAC000594,2,ACORN-F,Comfortable,Std
MAC000595,1,ACORN-G,Comfortable,ToU
MAC000596,0,ACORN-E,Affluent,Std
MAC000597,2,ACORN-P,Adversity,Std
MAC000598,2,ACORN-C,Affluent,ToU
MAC000599,2,ACORN-Q,Adversity,Std
MAC000600,1,ACORN-E,Affluent,Std
MAC000601,2,ACORN-K,Adversity,Std
MAC000602,2,ACORN-E,Affluent,Std
MAC000603,2,ACORN-E,Affluent,Std
MAC000604,1,ACORN-O,Adversity,Std
MAC000605,2,ACORN-F,Comfortable,ToU
MAC000606,2,ACORN-B,Affluent,Std
MAC000607,2,ACORN-L,Adversity,Std
MAC000608,2,ACORN-L,Adversity,Std
MAC000609,2,ACORN-A,Affluent,ToU
MAC000610,1,ACORN-E,Affluent,Std
MAC000611,2,ACORN-H,Comfortable,ToU
MAC000612,1,ACORN-E,Affluent,Std
MAC000613,2,ACORN-F,Comfortable,Std
MAC000614,1,ACORN-H,Comfortable,Std
MAC000615,2,ACORN-Q,Adversity,Std
MAC000616,2,ACORN-Q,Adversity,Std
MAC000617,2,ACORN-P,Adversity,ToU
MAC000618,2,ACORN-E,Affluent,Std
MAC000619,2,ACORN-D,Affluent,Std
MAC000620,2,ACORN-J,Comfortable,ToU
MAC000621,1,ACORN-K,Adversity,Std
MAC000622,2,ACORN-Q,Adversity,Std
MAC000623,2,ACORN-K,Adversity,Std
MAC000624,2,ACORN-E,Affluent,Std
MAC000625,1,ACORN-E,Affluent,Std
MAC000626,2,ACORN-O,Adversity,Std
MAC000627,2,ACORN-Q,Adversity,Std
MAC000628,1,ACORN-E,Affluent,ToU
MAC000629,1,ACORN-L,Adversity,Std
MAC000630,1,ACORN-C,Affluent,Std
MAC000631,2,ACORN-E,Affluent,Std
MAC000632,1,ACORN-D,Affluent,Std
MAC000633,1,ACORN-E,Affluent,ToU
MAC000634,2,ACORN-F,Comfortable,Std
MAC000635,1,ACORN-Q,Adversity,ToU
MAC000636,2,ACORN-E,Affluent,Std
MAC000637,2,ACORN-E,Affluent,Std
MAC000638,2,ACORN-H,Comfortable,Std
MAC000639,2,ACORN-E,Affluent,Std
MAC000640,2,ACORN-E,Affluent,ToU
MAC000641,0,ACORN-Q,Adversity,ToU
MAC000642,1,ACORN-F,Comfortable,Std
MAC000643,1,ACORN-F,Comfortable,Std
MAC000644,1,ACORN-L,Adversity,Std
MAC000645,2,ACORN-P,Adversity,Std
MAC000646,2,ACORN-E,Affluent,Std
MAC000647,2,ACORN-D,Affluent,Std
MAC000648,2,ACORN-F,Comfortable,Std
MAC000649,2,ACORN-P,Adversity,Std
MAC000650,1,ACORN-F,Comfortable,Std
MAC000651,2,ACORN-E,Affluent,Std
MAC000652,2,ACORN-E,Affluent,Std
MAC000653,2,ACORN-Q,Adversity,ToU
MAC000654,1,ACORN-E,Affluent,Std
MAC000655,2,ACORN-F,Comfortable,Std
MAC000656,1,ACORN-O,Adversity,Std
MAC000657,2,ACORN-Q,Adversity,Std
MAC000658,2,ACORN-L,Adversity,Std
MAC000659,1,ACORN-L,Adversity,Std
MAC000660,2,ACORN-K,Adversity,Std
MAC000661,1,ACORN-F,Comfortable,Std
MAC000662,2,ACORN-L,Adversity,Std
MAC000663,2,ACORN-E,Affluent,Std
MAC000664,1,ACORN-K,Adversity,Std
MAC000665,2,ACORN-E,Affluent,ToU
MAC000666,2,ACORN-E,Affluent,ToU
MAC000667,2,ACORN-M,Adversity,Std
MAC000668,1,ACORN-J,Comfortable,Std
MAC000669,1,ACORN-E,Affluent,Std
MAC000670,1,ACORN-L,Adversity,Std
MAC000671,2,ACORN-F,Comfortable,Std
MAC000672,2,ACORN-E,Affluent,ToU
MAC000673,1,ACORN-E,Affluent,ToU
MAC000674,2,ACORN-M,Adversity,Std
MAC000675,2,ACORN-F,Comfortable,Std
MAC000676,2,ACORN-F,Comfortable,Std
MAC000677,2,ACORN-E,Affluent,Std
MAC000678,2,ACORN-F,Comfortable,Std
MAC000679,2,ACORN-E,Affluent,Std
MAC000680,2,ACORN-L,Adversity,ToU
MAC000681,1,ACORN-E,Affluent,ToU
MAC000682,1,ACORN-H,Comfortable,Std
MAC000683,2,ACORN-Q,Adversity,ToU
MAC000684,2,ACORN-Q,Adversity,Std
MAC000685,2,ACORN-H,Comfortable,Std
MAC000686,1,ACORN-E,Affluent,Std
MAC000687,2,ACORN-K,Adversity,ToU
MAC000688,1,ACORN-H,Comfortable,ToU
MAC000689,1,ACORN-C,Affluent,Std
MAC000690,2,ACORN-Q,Adversity,Std
MAC000691,2,ACORN-G,Comfortable,Std
MAC000692,1,ACORN-D,Affluent,Std
MAC000693,0,ACORN-E,Affluent,Std
MAC000694,2,ACORN-L,Adversity,Std
MAC000695,2,ACORN-Q,Adversity,Std
MAC000696,2,ACORN-Q,Adversity,Std
MAC000697,0,ACORN-E,Affluent,Std
MAC000698,2,ACORN-F,Comfortable,Std
MAC000699,2,ACORN-G,Comfortable,Std
MAC000700,2,ACORN-E,Affluent,Std
MAC000701,2,ACORN-E,Affluent,Std
MAC000702,2,ACORN-Q,Adversity,Std
MAC000703,1,ACORN-Q,Adversity,Std
MAC000704,2,ACORN-Q,Adversity,ToU
MAC000705,2,ACORN-L,Adversity,Std
MAC000706,1,ACORN-E,Affluent,Std
MAC000707,2,ACORN-N,Adversity,Std
MAC000708,2,ACORN-Q,Adversity,ToU
MAC000709,1,ACORN-E,Affluent,ToU
MAC000710,2,ACORN-F,Comfortable,ToU
MAC000711,1,ACORN-Q,Adversity,Std
MAC000712,2,ACORN-L,Adversity,Std
MAC000713,1,ACORN-A,Affluent,Std
MAC000714,2,ACORN-Q,Adversity,Std
MAC000715,1,ACORN-D,Affluent,Std
MAC000716,2,ACORN-E,Affluent,ToU
MAC000717,2,ACORN-Q,Adversity,Std
MAC000718,1,ACORN-Q,Adversity,Std
MAC000719,2,ACORN-E,Affluent,ToU
MAC000720,1,ACORN-K,Adversity,Std
MAC000721,1,ACORN-F,Comfortable,Std
MAC000722,2,ACORN-E,Affluent,ToU
MAC000723,2,ACORN-H,Comfortable,Std
MAC000724,1,ACORN-L,Adversity,Std
MAC000725,2,ACORN-F,Comfortable,ToU
MAC000726,2,ACORN-I,Comfortable,Std
MAC000727,2,ACORN-D,Affluent,Std
MAC000728,1,ACORN-F,Comfortable,ToU
MAC000729,2,ACORN-E,Affluent,Std
MAC000730,1,ACORN-E,Affluent,Std
MAC000731,2,ACORN-L,Adversity,Std
MAC000732,2,ACORN-E,Affluent,Std
MAC000733,2,ACORN-E,Affluent,Std
MAC000734,2,ACORN-K,Adversity,Std
MAC000735,2,ACORN-Q,Adversity,Std
MAC000736,1,ACORN-H,Comfortable,Std
MAC000737,1,ACORN-D,Affluent,Std
MAC000738,2,ACORN-E,Affluent,ToU
MAC000739,2,ACORN-L,Adversity,ToU
MAC000740,2,ACORN-Q,Adversity,Std
MAC000741,2,ACORN-D,Affluent,Std
MAC000742,2,ACORN-E,Affluent,Std
MAC000743,1,ACORN-Q,Adversity,Std
MAC000744,2,ACORN-C,Affluent,Std
MAC000745,2,ACORN-E,Affluent,Std
MAC000746,2,ACORN-Q,Adversity,Std
MAC000747,2,ACORN-E,Affluent,Std
MAC000748,2,ACORN-Q,Adversity,Std
MAC000749,1,ACORN-E,Affluent,Std
MAC000750,1,ACORN-L,Adversity,Std
MAC000751,2,ACORN-K,Adversity,ToU
MAC000752,2,ACORN-Q,Adversity,Std
MAC000753,2,ACORN-E,Affluent,Std
MAC000754,1,ACORN-G,Comfortable,ToU
MAC000755,1,ACORN-E,Affluent,ToU
MAC000756,2,ACORN-E,Affluent,Std
MAC000757,2,ACORN-O,Adversity,Std
MAC000758,2,ACORN-Q,Adversity,Std
MAC000759,2,ACORN-Q,Adversity,ToU
MAC000760,2,ACORN-Q,Adversity,Std
MAC000761,2,ACORN-K,Adversity,Std
MAC000762,2,ACORN-E,Affluent,Std
MAC000763,2,ACORN-L,Adversity,Std
MAC000764,2,ACORN-E,Affluent,Std
MAC000765,2,ACORN-E,Affluent,Std
MAC000766,2,ACORN-E,Affluent,ToU
MAC000767,2,ACORN-E,Affluent,Std
MAC000768,1,ACORN-A,Affluent,Std
MAC000769,2,ACORN-F,Comfortable,Std
MAC000770,2,ACORN-E,Affluent,Std
MAC000771,2,ACORN-Q,Adversity,Std
MAC000772,2,ACORN-E,Affluent,ToU
MAC000773,2,ACORN-H,Comfortable,Std
MAC000774,2,ACORN-E,Affluent,Std
MAC000775,1,ACORN-E,Affluent,ToU
MAC000776,2,ACORN-D,Affluent,Std
MAC000777,2,ACORN-E,Affluent,Std
MAC000778,1,ACORN-A,Affluent,Std
MAC000779,2,ACORN-L,Adversity,Std
MAC000780,1,ACORN-E,Affluent,Std
MAC000781,2,ACORN-Q,Adversity,Std
MAC000782,2,ACORN-E,Affluent,Std
MAC000783,2,ACORN-F,Comfortable,Std
MAC000784,1,ACORN-H,Comfortable,Std
MAC000785,1,ACORN-E,Affluent,ToU
MAC000786,2,ACORN-O,Adversity,Std
MAC000787,1,ACORN-F,Comfortable,Std
MAC000788,2,ACORN-F,Comfortable,Std
MAC000789,2,ACORN-F,Comfortable,ToU
MAC000790,2,ACORN-L,Adversity,Std
MAC000791,1,ACORN-E,Affluent,ToU
MAC000792,2,ACORN-L,Adversity,Std
MAC000793,2,ACORN-J,Comfortable,Std
MAC000794,2,ACORN-F,Comfortable,Std
MAC000795,1,ACORN-F,Comfortable,Std
MAC000796,2,ACORN-Q,Adversity,Std
MAC000797,1,ACORN-A,Affluent,ToU
MAC000798,2,ACORN-C,Affluent,Std
MAC000799,2,ACORN-F,Comfortable,Std
MAC000800,2,ACORN-H,Comfortable,Std
MAC000801,1,ACORN-L,Adversity,ToU
MAC000802,1,ACORN-K,Adversity,Std
MAC000803,2,ACORN-D,Affluent,ToU
MAC000804,2,ACORN-E,Affluent,Std
MAC000805,2,ACORN-J,Comfortable,ToU
MAC000806,1,ACORN-K,Adversity,Std
MAC000807,2,ACORN-J,Comfortable,Std
MAC000808,1,ACORN-D,Affluent,Std
MAC000809,2,ACORN-H,Comfortable,Std
MAC000810,2,ACORN-Q,Adversity,ToU
MAC000811,1,ACORN-K,Adversity,Std
MAC000812,2,ACORN-E,Affluent,Std
MAC000813,2,ACORN-F,Comfortable,Std
MAC000814,2,ACORN-D,Affluent,ToU
MAC000815,2,ACORN-D,Affluent,Std
MAC000816,2,ACORN-A,Affluent,Std
MAC000817,1,ACORN-E,Affluent,ToU
MAC000818,2,ACORN-N,Adversity,Std
MAC000819,2,ACORN-E,Affluent,ToU
MAC000820,2,ACORN-Q,Adversity,Std
MAC000821,2,ACORN-F,Comfortable,ToU
MAC000822,2,ACORN-E,Affluent,ToU
MAC000823,1,ACORN-E,Affluent,Std
MAC000824,1,ACORN-I,Comfortable,Std
MAC000825,1,ACORN-E,Affluent,Std
MAC000826,2,ACORN-F,Comfortable,Std
MAC000827,1,ACORN-K,Adversity,Std
MAC000828,0,ACORN-E,Affluent,ToU
MAC000829,2,ACORN-L,Adversity,Std
MAC000830,1,ACORN-D,Affluent,ToU
MAC000831,1,ACORN-E,Affluent,Std
MAC000832,1,ACORN-K,Adversity,Std
MAC000833,1,ACORN-I,Comfortable,Std
MAC000834,1,ACORN-F,Comfortable,ToU
MAC000835,1,ACORN-G,Comfortable,Std
MAC000836,1,ACORN-Q,Adversity,Std
MAC000837,2,ACORN-E,Affluent,Std
MAC000838,2,ACORN-Q,Adversity,Std
MAC000839,1,ACORN-Q,Adversity,Std
MAC000840,1,ACORN-E,Affluent,Std
MAC000841,2,ACORN-F,Comfortable,ToU
MAC000842,2,ACORN-K,Adversity,Std
MAC000843,2,ACORN-Q,Adversity,Std
MAC000844,1,ACORN-H,Comfortable,Std
MAC000845,2,ACORN-F,Comfortable,ToU
MAC000846,2,ACORN-J,Comfortable,Std
MAC000847,2,ACORN-Q,Adversity,ToU
MAC000848,1,ACORN-E,Affluent,Std
MAC000849,2,ACORN-E,Affluent,Std
MAC000850,1,ACORN-A,Affluent,Std
MAC000851,1,ACORN-E,Affluent,ToU
MAC000852,2,ACORN-K,Adversity,Std
MAC000853,2,ACORN-Q,Adversity,Std
MAC000854,2,ACORN-I,Comfortable,Std
MAC000855,0,ACORN-E,Affluent,Std
MAC000856,1,ACORN-F,Comfortable,Std
MAC000857,2,ACORN-D,Affluent,ToU
MAC000858,1,ACORN-K,Adversity,Std
MAC000859,2,ACORN-F,Comfortable,ToU
MAC000860,2,ACORN-N,Adversity,Std
MAC000861,2,ACORN-E,Affluent,Std
MAC000862,1,ACORN-H,Comfortable,Std
MAC000863,0,ACORN-D,Affluent,Std
MAC000864,2,ACORN-E,Affluent,Std
MAC000865,2,ACORN-L,Adversity,Std
MAC000866,1,ACORN-D,Affluent,Std
MAC000867,1,ACORN-K,Adversity,Std
MAC000868,2,ACORN-E,Affluent,ToU
MAC000869,2,ACORN-P,Adversity,Std
MAC000870,2,ACORN-Q,Adversity,Std
MAC000871,2,ACORN-D,Affluent,Std
MAC000872,2,ACORN-K,Adversity,Std
MAC000873,2,ACORN-P,Adversity,Std
MAC000874,2,ACORN-F,Comfortable,Std
MAC000875,2,ACORN-E,Affluent,Std
MAC000876,1,ACORN-J,Comfortable,Std
MAC000877,2,ACORN-E,Affluent,ToU
MAC000878,2,ACORN-E,Affluent,ToU
MAC000879,1,ACORN-Q,Adversity,ToU
MAC000880,2,ACORN-F,Comfortable,Std
MAC000881,2,ACORN-K,Adversity,Std
MAC000882,2,ACORN-H,Comfortable,Std
MAC000883,1,ACORN-D,Affluent,Std
MAC000884,1,ACORN-D,Affluent,ToU
MAC000885,1,ACORN-J,Comfortable,Std
MAC000886,1,ACORN-A,Affluent,Std
MAC000887,2,ACORN-F,Comfortable,ToU
MAC000888,1,ACORN-D,Affluent,Std
MAC000889,1,ACORN-Q,Adversity,Std
MAC000890,2,ACORN-Q,Adversity,Std
MAC000891,2,ACORN-Q,Adversity,Std
MAC000892,1,ACORN-E,Affluent,Std
MAC000893,2,ACORN-L,Adversity,Std
MAC000894,1,ACORN-Q,Adversity,Std
MAC000895,2,ACORN-E,Affluent,ToU
MAC000896,1,ACORN-E,Affluent,Std
MAC000897,2,ACORN-B,Affluent,Std
MAC000898,2,ACORN-K,Adversity,ToU
MAC000899,1,ACORN-H,Comfortable,Std
MAC000900,2,ACORN-G,Comfortable,Std
MAC000901,2,ACORN-F,Comfortable,ToU
MAC000902,1,ACORN-A,Affluent,Std
MAC000903,2,ACORN-E,Affluent,Std
MAC000904,1,ACORN-F,Comfortable,Std
MAC000905,2,ACORN-E,Affluent,Std
MAC000906,1,ACORN-Q,Adversity,Std
MAC000907,1,ACORN-H,Comfortable,Std
MAC000908,1,ACORN-H,Comfortable,Std
MAC000909,2,ACORN-I,Comfortable,Std
MAC000910,2,ACORN-E,Affluent,ToU
MAC000911,2,ACORN-M,Adversity,Std
MAC000912,2,ACORN-K,Adversity,Std
MAC000913,2,ACORN-N,Adversity,ToU
MAC000914,2,ACORN-H,Comfortable,Std
MAC000915,2,ACORN-Q,Adversity,Std
MAC000916,0,ACORN-E,Affluent,Std
MAC000917,1,ACORN-F,Comfortable,Std
MAC000918,2,ACORN-E,Affluent,Std
MAC000919,2,ACORN-P,Adversity,Std
MAC000920,2,ACORN-F,Comfortable,Std
MAC000921,2,ACORN-Q,Adversity,Std
MAC000922,2,ACORN-F,Comfortable,Std
MAC000923,2,ACORN-M,Adversity,Std
MAC000924,2,ACORN-K,Adversity,ToU
MAC000925,1,ACORN-K,Adversity,Std
MAC000926,2,ACORN-Q,Adversity,Std
MAC000927,1,ACORN-H,Comfortable,Std
MAC000928,2,ACORN-Q,Adversity,Std
MAC000929,1,ACORN-O,Adversity,Std
MAC000930,2,ACORN-N,Adversity,Std
MAC000931,2,ACORN-D,Affluent,ToU
MAC000932,1,ACORN-H,Comfortable,ToU
MAC000933,2,ACORN-F,Comfortable,Std
MAC000934,0,ACORN-F,Comfortable,Std
MAC000935,2,ACORN-E,Affluent,ToU
MAC000936,2,ACORN-E,Affluent,Std
MAC000937,2,ACORN-P,Adversity,ToU
MAC000938,1,ACORN-N,Adversity,ToU
MAC000939,1,ACORN-E,Affluent,ToU
MAC000940,1,ACORN-E,Affluent,Std
MAC000941,1,ACORN-E,Affluent,Std
MAC000942,2,ACORN-E,Affluent,ToU
MAC000943,2,ACORN-Q,Adversity,ToU
MAC000944,2,ACORN-Q,Adversity,ToU
MAC000945,2,ACORN-E,Affluent,ToU
MAC000946,2,ACORN-H,Comfortable,ToU
MAC000947,1,ACORN-Q,Adversity,Std
MAC000948,1,ACORN-A,Affluent,Std
MAC000949,1,ACORN-Q,Adversity,Std
MAC000950,2,ACORN-E,Affluent,Std
MAC000951,1,ACORN-E,Affluent,Std
MAC000952,2,ACORN-Q,Adversity,Std
MAC000953,2,ACORN-L,Adversity,Std
MAC000954,2,ACORN-Q,Adversity,Std
MAC000955,2,ACORN-H,Comfortable,Std
MAC000956,2,ACORN-E,Affluent,Std
MAC000957,1,ACORN-D,Affluent,Std
MAC000958,2,ACORN-E,Affluent,Std
MAC000959,1,ACORN-L,Adversity,Std
MAC000960,2,ACORN-E,Affluent,Std
MAC000961,1,ACORN-Q,Adversity,ToU
MAC000962,2,ACORN-F,Comfortable,Std
MAC000963,1,ACORN-Q,Adversity,Std
MAC000964,2,ACORN-E,Affluent,Std
MAC000965,2,ACORN-H,Comfortable,ToU
MAC000966,0,ACORN-H,Comfortable,Std
MAC000967,2,ACORN-Q,Adversity,Std
MAC000968,2,ACORN-E,Affluent,Std
MAC000969,2,ACORN-F,Comfortable,Std
MAC000970,2,ACORN-J,Comfortable,Std
MAC000971,2,ACORN-Q,Adversity,Std
MAC000972,2,ACORN-E,Affluent,Std
MAC000973,2,ACORN-E,Affluent,Std
MAC000974,2,ACORN-A,Affluent,Std
MAC000975,2,ACORN-E,Affluent,Std
MAC000976,2,ACORN-O,Adversity,ToU
MAC000977,2,ACORN-E,Affluent,Std
MAC000978,2,ACORN-Q,Adversity,Std
MAC000979,2,ACORN-L,Adversity,Std
MAC000980,2,ACORN-F,Comfortable,Std
MAC000981,1,ACORN-Q,Adversity,Std
MAC000982,2,ACORN-E,Affluent,ToU
MAC000983,1,ACORN-D,Affluent,Std
MAC000984,2,ACORN-F,Comfortable,Std
MAC000985,0,ACORN-D,Affluent,ToU
MAC000986,1,ACORN-F,Comfortable,Std
MAC000987,1,ACORN-J,Comfortable,Std
MAC000988,2,ACORN-F,Comfortable,Std
MAC000989,2,ACORN-Q,Adversity,Std
MAC000990,1,ACORN-E,Affluent,Std
MAC000991,2,ACORN-E,Affluent,ToU
MAC000992,1,ACORN-F,Comfortable,Std
MAC000993,2,ACORN-E,Affluent,ToU
MAC000994,2,ACORN-E,Affluent,ToU
MAC000995,1,ACORN-H,Comfortable,Std
MAC000996,1,ACORN-F,Comfortable,Std
MAC000997,2,ACORN-Q,Adversity,Std
MAC000998,2,ACORN-H,Comfortable,Std
MAC000999,2,ACORN-P,Adversity,ToU
MAC001000,2,ACORN-D,Affluent,Std
MAC001001,2,ACORN-E,Affluent,Std
MAC001002,2,ACORN-Q,Adversity,Std
MAC001003,2,ACORN-Q,Adversity,Std
MAC001004,0,ACORN-E,Affluent,ToU
MAC001005,2,ACORN-K,Adversity,Std
MAC001006,2,ACORN-L,Adversity,Std
MAC001007,2,ACORN-Q,Adversity,Std
MAC001008,2,ACORN-Q,Adversity,Std
MAC001009,0,ACORN-H,Comfortable,Std
MAC001010,2,ACORN-L,Adversity,Std
MAC001011,1,ACORN-E,Affluent,Std
MAC001012,2,ACORN-G,Comfortable,ToU
MAC001013,2,ACORN-E,Affluent,ToU
MAC001014,0,ACORN-E,Affluent,ToU
MAC001015,2,ACORN-E,Affluent,ToU
MAC001016,2,ACORN-H,Comfortable,ToU
MAC001017,2,ACORN-N,Adversity,Std
MAC001018,2,ACORN-Q,Adversity,Std
MAC001019,2,ACORN-F,Comfortable,Std
MAC001020,1,ACORN-Q,Adversity,Std
MAC001021,2,ACORN-F,Comfortable,Std
MAC001022,2,ACORN-E,Affluent,Std
MAC001023,2,ACORN-F,Comfortable,ToU
MAC001024,2,ACORN-E,Affluent,ToU
MAC001025,2,ACORN-F,Comfortable,ToU
MAC001026,2,ACORN-N,Adversity,Std
MAC001027,2,ACORN-E,Affluent,Std
MAC001028,1,ACORN-F,Comfortable,Std
MAC001029,1,ACORN-E,Affluent,Std
MAC001030,2,ACORN-E,Affluent,ToU
MAC001031,1,ACORN-Q,Adversity,Std
MAC001032,1,ACORN-E,Affluent,Std
MAC001033,1,ACORN-F,Comfortable,ToU
MAC001034,2,ACORN-N,Adversity,ToU
MAC001035,2,ACORN-Q,Adversity,Std
MAC001036,0,ACORN-G,Comfortable,Std
MAC001037,2,ACORN-Q,Adversity,Std
MAC001038,2,ACORN-Q,Adversity,Std
MAC001039,2,ACORN-E,Affluent,Std
MAC001040,1,ACORN-Q,Adversity,Std
MAC001041,2,ACORN-Q,Adversity,Std
MAC001042,2,ACORN-E,Affluent,Std
MAC001043,2,ACORN-E,Affluent,Std
MAC001044,1,ACORN-H,Comfortable,Std
MAC001045,2,ACORN-H,Comfortable,Std
MAC001046,1,ACORN-M,Adversity,Std
MAC001047,2,ACORN-Q,Adversity,Std
MAC001048,1,ACORN-Q,Adversity,Std
MAC001049,2,ACORN-Q,Adversity,Std
MAC001050,1,ACORN-Q,Adversity,Std
MAC001051,2,ACORN-Q,Adversity,Std
MAC001052,1,ACORN-E,Affluent,Std
MAC001053,2,ACORN-E,Affluent,Std
MAC001054,1,ACORN-K,Adversity,Std
MAC001055,2,ACORN-F,Comfortable,Std
MAC001056,2,ACORN-E,Affluent,Std
MAC001057,2,ACORN-L,Adversity,ToU
MAC001058,2,ACORN-P,Adversity,Std
MAC001059,2,ACORN-M,Adversity,Std
MAC001060,1,ACORN-E,Affluent,Std
MAC001061,2,ACORN-K,Adversity,Std
MAC001062,2,ACORN-Q,Adversity,Std
MAC001063,2,ACORN-K,Adversity,Std
MAC001064,2,ACORN-C,Affluent,ToU
MAC001065,2,ACORN-K,Adversity,Std
MAC001066,1,ACORN-E,Affluent,Std
MAC001067,2,ACORN-Q,Adversity,Std
MAC001068,2,ACORN-K,Adversity,Std
MAC001069,2,ACORN-G,Comfortable,Std
MAC001070,1,ACORN-D,Affluent,Std
MAC001071,2,ACORN-G,Comfortable,Std
MAC001072,2,ACORN-P,Adversity,Std
MAC001073,2,ACORN-E,Affluent,Std
MAC001074,1,ACORN-,ACORN-,ToU
MAC001075,2,ACORN-E,Affluent,ToU
MAC001076,1,ACORN-H,Comfortable,Std
MAC001077,2,ACORN-E,Affluent,Std
MAC001078,1,ACORN-F,Comfortable,Std
MAC001079,2,ACORN-F,Comfortable,Std
MAC001080,2,ACORN-F,Comfortable,Std
MAC001081,1,ACORN-E,Affluent,Std
MAC001082,2,ACORN-E,Affluent,Std
MAC001083,2,ACORN-Q,Adversity,Std
MAC001084,2,ACORN-F,Comfortable,Std
MAC001085,1,ACORN-K,Adversity,Std
MAC001086,2,ACORN-Q,Adversity,Std
MAC001087,1,ACORN-E,Affluent,ToU
MAC001088,2,ACORN-H,Comfortable,Std
MAC001089,2,ACORN-Q,Adversity,Std
MAC001090,1,ACORN-F,Comfortable,Std
MAC001091,2,ACORN-H,Comfortable,ToU
MAC001092,2,ACORN-Q,Adversity,ToU
MAC001093,1,ACORN-H,Comfortable,Std
MAC001094,2,ACORN-Q,Adversity,Std
MAC001095,1,ACORN-M,Adversity,Std
MAC001096,2,ACORN-E,Affluent,ToU
MAC001097,2,ACORN-E,Affluent,ToU
MAC001098,1,ACORN-D,Affluent,Std
MAC001099,1,ACORN-E,Affluent,Std
MAC001100,2,ACORN-Q,Adversity,Std
MAC001101,2,ACORN-P,Adversity,Std
MAC001102,2,ACORN-Q,Adversity,ToU
MAC001103,2,ACORN-F,Comfortable,ToU
MAC001104,1,ACORN-K,Adversity,Std
MAC001105,2,ACORN-E,Affluent,ToU
MAC001106,2,ACORN-Q,Adversity,Std
MAC001107,1,ACORN-E,Affluent,ToU
MAC001108,2,ACORN-E,Affluent,ToU
MAC001109,1,ACORN-E,Affluent,Std
MAC001110,1,ACORN-E,Affluent,ToU
MAC001111,2,ACORN-E,Affluent,Std
MAC001112,2,ACORN-L,Adversity,Std
MAC001113,2,ACORN-L,Adversity,Std
MAC001114,2,ACORN-L,Adversity,Std
MAC001115,2,ACORN-E,Affluent,Std
MAC001116,1,ACORN-D,Affluent,ToU
MAC001117,2,ACORN-E,Affluent,Std
MAC001118,2,ACORN-H,Comfortable,ToU
MAC001119,2,ACORN-N,Adversity,Std
MAC001120,2,ACORN-H,Comfortable,Std
MAC001121,2,ACORN-F,Comfortable,Std
MAC001122,1,ACORN-Q,Adversity,Std
MAC001123,1,ACORN-E,Affluent,Std
MAC001124,1,ACORN-F,Comfortable,Std
MAC001125,1,ACORN-F,Comfortable,Std
MAC001126,2,ACORN-K,Adversity,Std
MAC001127,2,ACORN-L,Adversity,Std
MAC001128,2,ACORN-Q,Adversity,Std
MAC001129,2,ACORN-Q,Adversity,ToU
MAC001130,2,ACORN-E,Affluent,Std
MAC001131,2,ACORN-Q,Adversity,Std
MAC001132,1,ACORN-Q,Adversity,ToU
MAC001133,1,ACORN-O,Adversity,ToU
MAC001134,2,ACORN-E,Affluent,Std
MAC001135,2,ACORN-D,Affluent,Std
MAC001136,2,ACORN-F,Comfortable,ToU
MAC001137,1,ACORN-Q,Adversity,Std
MAC001138,1,ACORN-E,Affluent,Std
MAC001139,2,ACORN-F,Comfortable,Std
MAC001140,2,ACORN-C,Affluent,Std
MAC001141,2,ACORN-F,Comfortable,ToU
MAC001142,2,ACORN-E,Affluent,ToU
MAC001143,2,ACORN-E,Affluent,ToU
MAC001144,2,ACORN-E,Affluent,Std
MAC001145,0,ACORN-A,Affluent,Std
MAC001146,2,ACORN-Q,Adversity,Std
MAC001147,2,ACORN-U,ACORN-U,ToU
MAC001148,2,ACORN-E,Affluent,Std
MAC001149,2,ACORN-E,Affluent,Std
MAC001151,2,ACORN-H,Comfortable,Std
MAC001152,1,ACORN-E,Affluent,Std
MAC001153,2,ACORN-Q,Adversity,Std
MAC001154,2,ACORN-E,Affluent,Std
MAC001155,2,ACORN-H,Comfortable,Std
MAC001156,2,ACORN-Q,Adversity,ToU
MAC001157,2,ACORN-D,Affluent,Std
MAC001158,2,ACORN-E,Affluent,Std
MAC001159,2,ACORN-L,Adversity,Std
MAC001160,0,ACORN-E,Affluent,Std
MAC001161,2,ACORN-E,Affluent,Std
MAC001162,2,ACORN-Q,Adversity,Std
MAC001163,2,ACORN-E,Affluent,Std
MAC001164,1,ACORN-E,Affluent,Std
MAC001165,2,ACORN-P,Adversity,ToU
MAC001166,2,ACORN-D,Affluent,ToU
MAC001167,2,ACORN-O,Adversity,Std
MAC001168,1,ACORN-Q,Adversity,Std
MAC001169,2,ACORN-F,Comfortable,ToU
MAC001170,2,ACORN-F,Comfortable,Std
MAC001171,1,ACORN-H,Comfortable,Std
MAC001172,2,ACORN-J,Comfortable,Std
MAC001173,2,ACORN-E,Affluent,Std
MAC001174,1,ACORN-L,Adversity,Std
MAC001175,2,ACORN-E,Affluent,Std
MAC001176,2,ACORN-Q,Adversity,Std
MAC001177,2,ACORN-P,Adversity,Std
MAC001178,2,ACORN-K,Adversity,Std
MAC001179,1,ACORN-Q,Adversity,ToU
MAC001180,2,ACORN-E,Affluent,Std
MAC001181,2,ACORN-E,Affluent,Std
MAC001182,2,ACORN-E,Affluent,ToU
MAC001183,1,ACORN-L,Adversity,Std
MAC001184,2,ACORN-E,Affluent,Std
MAC001185,2,ACORN-M,Adversity,Std
MAC001186,2,ACORN-F,Comfortable,Std
MAC001187,2,ACORN-L,Adversity,Std
MAC001188,2,ACORN-Q,Adversity,Std
MAC001189,2,ACORN-E,Affluent,Std
MAC001190,2,ACORN-Q,Adversity,Std
MAC001191,2,ACORN-E,Affluent,Std
MAC001192,1,ACORN-M,Adversity,Std
MAC001193,2,ACORN-Q,Adversity,Std
MAC001194,2,ACORN-E,Affluent,Std
MAC001195,1,ACORN-K,Adversity,Std
MAC001196,1,ACORN-E,Affluent,Std
MAC001197,2,ACORN-F,Comfortable,Std
MAC001198,0,ACORN-E,Affluent,Std
MAC001199,2,ACORN-E,Affluent,Std
MAC001200,2,ACORN-F,Comfortable,Std
MAC001201,2,ACORN-I,Comfortable,Std
MAC001202,0,ACORN-E,Affluent,ToU
MAC001203,1,ACORN-E,Affluent,Std
MAC001204,2,ACORN-Q,Adversity,Std
MAC001205,1,ACORN-N,Adversity,Std
MAC001206,2,ACORN-E,Affluent,ToU
MAC001207,2,ACORN-Q,Adversity,Std
MAC001208,2,ACORN-F,Comfortable,Std
MAC001209,2,ACORN-E,Affluent,ToU
MAC001210,2,ACORN-F,Comfortable,Std
MAC001211,1,ACORN-F,Comfortable,Std
MAC001212,2,ACORN-N,Adversity,Std
MAC001213,2,ACORN-Q,Adversity,Std
MAC001214,1,ACORN-F,Comfortable,Std
MAC001215,0,ACORN-E,Affluent,Std
MAC001216,2,ACORN-F,Comfortable,Std
MAC001217,2,ACORN-F,Comfortable,Std
MAC001218,2,ACORN-Q,Adversity,Std
MAC001219,1,ACORN-C,Affluent,ToU
MAC001220,1,ACORN-H,Comfortable,Std
MAC001221,1,ACORN-D,Affluent,Std
MAC001222,2,ACORN-Q,Adversity,ToU
MAC001223,2,ACORN-E,Affluent,Std
MAC001224,0,ACORN-E,Affluent,Std
MAC001225,2,ACORN-K,Adversity,Std
MAC001226,2,ACORN-Q,Adversity,Std
MAC001227,1,ACORN-G,Comfortable,Std
MAC001228,2,ACORN-F,Comfortable,ToU
MAC001229,2,ACORN-H,Comfortable,Std
MAC001230,2,ACORN-Q,Adversity,Std
MAC001231,2,ACORN-Q,Adversity,Std
MAC001232,2,ACORN-D,Affluent,ToU
MAC001233,2,ACORN-H,Comfortable,Std
MAC001234,2,ACORN-Q,Adversity,Std
MAC001235,1,ACORN-D,Affluent,Std
MAC001236,2,ACORN-E,Affluent,Std
MAC001237,2,ACORN-Q,Adversity,Std
MAC001238,2,ACORN-Q,Adversity,Std
MAC001239,1,ACORN-A,Affluent,Std
MAC001240,1,ACORN-H,Comfortable,Std
MAC001241,2,ACORN-E,Affluent,Std
MAC001242,2,ACORN-F,Comfortable,Std
MAC001243,2,ACORN-Q,Adversity,Std
MAC001244,2,ACORN-N,Adversity,Std
MAC001245,1,ACORN-E,Affluent,ToU
MAC001246,2,ACORN-J,Comfortable,ToU
MAC001247,2,ACORN-Q,Adversity,Std
MAC001248,2,ACORN-F,Comfortable,Std
MAC001249,2,ACORN-F,Comfortable,Std
MAC001250,1,ACORN-J,Comfortable,Std
MAC001251,1,ACORN-A,Affluent,Std
MAC001252,0,ACORN-E,Affluent,Std
MAC001253,2,ACORN-G,Comfortable,Std
MAC001254,2,ACORN-P,Adversity,ToU
MAC001255,1,ACORN-D,Affluent,Std
MAC001256,2,ACORN-U,ACORN-U,Std
MAC001257,2,ACORN-Q,Adversity,Std
MAC001258,0,ACORN-D,Affluent,Std
MAC001259,2,ACORN-I,Comfortable,Std
MAC001260,2,ACORN-E,Affluent,Std
MAC001261,2,ACORN-H,Comfortable,Std
MAC001262,2,ACORN-F,Comfortable,Std
MAC001263,2,ACORN-J,Comfortable,Std
MAC001264,2,ACORN-F,Comfortable,ToU
MAC001265,1,ACORN-F,Comfortable,Std
MAC001266,2,ACORN-Q,Adversity,Std
MAC001267,2,ACORN-P,Adversity,Std
MAC001268,2,ACORN-F,Comfortable,Std
MAC001269,2,ACORN-Q,Adversity,Std
MAC001270,2,ACORN-F,Comfortable,ToU
MAC001271,1,ACORN-A,Affluent,Std
MAC001272,2,ACORN-H,Comfortable,Std
MAC001273,2,ACORN-N,Adversity,Std
MAC001274,2,ACORN-E,Affluent,ToU
MAC001275,2,ACORN-Q,Adversity,Std
MAC001276,1,ACORN-E,Affluent,Std
MAC001277,2,ACORN-E,Affluent,Std
MAC001278,2,ACORN-I,Comfortable,Std
MAC001279,2,ACORN-E,Affluent,ToU
MAC001280,2,ACORN-F,Comfortable,Std
MAC001281,2,ACORN-F,Comfortable,ToU
MAC001282,2,ACORN-Q,Adversity,Std
MAC001283,1,ACORN-E,Affluent,Std
MAC001284,2,ACORN-E,Affluent,Std
MAC001285,2,ACORN-N,Adversity,ToU
MAC001286,1,ACORN-K,Adversity,Std
MAC001287,2,ACORN-E,Affluent,Std
MAC001288,2,ACORN-H,Comfortable,Std
MAC001289,2,ACORN-Q,Adversity,Std
MAC001290,2,ACORN-F,Comfortable,ToU
MAC001291,2,ACORN-O,Adversity,Std
MAC001292,2,ACORN-I,Comfortable,Std
MAC001293,2,ACORN-Q,Adversity,Std
MAC001294,2,ACORN-E,Affluent,Std
MAC001295,1,ACORN-H,Comfortable,Std
MAC001296,2,ACORN-F,Comfortable,Std
MAC001297,2,ACORN-H,Comfortable,ToU
MAC001298,2,ACORN-Q,Adversity,Std
MAC001299,1,ACORN-E,Affluent,ToU
MAC001300,1,ACORN-F,Comfortable,Std
MAC001301,2,ACORN-F,Comfortable,Std
MAC001302,2,ACORN-H,Comfortable,Std
MAC001303,2,ACORN-E,Affluent,ToU
MAC001304,1,ACORN-E,Affluent,Std
MAC001305,2,ACORN-E,Affluent,ToU
MAC001306,1,ACORN-H,Comfortable,Std
MAC001307,2,ACORN-L,Adversity,Std
MAC001308,2,ACORN-F,Comfortable,Std
MAC001309,2,ACORN-K,Adversity,Std
MAC001310,1,ACORN-F,Comfortable,Std
MAC001311,1,ACORN-E,Affluent,Std
MAC001312,2,ACORN-F,Comfortable,Std
MAC001313,2,ACORN-C,Affluent,Std
MAC001314,2,ACORN-Q,Adversity,Std
MAC001315,0,ACORN-E,Affluent,Std
MAC001316,2,ACORN-Q,Adversity,Std
MAC001317,2,ACORN-H,Comfortable,Std
MAC001318,2,ACORN-Q,Adversity,ToU
MAC001319,2,ACORN-E,Affluent,ToU
MAC001320,2,ACORN-E,Affluent,Std
MAC001321,2,ACORN-E,Affluent,Std
MAC001322,2,ACORN-H,Comfortable,ToU
MAC001323,1,ACORN-L,Adversity,Std
MAC001324,1,ACORN-L,Adversity,Std
MAC001325,2,ACORN-E,Affluent,Std
MAC001326,2,ACORN-N,Adversity,Std
MAC001327,2,ACORN-F,Comfortable,Std
MAC001328,2,ACORN-E,Affluent,Std
MAC001329,2,ACORN-E,Affluent,Std
MAC001330,1,ACORN-Q,Adversity,Std
MAC001331,2,ACORN-Q,Adversity,Std
MAC001332,2,ACORN-E,Affluent,Std
MAC001333,2,ACORN-E,Affluent,Std
MAC001334,2,ACORN-Q,Adversity,Std
MAC001335,2,ACORN-G,Comfortable,ToU
MAC001336,1,ACORN-K,Adversity,ToU
MAC001337,2,ACORN-E,Affluent,Std
MAC001338,1,ACORN-K,Adversity,Std
MAC001339,2,ACORN-M,Adversity,Std
MAC001340,2,ACORN-N,Adversity,Std
MAC001341,1,ACORN-L,Adversity,Std
MAC001342,2,ACORN-Q,Adversity,Std
MAC001343,2,ACORN-Q,Adversity,ToU
MAC001344,2,ACORN-E,Affluent,Std
MAC001345,2,ACORN-Q,Adversity,Std
MAC001346,2,ACORN-Q,Adversity,Std
MAC001347,2,ACORN-E,Affluent,Std
MAC001348,1,ACORN-U,ACORN-U,Std
MAC001349,2,ACORN-P,Adversity,Std
MAC001350,1,ACORN-E,Affluent,Std
MAC001351,2,ACORN-Q,Adversity,ToU
MAC001352,1,ACORN-D,Affluent,ToU
MAC001353,2,ACORN-E,Affluent,Std
MAC001354,1,ACORN-G,Comfortable,Std
MAC001355,1,ACORN-M,Adversity,Std
MAC001356,2,ACORN-H,Comfortable,Std
MAC001357,1,ACORN-H,Comfortable,Std
MAC001358,1,ACORN-E,Affluent,Std
MAC001359,2,ACORN-D,Affluent,Std
MAC001360,2,ACORN-E,Affluent,ToU
MAC001361,2,ACORN-E,Affluent,Std
MAC001362,2,ACORN-P,Adversity,Std
MAC001363,2,ACORN-E,Affluent,Std
MAC001364,1,ACORN-N,Adversity,ToU
MAC001365,2,ACORN-Q,Adversity,Std
MAC001366,2,ACORN-E,Affluent,ToU
MAC001367,2,ACORN-E,Affluent,Std
MAC001368,2,ACORN-F,Comfortable,Std
MAC001369,2,ACORN-J,Comfortable,ToU
MAC001370,2,ACORN-D,Affluent,Std
MAC001371,1,ACORN-C,Affluent,Std
MAC001372,2,ACORN-F,Comfortable,ToU
MAC001373,2,ACORN-L,Adversity,Std
MAC001374,2,ACORN-E,Affluent,Std
MAC001375,2,ACORN-Q,Adversity,Std
MAC001376,1,ACORN-E,Affluent,Std
MAC001377,1,ACORN-F,Comfortable,Std
MAC001378,2,ACORN-E,Affluent,Std
MAC001379,2,ACORN-P,Adversity,Std
MAC001380,1,ACORN-N,Adversity,Std
MAC001381,1,ACORN-Q,Adversity,Std
MAC001382,2,ACORN-F,Comfortable,Std
MAC001383,2,ACORN-Q,Adversity,ToU
MAC001384,2,ACORN-E,Affluent,Std
MAC001385,2,ACORN-P,Adversity,Std
MAC001386,2,ACORN-E,Affluent,ToU
MAC001387,2,ACORN-E,Affluent,Std
MAC001388,2,ACORN-M,Adversity,Std
MAC001389,2,ACORN-Q,Adversity,Std
MAC001390,1,ACORN-F,Comfortable,Std
MAC001391,2,ACORN-F,Comfortable,Std
MAC001392,2,ACORN-M,Adversity,Std
MAC001393,1,ACORN-G,Comfortable,Std
MAC001394,2,ACORN-Q,Adversity,Std
MAC001395,1,ACORN-C,Affluent,Std
MAC001396,2,ACORN-G,Comfortable,Std
MAC001397,2,ACORN-K,Adversity,Std
MAC001398,1,ACORN-Q,Adversity,Std
MAC001399,2,ACORN-H,Comfortable,Std
MAC001400,1,ACORN-Q,Adversity,Std
MAC001401,2,ACORN-C,Affluent,Std
MAC001402,2,ACORN-D,Affluent,ToU
MAC001403,2,ACORN-F,Comfortable,Std
MAC001404,1,ACORN-E,Affluent,Std
MAC001405,2,ACORN-E,Affluent,ToU
MAC001406,2,ACORN-Q,Adversity,Std
MAC001407,1,ACORN-E,Affluent,ToU
MAC001408,1,ACORN-H,Comfortable,Std
MAC001409,2,ACORN-N,Adversity,Std
MAC001410,2,ACORN-B,Affluent,ToU
MAC001411,1,ACORN-E,Affluent,Std
MAC001412,2,ACORN-E,Affluent,Std
MAC001413,2,ACORN-Q,Adversity,ToU
MAC001414,2,ACORN-E,Affluent,ToU
MAC001415,2,ACORN-K,Adversity,Std
MAC001416,1,ACORN-E,Affluent,Std
MAC001417,2,ACORN-L,Adversity,ToU
MAC001418,2,ACORN-Q,Adversity,Std
MAC001419,2,ACORN-G,Comfortable,Std
MAC001420,2,ACORN-D,Affluent,ToU
MAC001421,2,ACORN-Q,Adversity,ToU
MAC001422,2,ACORN-F,Comfortable,Std
MAC001423,2,ACORN-L,Adversity,Std
MAC001424,2,ACORN-E,Affluent,Std
MAC001425,1,ACORN-D,Affluent,Std
MAC001426,2,ACORN-Q,Adversity,Std
MAC001427,2,ACORN-F,Comfortable,Std
MAC001428,2,ACORN-Q,Adversity,Std
MAC001429,1,ACORN-E,Affluent,ToU
MAC001430,1,ACORN-E,Affluent,Std
MAC001431,2,ACORN-Q,Adversity,ToU
MAC001432,2,ACORN-F,Comfortable,Std
MAC001433,2,ACORN-E,Affluent,Std
MAC001434,2,ACORN-E,Affluent,Std
MAC001435,2,ACORN-N,Adversity,ToU
MAC001436,2,ACORN-E,Affluent,Std
MAC001437,2,ACORN-D,Affluent,ToU
MAC001438,2,ACORN-G,Comfortable,Std
MAC001439,2,ACORN-Q,Adversity,Std
MAC001440,2,ACORN-L,Adversity,ToU
MAC001441,2,ACORN-Q,Adversity,Std
MAC001442,1,ACORN-E,Affluent,Std
MAC001443,1,ACORN-E,Affluent,Std
MAC001444,2,ACORN-H,Comfortable,Std
MAC001445,1,ACORN-E,Affluent,Std
MAC001446,2,ACORN-I,Comfortable,Std
MAC001447,2,ACORN-F,Comfortable,ToU
MAC001448,2,ACORN-B,Affluent,Std
MAC001449,2,ACORN-Q,Adversity,ToU
MAC001450,1,ACORN-F,Comfortable,Std
MAC001451,1,ACORN-E,Affluent,Std
MAC001452,2,ACORN-E,Affluent,Std
MAC001453,2,ACORN-H,Comfortable,Std
MAC001454,2,ACORN-E,Affluent,Std
MAC001455,2,ACORN-Q,Adversity,Std
MAC001456,2,ACORN-M,Adversity,Std
MAC001457,2,ACORN-E,Affluent,Std
MAC001458,2,ACORN-F,Comfortable,Std
MAC001459,2,ACORN-Q,Adversity,Std
MAC001460,2,ACORN-Q,Adversity,Std
MAC001461,1,ACORN-E,Affluent,Std
MAC001462,2,ACORN-H,Comfortable,Std
MAC001463,1,ACORN-F,Comfortable,Std
MAC001464,2,ACORN-L,Adversity,Std
MAC001465,1,ACORN-C,Affluent,Std
MAC001466,2,ACORN-F,Comfortable,ToU
MAC001467,1,ACORN-K,Adversity,Std
MAC001468,2,ACORN-O,Adversity,Std
MAC001469,0,ACORN-E,Affluent,Std
MAC001470,1,ACORN-E,Affluent,ToU
MAC001471,1,ACORN-C,Affluent,ToU
MAC001472,2,ACORN-M,Adversity,Std
MAC001473,2,ACORN-G,Comfortable,Std
MAC001474,2,ACORN-L,Adversity,Std
MAC001475,2,ACORN-E,Affluent,ToU
MAC001476,2,ACORN-M,Adversity,Std
MAC001477,1,ACORN-E,Affluent,ToU
MAC001478,2,ACORN-E,Affluent,Std
MAC001479,0,ACORN-E,Affluent,Std
MAC001480,2,ACORN-N,Adversity,ToU
MAC001481,2,ACORN-F,Comfortable,Std
MAC001482,2,ACORN-E,Affluent,ToU
MAC001483,2,ACORN-Q,Adversity,Std
MAC001484,1,ACORN-N,Adversity,Std
MAC001485,2,ACORN-N,Adversity,Std
MAC001486,1,ACORN-K,Adversity,Std
MAC001487,2,ACORN-E,Affluent,ToU
MAC001488,2,ACORN-C,Affluent,Std
MAC001489,2,ACORN-Q,Adversity,Std
MAC001490,2,ACORN-F,Comfortable,Std
MAC001491,1,ACORN-F,Comfortable,Std
MAC001492,2,ACORN-F,Comfortable,Std
MAC001493,1,ACORN-K,Adversity,Std
MAC001494,2,ACORN-H,Comfortable,Std
MAC001495,0,ACORN-D,Affluent,ToU
MAC001496,2,ACORN-Q,Adversity,Std
MAC001497,2,ACORN-H,Comfortable,Std
MAC001498,2,ACORN-E,Affluent,Std
MAC001499,1,ACORN-E,Affluent,Std
MAC001500,2,ACORN-E,Affluent,Std
MAC001501,2,ACORN-E,Affluent,Std
MAC001502,1,ACORN-D,Affluent,Std
MAC001503,2,ACORN-Q,Adversity,Std
MAC001504,2,ACORN-E,Affluent,Std
MAC001505,2,ACORN-K,Adversity,ToU
MAC001506,1,ACORN-E,Affluent,Std
MAC001507,1,ACORN-H,Comfortable,Std
MAC001508,2,ACORN-F,Comfortable,ToU
MAC001509,2,ACORN-Q,Adversity,ToU
MAC001510,1,ACORN-A,Affluent,Std
MAC001511,2,ACORN-L,Adversity,Std
MAC001512,2,ACORN-L,Adversity,ToU
MAC001513,2,ACORN-E,Affluent,Std
MAC001514,0,ACORN-E,Affluent,Std
MAC001515,2,ACORN-F,Comfortable,Std
MAC001516,1,ACORN-E,Affluent,Std
MAC001517,2,ACORN-E,Affluent,Std
MAC001518,1,ACORN-D,Affluent,Std
MAC001519,2,ACORN-E,Affluent,Std
MAC001520,2,ACORN-L,Adversity,Std
MAC001521,1,ACORN-E,Affluent,Std
MAC001522,1,ACORN-E,Affluent,Std
MAC001523,1,ACORN-F,Comfortable,Std
MAC001524,1,ACORN-N,Adversity,Std
MAC001525,2,ACORN-H,Comfortable,Std
MAC001526,2,ACORN-E,Affluent,Std
MAC001527,2,ACORN-Q,Adversity,Std
MAC001528,1,ACORN-A,Affluent,Std
MAC001529,2,ACORN-E,Affluent,ToU
MAC001530,2,ACORN-O,Adversity,Std
MAC001531,2,ACORN-J,Comfortable,Std
MAC001532,2,ACORN-E,Affluent,Std
MAC001533,2,ACORN-A,Affluent,Std
MAC001534,1,ACORN-E,Affluent,Std
MAC001535,2,ACORN-F,Comfortable,Std
MAC001536,2,ACORN-L,Adversity,ToU
MAC001537,1,ACORN-E,Affluent,Std
MAC001538,1,ACORN-I,Comfortable,ToU
MAC001539,1,ACORN-D,Affluent,Std
MAC001540,2,ACORN-Q,Adversity,Std
MAC001541,1,ACORN-E,Affluent,Std
MAC001542,2,ACORN-F,Comfortable,ToU
MAC001543,2,ACORN-F,Comfortable,Std
MAC001544,1,ACORN-C,Affluent,Std
MAC001545,2,ACORN-Q,Adversity,Std
MAC001546,2,ACORN-Q,Adversity,Std
MAC001547,2,ACORN-E,Affluent,ToU
MAC001548,1,ACORN-F,Comfortable,Std
MAC001549,2,ACORN-Q,Adversity,Std
MAC001550,1,ACORN-M,Adversity,Std
MAC001551,2,ACORN-N,Adversity,Std
MAC001552,2,ACORN-D,Affluent,Std
MAC001553,2,ACORN-C,Affluent,Std
MAC001554,2,ACORN-Q,Adversity,ToU
MAC001555,2,ACORN-N,Adversity,Std
MAC001556,1,ACORN-E,Affluent,ToU
MAC001557,2,ACORN-Q,Adversity,Std
MAC001558,2,ACORN-Q,Adversity,Std
MAC001559,2,ACORN-J,Comfortable,ToU
MAC001560,2,ACORN-Q,Adversity,Std
MAC001561,1,ACORN-D,Affluent,Std
MAC001562,1,ACORN-E,Affluent,Std
MAC001563,1,ACORN-F,Comfortable,Std
MAC001564,1,ACORN-E,Affluent,ToU
MAC001565,2,ACORN-Q,Adversity,Std
MAC001566,2,ACORN-G,Comfortable,ToU
MAC001567,1,ACORN-L,Adversity,Std
MAC001568,2,ACORN-J,Comfortable,Std
MAC001569,1,ACORN-F,Comfortable,Std
MAC001570,1,ACORN-F,Comfortable,Std
MAC001571,0,ACORN-E,Affluent,Std
MAC001572,2,ACORN-E,Affluent,Std
MAC001573,2,ACORN-F,Comfortable,Std
MAC001574,2,ACORN-Q,Adversity,Std
MAC001575,1,ACORN-E,Affluent,Std
MAC001576,0,ACORN-E,Affluent,ToU
MAC001577,2,ACORN-E,Affluent,Std
MAC001578,2,ACORN-K,Adversity,Std
MAC001579,1,ACORN-C,Affluent,Std
MAC001580,1,ACORN-D,Affluent,Std
MAC001581,2,ACORN-K,Adversity,Std
MAC001582,2,ACORN-Q,Adversity,Std
MAC001583,1,ACORN-Q,Adversity,Std
MAC001584,2,ACORN-D,Affluent,Std
MAC001585,2,ACORN-G,Comfortable,Std
MAC001586,2,ACORN-L,Adversity,ToU
MAC001587,1,ACORN-F,Comfortable,Std
MAC001588,1,ACORN-L,Adversity,Std
MAC001589,2,ACORN-E,Affluent,Std
MAC001590,0,ACORN-E,Affluent,ToU
MAC001591,2,ACORN-H,Comfortable,Std
MAC001592,2,ACORN-G,Comfortable,Std
MAC001593,2,ACORN-N,Adversity,Std
MAC001594,1,ACORN-Q,Adversity,Std
MAC001595,2,ACORN-E,Affluent,Std
MAC001596,2,ACORN-E,Affluent,ToU
MAC001597,2,ACORN-L,Adversity,ToU
MAC001598,1,ACORN-Q,Adversity,Std
MAC001599,2,ACORN-F,Comfortable,Std
MAC001600,2,ACORN-U,ACORN-U,Std
MAC001601,1,ACORN-F,Comfortable,Std
MAC001602,2,ACORN-F,Comfortable,ToU
MAC001603,0,ACORN-Q,Adversity,Std
MAC001604,1,ACORN-M,Adversity,Std
MAC001605,2,ACORN-J,Comfortable,Std
MAC001606,2,ACORN-E,Affluent,Std
MAC001607,2,ACORN-N,Adversity,Std
MAC001608,1,ACORN-L,Adversity,Std
MAC001609,2,ACORN-E,Affluent,Std
MAC001610,2,ACORN-E,Affluent,ToU
MAC001611,1,ACORN-M,Adversity,Std
MAC001612,2,ACORN-D,Affluent,ToU
MAC001613,1,ACORN-D,Affluent,Std
MAC001614,2,ACORN-D,Affluent,ToU
MAC001615,2,ACORN-F,Comfortable,Std
MAC001616,2,ACORN-Q,Adversity,Std
MAC001617,2,ACORN-E,Affluent,Std
MAC001618,1,ACORN-H,Comfortable,Std
MAC001619,1,ACORN-M,Adversity,Std
MAC001620,1,ACORN-Q,Adversity,Std
MAC001621,2,ACORN-N,Adversity,Std
MAC001622,2,ACORN-Q,Adversity,Std
MAC001623,2,ACORN-E,Affluent,Std
MAC001624,2,ACORN-E,Affluent,Std
MAC001625,1,ACORN-F,Comfortable,Std
MAC001626,1,ACORN-G,Comfortable,ToU
MAC001627,1,ACORN-N,Adversity,Std
MAC001628,2,ACORN-A,Affluent,Std
MAC001629,2,ACORN-F,Comfortable,Std
MAC001630,2,ACORN-F,Comfortable,Std
MAC001631,2,ACORN-F,Comfortable,Std
MAC001632,2,ACORN-E,Affluent,Std
MAC001633,2,ACORN-E,Affluent,Std
MAC001634,1,ACORN-J,Comfortable,Std
MAC001635,2,ACORN-F,Comfortable,Std
MAC001636,2,ACORN-G,Comfortable,ToU
MAC001637,2,ACORN-F,Comfortable,Std
MAC001638,2,ACORN-D,Affluent,Std
MAC001639,2,ACORN-O,Adversity,Std
MAC001640,2,ACORN-Q,Adversity,Std
MAC001641,0,ACORN-E,Affluent,Std
MAC001642,1,ACORN-D,Affluent,ToU
MAC001643,1,ACORN-N,Adversity,Std
MAC001644,2,ACORN-E,Affluent,Std
MAC001645,2,ACORN-H,Comfortable,ToU
MAC001646,1,ACORN-F,Comfortable,Std
MAC001647,2,ACORN-E,Affluent,Std
MAC001648,2,ACORN-Q,Adversity,Std
MAC001649,1,ACORN-F,Comfortable,Std
MAC001650,1,ACORN-H,Comfortable,ToU
MAC001651,2,ACORN-E,Affluent,ToU
MAC001652,2,ACORN-C,Affluent,Std
MAC001653,1,ACORN-A,Affluent,ToU
MAC001654,2,ACORN-E,Affluent,Std
MAC001655,2,ACORN-E,Affluent,ToU
MAC001656,1,ACORN-D,Affluent,Std
MAC001657,2,ACORN-Q,Adversity,Std
MAC001658,2,ACORN-L,Adversity,ToU
MAC001659,2,ACORN-F,Comfortable,Std
MAC001660,2,ACORN-F,Comfortable,ToU
MAC001661,1,ACORN-C,Affluent,Std
MAC001662,2,ACORN-E,Affluent,Std
MAC001663,2,ACORN-Q,Adversity,Std
MAC001664,1,ACORN-C,Affluent,Std
MAC001665,0,ACORN-E,Affluent,Std
MAC001666,1,ACORN-K,Adversity,Std
MAC001667,2,ACORN-F,Comfortable,ToU
MAC001668,1,ACORN-L,Adversity,Std
MAC001669,1,ACORN-E,Affluent,Std
MAC001670,2,ACORN-E,Affluent,Std
MAC001671,2,ACORN-N,Adversity,Std
MAC001672,2,ACORN-Q,Adversity,Std
MAC001673,2,ACORN-Q,Adversity,Std
MAC001674,2,ACORN-E,Affluent,Std
MAC001675,2,ACORN-N,Adversity,Std
MAC001676,1,ACORN-E,Affluent,Std
MAC001677,1,ACORN-L,Adversity,Std
MAC001678,2,ACORN-E,Affluent,Std
MAC001679,2,ACORN-H,Comfortable,Std
MAC001680,2,ACORN-G,Comfortable,ToU
MAC001681,2,ACORN-K,Adversity,Std
MAC001682,1,ACORN-D,Affluent,ToU
MAC001683,1,ACORN-N,Adversity,Std
MAC001684,2,ACORN-Q,Adversity,Std
MAC001685,2,ACORN-F,Comfortable,Std
MAC001686,2,ACORN-F,Comfortable,ToU
MAC001687,2,ACORN-E,Affluent,Std
MAC001688,2,ACORN-J,Comfortable,ToU
MAC001689,1,ACORN-A,Affluent,Std
MAC001690,1,ACORN-G,Comfortable,Std
MAC001691,1,ACORN-D,Affluent,Std
MAC001692,1,ACORN-Q,Adversity,Std
MAC001693,1,ACORN-E,Affluent,ToU
MAC001694,2,ACORN-F,Comfortable,ToU
MAC001695,2,ACORN-C,Affluent,Std
MAC001696,1,ACORN-F,Comfortable,Std
MAC001697,2,ACORN-I,Comfortable,Std
MAC001698,0,ACORN-D,Affluent,Std
MAC001699,1,ACORN-E,Affluent,Std
MAC001700,2,ACORN-H,Comfortable,ToU
MAC001701,1,ACORN-E,Affluent,Std
MAC001702,2,ACORN-E,Affluent,Std
MAC001703,1,ACORN-Q,Adversity,Std
MAC001704,2,ACORN-U,ACORN-U,ToU
MAC001705,0,ACORN-E,Affluent,Std
MAC001706,1,ACORN-U,ACORN-U,ToU
MAC001707,1,ACORN-E,Affluent,ToU
MAC001708,2,ACORN-E,Affluent,Std
MAC001709,2,ACORN-E,Affluent,Std
MAC001710,1,ACORN-A,Affluent,Std
MAC001711,2,ACORN-E,Affluent,Std
MAC001712,2,ACORN-E,Affluent,ToU
MAC001713,1,ACORN-E,Affluent,Std
MAC001714,2,ACORN-Q,Adversity,Std
MAC001715,1,ACORN-Q,Adversity,ToU
MAC001716,2,ACORN-E,Affluent,Std
MAC001717,1,ACORN-D,Affluent,Std
MAC001718,2,ACORN-F,Comfortable,ToU
MAC001719,2,ACORN-H,Comfortable,Std
MAC001720,1,ACORN-E,Affluent,Std
MAC001721,1,ACORN-F,Comfortable,Std
MAC001722,2,ACORN-E,Affluent,Std
MAC001723,2,ACORN-E,Affluent,Std
MAC001724,1,ACORN-F,Comfortable,Std
MAC001725,1,ACORN-E,Affluent,Std
MAC001726,0,ACORN-E,Affluent,Std
MAC001727,1,ACORN-N,Adversity,Std
MAC001728,2,ACORN-F,Comfortable,Std
MAC001729,2,ACORN-F,Comfortable,Std
MAC001730,2,ACORN-E,Affluent,Std
MAC001731,2,ACORN-E,Affluent,Std
MAC001732,2,ACORN-M,Adversity,Std
MAC001733,2,ACORN-F,Comfortable,Std
MAC001734,0,ACORN-A,Affluent,Std
MAC001735,0,ACORN-D,Affluent,Std
MAC001736,1,ACORN-A,Affluent,ToU
MAC001737,2,ACORN-E,Affluent,Std
MAC001738,2,ACORN-Q,Adversity,Std
MAC001739,0,ACORN-G,Comfortable,Std
MAC001740,2,ACORN-I,Comfortable,Std
MAC001741,2,ACORN-E,Affluent,ToU
MAC001742,2,ACORN-L,Adversity,Std
MAC001743,1,ACORN-E,Affluent,ToU
MAC001744,1,ACORN-Q,Adversity,Std
MAC001745,1,ACORN-E,Affluent,Std
MAC001746,1,ACORN-K,Adversity,Std
MAC001747,1,ACORN-Q,Adversity,Std
MAC001748,2,ACORN-Q,Adversity,Std
MAC001749,1,ACORN-H,Comfortable,Std
MAC001750,2,ACORN-E,Affluent,ToU
MAC001751,2,ACORN-Q,Adversity,Std
MAC001752,2,ACORN-Q,Adversity,Std
MAC001753,1,ACORN-E,Affluent,Std
MAC001754,2,ACORN-E,Affluent,Std
MAC001755,2,ACORN-Q,Adversity,ToU
MAC001756,1,ACORN-E,Affluent,ToU
MAC001757,2,ACORN-F,Comfortable,Std
MAC001758,1,ACORN-F,Comfortable,Std
MAC001759,2,ACORN-F,Comfortable,Std
MAC001760,1,ACORN-F,Comfortable,Std
MAC001761,2,ACORN-L,Adversity,Std
MAC001762,2,ACORN-O,Adversity,Std
MAC001763,2,ACORN-E,Affluent,Std
MAC001764,1,ACORN-F,Comfortable,Std
MAC001765,1,ACORN-Q,Adversity,Std
MAC001766,0,ACORN-D,Affluent,Std
MAC001767,2,ACORN-C,Affluent,ToU
MAC001768,1,ACORN-D,Affluent,Std
MAC001769,1,ACORN-F,Comfortable,Std
MAC001770,2,ACORN-K,Adversity,ToU
MAC001771,1,ACORN-G,Comfortable,Std
MAC001772,2,ACORN-E,Affluent,ToU
MAC001773,2,ACORN-Q,Adversity,ToU
MAC001774,2,ACORN-K,Adversity,Std
MAC001775,1,ACORN-O,Adversity,Std
MAC001776,2,ACORN-A,Affluent,Std
MAC001777,2,ACORN-Q,Adversity,ToU
MAC001778,2,ACORN-F,Comfortable,ToU
MAC001779,2,ACORN-Q,Adversity,Std
MAC001780,0,ACORN-E,Affluent,Std
MAC001781,1,ACORN-E,Affluent,Std
MAC001782,2,ACORN-F,Comfortable,Std
MAC001783,1,ACORN-M,Adversity,Std
MAC001784,2,ACORN-F,Comfortable,Std
MAC001785,2,ACORN-Q,Adversity,Std
MAC001786,2,ACORN-F,Comfortable,Std
MAC001787,2,ACORN-D,Affluent,Std
MAC001788,2,ACORN-E,Affluent,Std
MAC001789,1,ACORN-F,Comfortable,Std
MAC001790,0,ACORN-F,Comfortable,Std
MAC001791,1,ACORN-Q,Adversity,Std
MAC001792,1,ACORN-G,Comfortable,Std
MAC001793,1,ACORN-F,Comfortable,Std
MAC001794,1,ACORN-E,Affluent,Std
MAC001795,2,ACORN-U,ACORN-U,Std
MAC001796,2,ACORN-N,Adversity,Std
MAC001797,2,ACORN-L,Adversity,Std
MAC001798,2,ACORN-Q,Adversity,Std
MAC001799,2,ACORN-K,Adversity,Std
MAC001800,1,ACORN-D,Affluent,Std
MAC001801,2,ACORN-E,Affluent,Std
MAC001802,1,ACORN-F,Comfortable,Std
MAC001803,2,ACORN-D,Affluent,Std
MAC001804,2,ACORN-M,Adversity,Std
MAC001805,0,ACORN-F,Comfortable,Std
MAC001806,2,ACORN-E,Affluent,ToU
MAC001807,2,ACORN-G,Comfortable,Std
MAC001808,2,ACORN-E,Affluent,Std
MAC001809,0,ACORN-F,Comfortable,Std
MAC001810,2,ACORN-E,Affluent,Std
MAC001811,1,ACORN-Q,Adversity,Std
MAC001812,2,ACORN-E,Affluent,Std
MAC001813,1,ACORN-F,Comfortable,Std
MAC001814,2,ACORN-J,Comfortable,ToU
MAC001815,2,ACORN-E,Affluent,Std
MAC001816,2,ACORN-N,Adversity,Std
MAC001817,2,ACORN-Q,Adversity,Std
MAC001818,1,ACORN-F,Comfortable,Std
MAC001819,1,ACORN-A,Affluent,Std
MAC001820,0,ACORN-J,Comfortable,Std
MAC001821,1,ACORN-D,Affluent,Std
MAC001822,1,ACORN-F,Comfortable,Std
MAC001823,2,ACORN-L,Adversity,ToU
MAC001824,2,ACORN-Q,Adversity,Std
MAC001825,2,ACORN-D,Affluent,ToU
MAC001826,2,ACORN-D,Affluent,ToU
MAC001827,2,ACORN-L,Adversity,Std
MAC001828,1,ACORN-F,Comfortable,Std
MAC001829,2,ACORN-Q,Adversity,Std
MAC001830,2,ACORN-G,Comfortable,ToU
MAC001831,1,ACORN-E,Affluent,Std
MAC001832,0,ACORN-E,Affluent,Std
MAC001833,2,ACORN-E,Affluent,ToU
MAC001834,2,ACORN-O,Adversity,Std
MAC001835,1,ACORN-B,Affluent,ToU
MAC001836,0,ACORN-A,Affluent,Std
MAC001837,2,ACORN-Q,Adversity,Std
MAC001838,1,ACORN-F,Comfortable,Std
MAC001839,2,ACORN-Q,Adversity,Std
MAC001840,2,ACORN-Q,Adversity,ToU
MAC001841,2,ACORN-Q,Adversity,Std
MAC001842,2,ACORN-F,Comfortable,Std
MAC001843,1,ACORN-A,Affluent,Std
MAC001844,2,ACORN-Q,Adversity,Std
MAC001845,2,ACORN-L,Adversity,Std
MAC001846,0,ACORN-J,Comfortable,Std
MAC001847,2,ACORN-F,Comfortable,ToU
MAC001848,2,ACORN-F,Comfortable,Std
MAC001849,2,ACORN-E,Affluent,ToU
MAC001850,2,ACORN-O,Adversity,Std
MAC001851,0,ACORN-U,ACORN-U,ToU
MAC001852,2,ACORN-E,Affluent,Std
MAC001853,1,ACORN-E,Affluent,ToU
MAC001854,2,ACORN-E,Affluent,Std
MAC001855,2,ACORN-E,Affluent,ToU
MAC001856,2,ACORN-E,Affluent,ToU
MAC001857,1,ACORN-G,Comfortable,ToU
MAC001858,1,ACORN-H,Comfortable,ToU
MAC001859,1,ACORN-H,Comfortable,Std
MAC001860,1,ACORN-F,Comfortable,Std
MAC001861,1,ACORN-F,Comfortable,ToU
MAC001862,0,ACORN-E,Affluent,Std
MAC001863,2,ACORN-Q,Adversity,Std
MAC001864,1,ACORN-L,Adversity,Std
MAC001865,1,ACORN-I,Comfortable,ToU
MAC001866,1,ACORN-N,Adversity,Std
MAC001867,2,ACORN-D,Affluent,Std
MAC001868,2,ACORN-K,Adversity,Std
MAC001869,1,ACORN-D,Affluent,Std
MAC001870,2,ACORN-G,Comfortable,Std
MAC001871,2,ACORN-Q,Adversity,Std
MAC001872,2,ACORN-L,Adversity,Std
MAC001873,1,ACORN-D,Affluent,ToU
MAC001874,1,ACORN-M,Adversity,Std
MAC001875,2,ACORN-I,Comfortable,Std
MAC001876,2,ACORN-Q,Adversity,Std
MAC001877,2,ACORN-F,Comfortable,Std
MAC001878,1,ACORN-Q,Adversity,Std
MAC001879,2,ACORN-F,Comfortable,Std
MAC001880,2,ACORN-Q,Adversity,ToU
MAC001881,2,ACORN-G,Comfortable,Std
MAC001882,2,ACORN-L,Adversity,Std
MAC001883,2,ACORN-P,Adversity,Std
MAC001884,2,ACORN-E,Affluent,Std
MAC001885,1,ACORN-Q,Adversity,Std
MAC001886,2,ACORN-E,Affluent,Std
MAC001887,2,ACORN-O,Adversity,Std
MAC001888,2,ACORN-K,Adversity,Std
MAC001889,2,ACORN-E,Affluent,Std
MAC001890,2,ACORN-F,Comfortable,Std
MAC001891,1,ACORN-H,Comfortable,Std
MAC001892,2,ACORN-M,Adversity,Std
MAC001893,1,ACORN-A,Affluent,Std
MAC001894,1,ACORN-Q,Adversity,Std
MAC001895,1,ACORN-E,Affluent,Std
MAC001896,1,ACORN-E,Affluent,Std
MAC001897,2,ACORN-D,Affluent,Std
MAC001898,2,ACORN-Q,Adversity,Std
MAC001899,1,ACORN-Q,Adversity,Std
MAC001900,2,ACORN-J,Comfortable,Std
MAC001901,1,ACORN-F,Comfortable,Std
MAC001902,0,ACORN-E,Affluent,Std
MAC001903,2,ACORN-F,Comfortable,Std
MAC001904,2,ACORN-Q,Adversity,ToU
MAC001905,2,ACORN-E,Affluent,Std
MAC001906,2,ACORN-F,Comfortable,Std
MAC001907,2,ACORN-Q,Adversity,Std
MAC001908,2,ACORN-Q,Adversity,Std
MAC001909,1,ACORN-L,Adversity,Std
MAC001910,1,ACORN-Q,Adversity,ToU
MAC001911,2,ACORN-F,Comfortable,Std
MAC001912,2,ACORN-E,Affluent,ToU
MAC001913,1,ACORN-F,Comfortable,Std
MAC001914,1,ACORN-E,Affluent,Std
MAC001915,2,ACORN-J,Comfortable,Std
MAC001916,2,ACORN-E,Affluent,Std
MAC001917,1,ACORN-Q,Adversity,Std
MAC001918,2,ACORN-E,Affluent,Std
MAC001919,2,ACORN-E,Affluent,Std
MAC001920,1,ACORN-E,Affluent,Std
MAC001921,2,ACORN-Q,Adversity,Std
MAC001922,2,ACORN-Q,Adversity,Std
MAC001923,1,ACORN-K,Adversity,Std
MAC001924,2,ACORN-F,Comfortable,Std
MAC001925,1,ACORN-L,Adversity,ToU
MAC001926,1,ACORN-F,Comfortable,Std
MAC001927,2,ACORN-K,Adversity,Std
MAC001928,2,ACORN-D,Affluent,ToU
MAC001929,2,ACORN-K,Adversity,Std
MAC001930,2,ACORN-O,Adversity,Std
MAC001931,2,ACORN-Q,Adversity,Std
MAC001932,2,ACORN-N,Adversity,Std
MAC001933,2,ACORN-E,Affluent,Std
MAC001934,2,ACORN-F,Comfortable,Std
MAC001935,1,ACORN-G,Comfortable,Std
MAC001936,1,ACORN-E,Affluent,Std
MAC001937,1,ACORN-O,Adversity,Std
MAC001938,2,ACORN-E,Affluent,Std
MAC001939,0,ACORN-L,Adversity,Std
MAC001940,2,ACORN-G,Comfortable,Std
MAC001941,1,ACORN-F,Comfortable,Std
MAC001942,2,ACORN-L,Adversity,ToU
MAC001943,2,ACORN-E,Affluent,Std
MAC001944,2,ACORN-F,Comfortable,Std
MAC001945,2,ACORN-L,Adversity,Std
MAC001946,2,ACORN-F,Comfortable,Std
MAC001947,2,ACORN-M,Adversity,Std
MAC001948,1,ACORN-F,Comfortable,Std
MAC001949,2,ACORN-F,Comfortable,Std
MAC001950,1,ACORN-E,Affluent,Std
MAC001951,1,ACORN-H,Comfortable,ToU
MAC001952,2,ACORN-Q,Adversity,ToU
MAC001953,2,ACORN-Q,Adversity,Std
MAC001954,2,ACORN-E,Affluent,Std
MAC001955,1,ACORN-M,Adversity,Std
MAC001956,1,ACORN-D,Affluent,Std
MAC001957,2,ACORN-E,Affluent,Std
MAC001958,2,ACORN-C,Affluent,Std
MAC001959,2,ACORN-Q,Adversity,Std
MAC001960,2,ACORN-E,Affluent,Std
MAC001961,2,ACORN-F,Comfortable,Std
MAC001962,2,ACORN-E,Affluent,Std
MAC001963,2,ACORN-E,Affluent,Std
MAC001964,2,ACORN-D,Affluent,Std
MAC001965,2,ACORN-F,Comfortable,Std
MAC001966,1,ACORN-B,Affluent,Std
MAC001967,2,ACORN-K,Adversity,Std
MAC001968,1,ACORN-Q,Adversity,Std
MAC001969,2,ACORN-F,Comfortable,ToU
MAC001970,1,ACORN-E,Affluent,Std
MAC001971,2,ACORN-F,Comfortable,Std
MAC001972,2,ACORN-E,Affluent,Std
MAC001973,1,ACORN-F,Comfortable,Std
MAC001974,2,ACORN-F,Comfortable,Std
MAC001975,2,ACORN-H,Comfortable,Std
MAC001976,2,ACORN-E,Affluent,ToU
MAC001977,2,ACORN-N,Adversity,Std
MAC001978,0,ACORN-E,Affluent,Std
MAC001979,2,ACORN-E,Affluent,Std
MAC001980,2,ACORN-D,Affluent,Std
MAC001981,1,ACORN-L,Adversity,Std
MAC001982,1,ACORN-N,Adversity,Std
MAC001983,1,ACORN-Q,Adversity,Std
MAC001984,2,ACORN-E,Affluent,ToU
MAC001985,2,ACORN-G,Comfortable,Std
MAC001986,1,ACORN-K,Adversity,Std
MAC001987,0,ACORN-E,Affluent,Std
MAC001988,2,ACORN-C,Affluent,Std
MAC001989,1,ACORN-A,Affluent,Std
MAC001990,2,ACORN-E,Affluent,Std
MAC001991,1,ACORN-H,Comfortable,Std
MAC001992,2,ACORN-F,Comfortable,Std
MAC001993,2,ACORN-N,Adversity,ToU
MAC001994,1,ACORN-Q,Adversity,Std
MAC001995,1,ACORN-E,Affluent,Std
MAC001996,2,ACORN-H,Comfortable,Std
MAC001997,2,ACORN-U,ACORN-U,Std
MAC001998,2,ACORN-E,Affluent,ToU
MAC001999,2,ACORN-D,Affluent,Std
MAC002000,2,ACORN-M,Adversity,Std
MAC002001,2,ACORN-Q,Adversity,Std
MAC002002,0,ACORN-E,Affluent,Std
MAC002003,2,ACORN-Q,Adversity,Std
MAC002004,1,ACORN-H,Comfortable,Std
MAC002005,2,ACORN-D,Affluent,ToU
MAC002006,2,ACORN-E,Affluent,ToU
MAC002007,1,ACORN-E,Affluent,Std
MAC002008,2,ACORN-E,Affluent,Std
MAC002009,2,ACORN-Q,Adversity,Std
MAC002010,2,ACORN-D,Affluent,Std
MAC002011,2,ACORN-Q,Adversity,ToU
MAC002012,1,ACORN-F,Comfortable,Std
MAC002013,2,ACORN-L,Adversity,ToU
MAC002014,2,ACORN-D,Affluent,Std
MAC002015,2,ACORN-C,Affluent,Std
MAC002016,2,ACORN-E,Affluent,Std
MAC002017,2,ACORN-E,Affluent,ToU
MAC002018,2,ACORN-E,Affluent,Std
MAC002019,2,ACORN-E,Affluent,Std
MAC002020,2,ACORN-H,Comfortable,Std
MAC002021,2,ACORN-M,Adversity,Std
MAC002022,2,ACORN-F,Comfortable,ToU
MAC002023,1,ACORN-Q,Adversity,Std
MAC002024,1,ACORN-D,Affluent,Std
MAC002025,2,ACORN-A,Affluent,Std
MAC002026,2,ACORN-E,Affluent,Std
MAC002027,1,ACORN-E,Affluent,Std
MAC002028,2,ACORN-Q,Adversity,Std
MAC002029,1,ACORN-E,Affluent,ToU
MAC002030,2,ACORN-F,Comfortable,ToU
MAC002031,2,ACORN-N,Adversity,Std
MAC002032,1,ACORN-G,Comfortable,Std
MAC002033,2,ACORN-Q,Adversity,Std
MAC002034,1,ACORN-F,Comfortable,Std
MAC002035,1,ACORN-Q,Adversity,Std
MAC002036,2,ACORN-D,Affluent,Std
MAC002037,1,ACORN-G,Comfortable,Std
MAC002038,2,ACORN-L,Adversity,Std
MAC002039,1,ACORN-N,Adversity,ToU
MAC002040,2,ACORN-Q,Adversity,ToU
MAC002041,2,ACORN-L,Adversity,Std
MAC002042,1,ACORN-E,Affluent,Std
MAC002043,2,ACORN-P,Adversity,Std
MAC002044,2,ACORN-F,Comfortable,Std
MAC002045,2,ACORN-Q,Adversity,Std
MAC002046,2,ACORN-E,Affluent,ToU
MAC002047,2,ACORN-E,Affluent,Std
MAC002048,1,ACORN-H,Comfortable,Std
MAC002049,1,ACORN-H,Comfortable,Std
MAC002050,2,ACORN-D,Affluent,Std
MAC002051,1,ACORN-H,Comfortable,Std
MAC002052,2,ACORN-E,Affluent,ToU
MAC002053,2,ACORN-Q,Adversity,Std
MAC002054,2,ACORN-Q,Adversity,Std
MAC002055,2,ACORN-Q,Adversity,Std
MAC002056,2,ACORN-U,ACORN-U,Std
MAC002057,2,ACORN-Q,Adversity,Std
MAC002058,2,ACORN-E,Affluent,Std
MAC002059,1,ACORN-O,Adversity,Std
MAC002060,2,ACORN-E,Affluent,ToU
MAC002061,2,ACORN-F,Comfortable,ToU
MAC002062,1,ACORN-H,Comfortable,Std
MAC002063,2,ACORN-D,Affluent,Std
MAC002064,1,ACORN-E,Affluent,Std
MAC002065,2,ACORN-P,Adversity,Std
MAC002066,2,ACORN-E,Affluent,Std
MAC002067,2,ACORN-Q,Adversity,Std
MAC002068,1,ACORN-A,Affluent,Std
MAC002069,2,ACORN-Q,Adversity,Std
MAC002070,1,ACORN-C,Affluent,Std
MAC002071,2,ACORN-G,Comfortable,Std
MAC002072,2,ACORN-E,Affluent,Std
MAC002073,2,ACORN-E,Affluent,ToU
MAC002074,1,ACORN-G,Comfortable,Std
MAC002075,2,ACORN-G,Comfortable,ToU
MAC002076,2,ACORN-N,Adversity,Std
MAC002077,2,ACORN-Q,Adversity,Std
MAC002078,2,ACORN-E,Affluent,Std
MAC002079,0,ACORN-L,Adversity,Std
MAC002080,1,ACORN-H,Comfortable,Std
MAC002081,2,ACORN-H,Comfortable,Std
MAC002082,1,ACORN-E,Affluent,Std
MAC002083,1,ACORN-D,Affluent,ToU
MAC002084,1,ACORN-F,Comfortable,ToU
MAC002085,2,ACORN-K,Adversity,Std
MAC002086,2,ACORN-F,Comfortable,Std
MAC002087,0,ACORN-U,ACORN-U,Std
MAC002088,1,ACORN-Q,Adversity,Std
MAC002089,2,ACORN-Q,Adversity,Std
MAC002090,2,ACORN-F,Comfortable,Std
MAC002091,2,ACORN-E,Affluent,Std
MAC002092,1,ACORN-E,Affluent,ToU
MAC002093,2,ACORN-E,Affluent,ToU
MAC002094,1,ACORN-Q,Adversity,Std
MAC002095,2,ACORN-H,Comfortable,Std
MAC002096,2,ACORN-E,Affluent,Std
MAC002097,1,ACORN-L,Adversity,Std
MAC002098,2,ACORN-E,Affluent,ToU
MAC002099,1,ACORN-E,Affluent,ToU
MAC002100,1,ACORN-E,Affluent,Std
MAC002101,2,ACORN-L,Adversity,Std
MAC002102,1,ACORN-E,Affluent,ToU
MAC002103,2,ACORN-O,Adversity,Std
MAC002104,2,ACORN-G,Comfortable,Std
MAC002105,1,ACORN-O,Adversity,Std
MAC002106,1,ACORN-E,Affluent,ToU
MAC002107,2,ACORN-Q,Adversity,Std
MAC002108,2,ACORN-Q,Adversity,ToU
MAC002109,2,ACORN-D,Affluent,Std
MAC002110,2,ACORN-F,Comfortable,ToU
MAC002111,2,ACORN-K,Adversity,ToU
MAC002112,1,ACORN-E,Affluent,Std
MAC002113,2,ACORN-A,Affluent,ToU
MAC002114,2,ACORN-E,Affluent,Std
MAC002115,1,ACORN-H,Comfortable,Std
MAC002116,2,ACORN-Q,Adversity,Std
MAC002117,2,ACORN-Q,Adversity,Std
MAC002118,2,ACORN-Q,Adversity,ToU
MAC002119,1,ACORN-Q,Adversity,ToU
MAC002120,1,ACORN-E,Affluent,Std
MAC002121,2,ACORN-E,Affluent,Std
MAC002122,1,ACORN-F,Comfortable,ToU
MAC002123,2,ACORN-H,Comfortable,Std
MAC002124,2,ACORN-Q,Adversity,Std
MAC002125,1,ACORN-E,Affluent,Std
MAC002126,2,ACORN-Q,Adversity,ToU
MAC002127,2,ACORN-J,Comfortable,Std
MAC002128,2,ACORN-Q,Adversity,Std
MAC002129,2,ACORN-Q,Adversity,Std
MAC002130,2,ACORN-E,Affluent,Std
MAC002131,2,ACORN-E,Affluent,ToU
MAC002132,1,ACORN-E,Affluent,ToU
MAC002133,2,ACORN-E,Affluent,Std
MAC002134,1,ACORN-A,Affluent,ToU
MAC002135,2,ACORN-E,Affluent,Std
MAC002136,2,ACORN-F,Comfortable,Std
MAC002137,0,ACORN-D,Affluent,Std
MAC002138,1,ACORN-D,Affluent,Std
MAC002139,1,ACORN-Q,Adversity,Std
MAC002140,2,ACORN-E,Affluent,ToU
MAC002141,1,ACORN-E,Affluent,Std
MAC002142,2,ACORN-E,Affluent,Std
MAC002143,2,ACORN-E,Affluent,Std
MAC002144,2,ACORN-D,Affluent,Std
MAC002145,1,ACORN-E,Affluent,Std
MAC002146,2,ACORN-Q,Adversity,Std
MAC002147,2,ACORN-N,Adversity,ToU
MAC002148,1,ACORN-D,Affluent,ToU
MAC002149,1,ACORN-F,Comfortable,Std
MAC002150,1,ACORN-A,Affluent,Std
MAC002151,2,ACORN-L,Adversity,Std
MAC002152,2,ACORN-U,ACORN-U,Std
MAC002153,1,ACORN-D,Affluent,Std
MAC002154,2,ACORN-E,Affluent,ToU
MAC002155,0,ACORN-D,Affluent,Std
MAC002156,1,ACORN-E,Affluent,ToU
MAC002157,2,ACORN-D,Affluent,Std
MAC002158,1,ACORN-E,Affluent,Std
MAC002159,2,ACORN-Q,Adversity,Std
MAC002160,2,ACORN-E,Affluent,Std
MAC002161,2,ACORN-Q,Adversity,Std
MAC002162,2,ACORN-E,Affluent,Std
MAC002163,0,ACORN-F,Comfortable,Std
MAC002164,1,ACORN-E,Affluent,ToU
MAC002165,1,ACORN-E,Affluent,Std
MAC002166,1,ACORN-D,Affluent,ToU
MAC002167,2,ACORN-O,Adversity,ToU
MAC002168,2,ACORN-Q,Adversity,Std
MAC002169,2,ACORN-F,Comfortable,Std
MAC002170,1,ACORN-D,Affluent,Std
MAC002171,2,ACORN-E,Affluent,Std
MAC002172,2,ACORN-E,Affluent,Std
MAC002173,2,ACORN-Q,Adversity,Std
MAC002174,1,ACORN-Q,Adversity,Std
MAC002175,2,ACORN-Q,Adversity,Std
MAC002176,1,ACORN-F,Comfortable,ToU
MAC002177,2,ACORN-L,Adversity,Std
MAC002178,2,ACORN-M,Adversity,Std
MAC002179,1,ACORN-E,Affluent,Std
MAC002180,2,ACORN-E,Affluent,Std
MAC002181,2,ACORN-F,Comfortable,Std
MAC002182,2,ACORN-F,Comfortable,ToU
MAC002183,1,ACORN-F,Comfortable,ToU
MAC002184,1,ACORN-E,Affluent,Std
MAC002185,2,ACORN-Q,Adversity,Std
MAC002186,2,ACORN-F,Comfortable,Std
MAC002187,1,ACORN-E,Affluent,Std
MAC002188,2,ACORN-H,Comfortable,ToU
MAC002189,2,ACORN-F,Comfortable,Std
MAC002190,1,ACORN-D,Affluent,Std
MAC002191,2,ACORN-Q,Adversity,Std
MAC002192,2,ACORN-L,Adversity,Std
MAC002193,2,ACORN-F,Comfortable,ToU
MAC002194,1,ACORN-K,Adversity,Std
MAC002195,1,ACORN-M,Adversity,Std
MAC002196,2,ACORN-Q,Adversity,Std
MAC002197,2,ACORN-I,Comfortable,Std
MAC002198,2,ACORN-H,Comfortable,Std
MAC002199,1,ACORN-A,Affluent,ToU
MAC002200,1,ACORN-E,Affluent,Std
MAC002201,1,ACORN-C,Affluent,ToU
MAC002202,2,ACORN-E,Affluent,Std
MAC002203,2,ACORN-E,Affluent,Std
MAC002204,2,ACORN-E,Affluent,Std
MAC002205,2,ACORN-F,Comfortable,Std
MAC002206,2,ACORN-Q,Adversity,Std
MAC002207,2,ACORN-E,Affluent,Std
MAC002208,1,ACORN-O,Adversity,Std
MAC002209,2,ACORN-Q,Adversity,Std
MAC002210,1,ACORN-E,Affluent,Std
MAC002211,2,ACORN-E,Affluent,Std
MAC002212,2,ACORN-L,Adversity,Std
MAC002213,0,ACORN-E,Affluent,Std
MAC002214,2,ACORN-C,Affluent,Std
MAC002215,2,ACORN-E,Affluent,ToU
MAC002216,2,ACORN-N,Adversity,Std
MAC002217,2,ACORN-Q,Adversity,ToU
MAC002218,1,ACORN-D,Affluent,Std
MAC002219,2,ACORN-F,Comfortable,ToU
MAC002220,2,ACORN-G,Comfortable,Std
MAC002221,2,ACORN-E,Affluent,Std
MAC002222,1,ACORN-G,Comfortable,ToU
MAC002223,1,ACORN-M,Adversity,Std
MAC002224,2,ACORN-E,Affluent,Std
MAC002225,1,ACORN-E,Affluent,ToU
MAC002226,2,ACORN-E,Affluent,ToU
MAC002227,1,ACORN-F,Comfortable,ToU
MAC002228,2,ACORN-E,Affluent,Std
MAC002229,2,ACORN-Q,Adversity,Std
MAC002230,2,ACORN-D,Affluent,ToU
MAC002231,1,ACORN-F,Comfortable,Std
MAC002232,1,ACORN-K,Adversity,ToU
MAC002233,2,ACORN-D,Affluent,Std
MAC002234,2,ACORN-Q,Adversity,Std
MAC002235,1,ACORN-I,Comfortable,Std
MAC002236,2,ACORN-Q,Adversity,ToU
MAC002237,2,ACORN-Q,Adversity,Std
MAC002238,1,ACORN-H,Comfortable,ToU
MAC002239,2,ACORN-H,Comfortable,Std
MAC002240,1,ACORN-E,Affluent,ToU
MAC002241,1,ACORN-E,Affluent,Std
MAC002242,2,ACORN-N,Adversity,ToU
MAC002243,1,ACORN-D,Affluent,ToU
MAC002244,2,ACORN-E,Affluent,Std
MAC002245,2,ACORN-G,Comfortable,Std
MAC002246,1,ACORN-H,Comfortable,ToU
MAC002247,2,ACORN-D,Affluent,ToU
MAC002248,2,ACORN-Q,Adversity,Std
MAC002249,1,ACORN-A,Affluent,Std
MAC002250,2,ACORN-E,Affluent,Std
MAC002251,2,ACORN-F,Comfortable,Std
MAC002252,1,ACORN-H,Comfortable,Std
MAC002253,1,ACORN-F,Comfortable,Std
MAC002254,1,ACORN-F,Comfortable,Std
MAC002255,2,ACORN-E,Affluent,Std
MAC002256,2,ACORN-H,Comfortable,Std
MAC002257,2,ACORN-E,Affluent,Std
MAC002258,2,ACORN-Q,Adversity,Std
MAC002259,2,ACORN-E,Affluent,Std
MAC002260,1,ACORN-A,Affluent,Std
MAC002261,2,ACORN-F,Comfortable,Std
MAC002262,2,ACORN-K,Adversity,Std
MAC002263,1,ACORN-H,Comfortable,Std
MAC002264,1,ACORN-E,Affluent,ToU
MAC002265,1,ACORN-E,Affluent,ToU
MAC002266,2,ACORN-F,Comfortable,Std
MAC002267,1,ACORN-D,Affluent,Std
MAC002268,2,ACORN-E,Affluent,ToU
MAC002269,1,ACORN-O,Adversity,Std
MAC002270,2,ACORN-Q,Adversity,Std
MAC002271,2,ACORN-E,Affluent,Std
MAC002272,1,ACORN-M,Adversity,Std
MAC002273,2,ACORN-J,Comfortable,Std
MAC002274,2,ACORN-Q,Adversity,Std
MAC002275,2,ACORN-F,Comfortable,Std
MAC002276,2,ACORN-Q,Adversity,Std
MAC002277,2,ACORN-F,Comfortable,ToU
MAC002278,2,ACORN-F,Comfortable,Std
MAC002279,2,ACORN-H,Comfortable,Std
MAC002280,1,ACORN-E,Affluent,ToU
MAC002281,1,ACORN-E,Affluent,ToU
MAC002282,2,ACORN-E,Affluent,Std
MAC002283,2,ACORN-F,Comfortable,Std
MAC002284,2,ACORN-J,Comfortable,Std
MAC002285,2,ACORN-E,Affluent,Std
MAC002286,2,ACORN-F,Comfortable,Std
MAC002287,2,ACORN-Q,Adversity,Std
MAC002288,2,ACORN-M,Adversity,Std
MAC002289,2,ACORN-E,Affluent,Std
MAC002290,2,ACORN-E,Affluent,ToU
MAC002291,1,ACORN-K,Adversity,ToU
MAC002292,2,ACORN-Q,Adversity,ToU
MAC002293,1,ACORN-Q,Adversity,Std
MAC002294,2,ACORN-Q,Adversity,Std
MAC002295,2,ACORN-K,Adversity,Std
MAC002296,1,ACORN-C,Affluent,Std
MAC002297,2,ACORN-E,Affluent,Std
MAC002298,2,ACORN-Q,Adversity,Std
MAC002299,2,ACORN-O,Adversity,Std
MAC002300,2,ACORN-H,Comfortable,ToU
MAC002301,2,ACORN-F,Comfortable,Std
MAC002302,2,ACORN-E,Affluent,Std
MAC002303,2,ACORN-J,Comfortable,Std
MAC002304,2,ACORN-P,Adversity,Std
MAC002305,1,ACORN-Q,Adversity,Std
MAC002306,1,ACORN-E,Affluent,Std
MAC002307,2,ACORN-E,Affluent,Std
MAC002308,2,ACORN-Q,Adversity,Std
MAC002309,2,ACORN-H,Comfortable,Std
MAC002310,1,ACORN-E,Affluent,Std
MAC002311,2,ACORN-G,Comfortable,Std
MAC002312,1,ACORN-H,Comfortable,Std
MAC002313,2,ACORN-E,Affluent,Std
MAC002314,1,ACORN-A,Affluent,Std
MAC002315,2,ACORN-Q,Adversity,Std
MAC002316,1,ACORN-K,Adversity,Std
MAC002317,2,ACORN-E,Affluent,Std
MAC002318,2,ACORN-Q,Adversity,ToU
MAC002319,2,ACORN-E,Affluent,Std
MAC002320,2,ACORN-F,Comfortable,Std
MAC002321,1,ACORN-E,Affluent,Std
MAC002322,2,ACORN-E,Affluent,Std
MAC002323,2,ACORN-H,Comfortable,Std
MAC002324,0,ACORN-E,Affluent,ToU
MAC002325,1,ACORN-Q,Adversity,Std
MAC002326,2,ACORN-E,Affluent,Std
MAC002327,1,ACORN-B,Affluent,Std
MAC002328,2,ACORN-Q,Adversity,Std
MAC002329,2,ACORN-F,Comfortable,Std
MAC002330,2,ACORN-E,Affluent,Std
MAC002331,2,ACORN-Q,Adversity,Std
MAC002332,1,ACORN-F,Comfortable,Std
MAC002333,2,ACORN-E,Affluent,Std
MAC002334,2,ACORN-E,Affluent,ToU
MAC002335,1,ACORN-D,Affluent,Std
MAC002336,2,ACORN-E,Affluent,ToU
MAC002337,2,ACORN-L,Adversity,Std
MAC002338,1,ACORN-E,Affluent,Std
MAC002339,1,ACORN-O,Adversity,Std
MAC002340,2,ACORN-E,Affluent,Std
MAC002341,1,ACORN-E,Affluent,Std
MAC002342,2,ACORN-L,Adversity,Std
MAC002343,1,ACORN-E,Affluent,Std
MAC002344,2,ACORN-F,Comfortable,ToU
MAC002345,2,ACORN-Q,Adversity,Std
MAC002346,2,ACORN-L,Adversity,ToU
MAC002347,2,ACORN-Q,Adversity,Std
MAC002348,1,ACORN-F,Comfortable,Std
MAC002349,1,ACORN-F,Comfortable,Std
MAC002350,2,ACORN-L,Adversity,Std
MAC002351,2,ACORN-Q,Adversity,Std
MAC002352,2,ACORN-Q,Adversity,Std
MAC002353,2,ACORN-Q,Adversity,Std
MAC002354,2,ACORN-H,Comfortable,Std
MAC002355,2,ACORN-E,Affluent,Std
MAC002356,2,ACORN-P,Adversity,Std
MAC002357,2,ACORN-Q,Adversity,ToU
MAC002358,1,ACORN-D,Affluent,Std
MAC002359,1,ACORN-E,Affluent,Std
MAC002360,2,ACORN-E,Affluent,Std
MAC002361,0,ACORN-E,Affluent,Std
MAC002362,2,ACORN-M,Adversity,Std
MAC002363,2,ACORN-F,Comfortable,Std
MAC002364,2,ACORN-Q,Adversity,Std
MAC002365,2,ACORN-Q,Adversity,Std
MAC002366,2,ACORN-P,Adversity,Std
MAC002367,1,ACORN-L,Adversity,Std
MAC002368,2,ACORN-K,Adversity,Std
MAC002369,1,ACORN-N,Adversity,Std
MAC002370,1,ACORN-E,Affluent,Std
MAC002371,2,ACORN-K,Adversity,Std
MAC002372,2,ACORN-E,Affluent,Std
MAC002373,2,ACORN-K,Adversity,Std
MAC002374,2,ACORN-E,Affluent,Std
MAC002375,2,ACORN-D,Affluent,Std
MAC002376,1,ACORN-F,Comfortable,Std
MAC002377,2,ACORN-L,Adversity,Std
MAC002378,2,ACORN-E,Affluent,Std
MAC002379,1,ACORN-Q,Adversity,Std
MAC002380,1,ACORN-D,Affluent,Std
MAC002381,2,ACORN-E,Affluent,Std
MAC002382,2,ACORN-Q,Adversity,Std
MAC002383,2,ACORN-F,Comfortable,Std
MAC002384,2,ACORN-Q,Adversity,Std
MAC002385,1,ACORN-M,Adversity,Std
MAC002386,2,ACORN-L,Adversity,Std
MAC002387,2,ACORN-O,Adversity,Std
MAC002388,2,ACORN-H,Comfortable,Std
MAC002389,1,ACORN-F,Comfortable,Std
MAC002390,2,ACORN-E,Affluent,Std
MAC002391,2,ACORN-Q,Adversity,Std
MAC002392,2,ACORN-Q,Adversity,Std
MAC002393,2,ACORN-F,Comfortable,Std
MAC002394,1,ACORN-E,Affluent,Std
MAC002395,1,ACORN-F,Comfortable,Std
MAC002396,0,ACORN-M,Adversity,Std
MAC002397,1,ACORN-F,Comfortable,Std
MAC002398,2,ACORN-L,Adversity,ToU
MAC002399,2,ACORN-E,Affluent,Std
MAC002400,2,ACORN-Q,Adversity,Std
MAC002401,1,ACORN-H,Comfortable,Std
MAC002402,2,ACORN-Q,Adversity,Std
MAC002403,2,ACORN-Q,Adversity,Std
MAC002404,2,ACORN-E,Affluent,ToU
MAC002405,1,ACORN-G,Comfortable,Std
MAC002406,2,ACORN-O,Adversity,Std
MAC002407,1,ACORN-E,Affluent,Std
MAC002408,2,ACORN-Q,Adversity,Std
MAC002409,2,ACORN-H,Comfortable,Std
MAC002410,2,ACORN-O,Adversity,Std
MAC002411,1,ACORN-H,Comfortable,Std
MAC002412,1,ACORN-K,Adversity,Std
MAC002413,2,ACORN-E,Affluent,ToU
MAC002414,1,ACORN-L,Adversity,Std
MAC002415,1,ACORN-N,Adversity,Std
MAC002416,2,ACORN-Q,Adversity,Std
MAC002417,2,ACORN-F,Comfortable,Std
MAC002418,2,ACORN-P,Adversity,ToU
MAC002419,2,ACORN-Q,Adversity,Std
MAC002420,2,ACORN-H,Comfortable,Std
MAC002421,2,ACORN-E,Affluent,ToU
MAC002422,2,ACORN-F,Comfortable,Std
MAC002423,2,ACORN-L,Adversity,Std
MAC002424,2,ACORN-Q,Adversity,Std
MAC002425,2,ACORN-L,Adversity,Std
MAC002426,2,ACORN-Q,Adversity,Std
MAC002427,2,ACORN-Q,Adversity,Std
MAC002428,1,ACORN-D,Affluent,Std
MAC002429,2,ACORN-P,Adversity,Std
MAC002430,2,ACORN-F,Comfortable,Std
MAC002431,2,ACORN-L,Adversity,Std
MAC002432,1,ACORN-E,Affluent,ToU
MAC002433,1,ACORN-C,Affluent,ToU
MAC002434,2,ACORN-E,Affluent,Std
MAC002435,2,ACORN-P,Adversity,Std
MAC002436,1,ACORN-E,Affluent,Std
MAC002437,1,ACORN-H,Comfortable,Std
MAC002438,2,ACORN-Q,Adversity,Std
MAC002439,2,ACORN-Q,Adversity,ToU
MAC002440,2,ACORN-K,Adversity,Std
MAC002441,0,ACORN-E,Affluent,Std
MAC002442,2,ACORN-E,Affluent,Std
MAC002443,0,ACORN-G,Comfortable,Std
MAC002444,2,ACORN-E,Affluent,ToU
MAC002445,2,ACORN-Q,Adversity,ToU
MAC002446,1,ACORN-E,Affluent,ToU
MAC002447,2,ACORN-E,Affluent,Std
MAC002448,2,ACORN-Q,Adversity,ToU
MAC002449,2,ACORN-F,Comfortable,Std
MAC002450,2,ACORN-N,Adversity,Std
MAC002451,1,ACORN-F,Comfortable,Std
MAC002452,2,ACORN-P,Adversity,ToU
MAC002453,2,ACORN-O,Adversity,Std
MAC002454,2,ACORN-E,Affluent,Std
MAC002455,2,ACORN-C,Affluent,ToU
MAC002456,2,ACORN-N,Adversity,Std
MAC002457,2,ACORN-P,Adversity,ToU
MAC002458,1,ACORN-D,Affluent,Std
MAC002459,2,ACORN-N,Adversity,Std
MAC002460,2,ACORN-F,Comfortable,Std
MAC002461,2,ACORN-G,Comfortable,Std
MAC002462,2,ACORN-O,Adversity,Std
MAC002463,2,ACORN-O,Adversity,ToU
MAC002464,2,ACORN-Q,Adversity,ToU
MAC002465,2,ACORN-F,Comfortable,Std
MAC002466,1,ACORN-F,Comfortable,Std
MAC002467,2,ACORN-K,Adversity,Std
MAC002468,2,ACORN-I,Comfortable,Std
MAC002469,2,ACORN-E,Affluent,Std
MAC002470,2,ACORN-E,Affluent,ToU
MAC002471,1,ACORN-E,Affluent,Std
MAC002472,2,ACORN-Q,Adversity,ToU
MAC002473,2,ACORN-Q,Adversity,ToU
MAC002474,2,ACORN-C,Affluent,Std
MAC002475,1,ACORN-Q,Adversity,Std
MAC002476,1,ACORN-H,Comfortable,ToU
MAC002477,2,ACORN-E,Affluent,Std
MAC002478,1,ACORN-E,Affluent,Std
MAC002479,2,ACORN-E,Affluent,Std
MAC002480,1,ACORN-F,Comfortable,Std
MAC002481,1,ACORN-C,Affluent,Std
MAC002482,1,ACORN-D,Affluent,ToU
MAC002483,2,ACORN-Q,Adversity,Std
MAC002484,2,ACORN-K,Adversity,ToU
MAC002485,1,ACORN-U,ACORN-U,Std
MAC002486,1,ACORN-F,Comfortable,ToU
MAC002487,2,ACORN-F,Comfortable,Std
MAC002488,2,ACORN-N,Adversity,ToU
MAC002489,1,ACORN-F,Comfortable,Std
MAC002490,2,ACORN-L,Adversity,ToU
MAC002491,2,ACORN-H,Comfortable,ToU
MAC002492,1,ACORN-E,Affluent,Std
MAC002493,1,ACORN-H,Comfortable,Std
MAC002494,1,ACORN-E,Affluent,Std
MAC002495,2,ACORN-E,Affluent,Std
MAC002496,1,ACORN-G,Comfortable,ToU
MAC002497,1,ACORN-D,Affluent,ToU
MAC002498,2,ACORN-E,Affluent,Std
MAC002499,2,ACORN-E,Affluent,Std
MAC002500,1,ACORN-F,Comfortable,Std
MAC002501,2,ACORN-Q,Adversity,Std
MAC002502,1,ACORN-F,Comfortable,Std
MAC002503,1,ACORN-C,Affluent,Std
MAC002504,2,ACORN-E,Affluent,Std
MAC002505,1,ACORN-D,Affluent,Std
MAC002506,2,ACORN-E,Affluent,Std
MAC002507,2,ACORN-F,Comfortable,ToU
MAC002508,2,ACORN-E,Affluent,ToU
MAC002509,2,ACORN-E,Affluent,Std
MAC002510,1,ACORN-E,Affluent,Std
MAC002511,1,ACORN-Q,Adversity,Std
MAC002512,1,ACORN-E,Affluent,Std
MAC002513,2,ACORN-E,Affluent,Std
MAC002514,2,ACORN-E,Affluent,Std
MAC002515,1,ACORN-H,Comfortable,Std
MAC002516,1,ACORN-O,Adversity,Std
MAC002517,1,ACORN-E,Affluent,Std
MAC002518,2,ACORN-E,Affluent,Std
MAC002519,1,ACORN-E,Affluent,Std
MAC002520,1,ACORN-F,Comfortable,ToU
MAC002521,2,ACORN-F,Comfortable,Std
MAC002522,2,ACORN-E,Affluent,Std
MAC002523,2,ACORN-Q,Adversity,Std
MAC002524,2,ACORN-K,Adversity,Std
MAC002525,2,ACORN-E,Affluent,Std
MAC002526,1,ACORN-H,Comfortable,Std
MAC002527,2,ACORN-Q,Adversity,Std
MAC002528,2,ACORN-B,Affluent,Std
MAC002529,2,ACORN-F,Comfortable,Std
MAC002530,2,ACORN-E,Affluent,Std
MAC002531,2,ACORN-Q,Adversity,Std
MAC002532,2,ACORN-F,Comfortable,Std
MAC002533,2,ACORN-E,Affluent,ToU
MAC002534,2,ACORN-E,Affluent,ToU
MAC002535,1,ACORN-G,Comfortable,Std
MAC002536,2,ACORN-E,Affluent,ToU
MAC002537,2,ACORN-Q,Adversity,Std
MAC002538,2,ACORN-F,Comfortable,Std
MAC002539,2,ACORN-E,Affluent,Std
MAC002540,2,ACORN-I,Comfortable,Std
MAC002541,2,ACORN-Q,Adversity,Std
MAC002542,2,ACORN-E,Affluent,Std
MAC002543,2,ACORN-E,Affluent,Std
MAC002544,1,ACORN-H,Comfortable,Std
MAC002545,2,ACORN-E,Affluent,Std
MAC002546,2,ACORN-E,Affluent,Std
MAC002547,2,ACORN-O,Adversity,Std
MAC002548,2,ACORN-E,Affluent,Std
MAC002549,1,ACORN-E,Affluent,Std
MAC002550,2,ACORN-E,Affluent,Std
MAC002551,2,ACORN-Q,Adversity,Std
MAC002552,1,ACORN-A,Affluent,ToU
MAC002553,1,ACORN-L,Adversity,Std
MAC002554,2,ACORN-F,Comfortable,Std
MAC002555,2,ACORN-D,Affluent,Std
MAC002556,2,ACORN-E,Affluent,Std
MAC002557,1,ACORN-E,Affluent,Std
MAC002558,1,ACORN-E,Affluent,Std
MAC002559,2,ACORN-Q,Adversity,Std
MAC002560,2,ACORN-E,Affluent,ToU
MAC002561,1,ACORN-H,Comfortable,Std
MAC002562,2,ACORN-A,Affluent,Std
MAC002563,1,ACORN-A,Affluent,Std
MAC002564,2,ACORN-E,Affluent,Std
MAC002565,2,ACORN-I,Comfortable,Std
MAC002566,2,ACORN-Q,Adversity,ToU
MAC002567,1,ACORN-E,Affluent,Std
MAC002568,2,ACORN-E,Affluent,ToU
MAC002569,1,ACORN-Q,Adversity,Std
MAC002570,1,ACORN-E,Affluent,Std
MAC002571,2,ACORN-E,Affluent,Std
MAC002572,2,ACORN-Q,Adversity,Std
MAC002573,2,ACORN-E,Affluent,Std
MAC002574,2,ACORN-G,Comfortable,ToU
MAC002575,2,ACORN-C,Affluent,Std
MAC002576,2,ACORN-Q,Adversity,Std
MAC002577,2,ACORN-F,Comfortable,Std
MAC002578,2,ACORN-E,Affluent,ToU
MAC002579,2,ACORN-P,Adversity,Std
MAC002580,2,ACORN-P,Adversity,Std
MAC002581,2,ACORN-E,Affluent,Std
MAC002582,2,ACORN-C,Affluent,Std
MAC002583,1,ACORN-E,Affluent,Std
MAC002584,2,ACORN-E,Affluent,Std
MAC002585,2,ACORN-F,Comfortable,ToU
MAC002586,2,ACORN-F,Comfortable,ToU
MAC002587,2,ACORN-E,Affluent,Std
MAC002588,2,ACORN-E,Affluent,Std
MAC002589,2,ACORN-F,Comfortable,ToU
MAC002590,0,ACORN-E,Affluent,Std
MAC002591,2,ACORN-H,Comfortable,Std
MAC002592,1,ACORN-H,Comfortable,Std
MAC002593,2,ACORN-E,Affluent,ToU
MAC002594,3,ACORN-Q,Adversity,Std
MAC002595,2,ACORN-C,Affluent,Std
MAC002596,1,ACORN-E,Affluent,ToU
MAC002597,2,ACORN-E,Affluent,Std
MAC002598,2,ACORN-E,Affluent,Std
MAC002599,1,ACORN-C,Affluent,Std
MAC002600,1,ACORN-Q,Adversity,Std
MAC002601,0,ACORN-A,Affluent,Std
MAC002602,2,ACORN-H,Comfortable,ToU
MAC002603,1,ACORN-E,Affluent,Std
MAC002604,1,ACORN-C,Affluent,ToU
MAC002605,1,ACORN-E,Affluent,Std
MAC002606,1,ACORN-C,Affluent,Std
MAC002607,2,ACORN-Q,Adversity,Std
MAC002608,2,ACORN-E,Affluent,Std
MAC002609,2,ACORN-E,Affluent,ToU
MAC002610,2,ACORN-J,Comfortable,Std
MAC002611,1,ACORN-E,Affluent,Std
MAC002612,2,ACORN-H,Comfortable,Std
MAC002613,0,ACORN-A,Affluent,Std
MAC002614,1,ACORN-E,Affluent,ToU
MAC002615,2,ACORN-E,Affluent,Std
MAC002616,2,ACORN-E,Affluent,Std
MAC002617,1,ACORN-E,Affluent,Std
MAC002618,2,ACORN-Q,Adversity,ToU
MAC002619,2,ACORN-F,Comfortable,Std
MAC002620,1,ACORN-E,Affluent,Std
MAC002621,2,ACORN-E,Affluent,Std
MAC002622,1,ACORN-D,Affluent,ToU
MAC002623,2,ACORN-E,Affluent,Std
MAC002624,2,ACORN-J,Comfortable,Std
MAC002625,1,ACORN-E,Affluent,ToU
MAC002626,1,ACORN-E,Affluent,Std
MAC002627,0,ACORN-D,Affluent,Std
MAC002628,0,ACORN-A,Affluent,Std
MAC002629,2,ACORN-Q,Adversity,Std
MAC002630,1,ACORN-F,Comfortable,Std
MAC002631,2,ACORN-H,Comfortable,Std
MAC002632,2,ACORN-Q,Adversity,Std
MAC002633,1,ACORN-E,Affluent,ToU
MAC002634,2,ACORN-P,Adversity,ToU
MAC002635,1,ACORN-E,Affluent,Std
MAC002636,2,ACORN-E,Affluent,Std
MAC002637,2,ACORN-K,Adversity,Std
MAC002638,2,ACORN-Q,Adversity,Std
MAC002639,1,ACORN-Q,Adversity,Std
MAC002640,1,ACORN-F,Comfortable,Std
MAC002641,1,ACORN-E,Affluent,Std
MAC002642,2,ACORN-Q,Adversity,Std
MAC002643,2,ACORN-L,Adversity,Std
MAC002644,0,ACORN-E,Affluent,Std
MAC002645,1,ACORN-D,Affluent,ToU
MAC002646,2,ACORN-Q,Adversity,Std
MAC002647,1,ACORN-U,ACORN-U,Std
MAC002648,1,ACORN-E,Affluent,Std
MAC002649,1,ACORN-D,Affluent,Std
MAC002650,2,ACORN-F,Comfortable,Std
MAC002651,2,ACORN-F,Comfortable,Std
MAC002652,2,ACORN-Q,Adversity,Std
MAC002653,2,ACORN-Q,Adversity,Std
MAC002654,2,ACORN-H,Comfortable,Std
MAC002655,2,ACORN-K,Adversity,Std
MAC002656,2,ACORN-E,Affluent,Std
MAC002657,2,ACORN-K,Adversity,Std
MAC002658,2,ACORN-H,Comfortable,Std
MAC002659,2,ACORN-Q,Adversity,Std
MAC002660,2,ACORN-E,Affluent,Std
MAC002661,2,ACORN-P,Adversity,Std
MAC002662,2,ACORN-E,Affluent,Std
MAC002663,1,ACORN-E,Affluent,Std
MAC002664,2,ACORN-K,Adversity,Std
MAC002665,2,ACORN-Q,Adversity,ToU
MAC002666,1,ACORN-E,Affluent,Std
MAC002667,1,ACORN-G,Comfortable,Std
MAC002668,1,ACORN-L,Adversity,ToU
MAC002669,1,ACORN-H,Comfortable,Std
MAC002670,0,ACORN-D,Affluent,Std
MAC002671,1,ACORN-P,Adversity,Std
MAC002672,1,ACORN-F,Comfortable,ToU
MAC002673,2,ACORN-P,Adversity,ToU
MAC002674,2,ACORN-Q,Adversity,Std
MAC002675,2,ACORN-E,Affluent,ToU
MAC002676,2,ACORN-E,Affluent,Std
MAC002677,2,ACORN-E,Affluent,ToU
MAC002678,2,ACORN-Q,Adversity,ToU
MAC002679,1,ACORN-E,Affluent,ToU
MAC002680,2,ACORN-H,Comfortable,ToU
MAC002681,2,ACORN-E,Affluent,Std
MAC002682,1,ACORN-F,Comfortable,Std
MAC002683,2,ACORN-E,Affluent,Std
MAC002684,2,ACORN-F,Comfortable,Std
MAC002685,2,ACORN-Q,Adversity,Std
MAC002686,1,ACORN-E,Affluent,ToU
MAC002687,2,ACORN-Q,Adversity,Std
MAC002688,1,ACORN-H,Comfortable,Std
MAC002689,2,ACORN-Q,Adversity,Std
MAC002690,2,ACORN-E,Affluent,ToU
MAC002691,2,ACORN-E,Affluent,Std
MAC002692,2,ACORN-H,Comfortable,ToU
MAC002693,2,ACORN-E,Affluent,Std
MAC002694,1,ACORN-H,Comfortable,ToU
MAC002695,2,ACORN-E,Affluent,ToU
MAC002696,2,ACORN-P,Adversity,Std
MAC002697,2,ACORN-E,Affluent,Std
MAC002698,2,ACORN-F,Comfortable,Std
MAC002699,2,ACORN-G,Comfortable,Std
MAC002700,2,ACORN-Q,Adversity,Std
MAC002701,2,ACORN-L,Adversity,ToU
MAC002702,1,ACORN-E,Affluent,Std
MAC002703,1,ACORN-N,Adversity,Std
MAC002704,2,ACORN-H,Comfortable,Std
MAC002705,2,ACORN-Q,Adversity,Std
MAC002706,2,ACORN-L,Adversity,Std
MAC002707,2,ACORN-Q,Adversity,Std
MAC002708,2,ACORN-G,Comfortable,Std
MAC002709,1,ACORN-Q,Adversity,Std
MAC002710,2,ACORN-Q,Adversity,ToU
MAC002711,2,ACORN-Q,Adversity,Std
MAC002712,2,ACORN-E,Affluent,ToU
MAC002713,2,ACORN-E,Affluent,ToU
MAC002714,2,ACORN-I,Comfortable,Std
MAC002715,2,ACORN-F,Comfortable,Std
MAC002716,2,ACORN-F,Comfortable,Std
MAC002717,2,ACORN-Q,Adversity,Std
MAC002718,1,ACORN-G,Comfortable,Std
MAC002719,2,ACORN-E,Affluent,Std
MAC002720,2,ACORN-U,ACORN-U,Std
MAC002721,2,ACORN-H,Comfortable,Std
MAC002722,2,ACORN-L,Adversity,ToU
MAC002723,1,ACORN-Q,Adversity,Std
MAC002724,1,ACORN-E,Affluent,Std
MAC002725,0,ACORN-D,Affluent,Std
MAC002726,2,ACORN-E,Affluent,ToU
MAC002727,2,ACORN-E,Affluent,Std
MAC002728,1,ACORN-Q,Adversity,ToU
MAC002729,2,ACORN-E,Affluent,Std
MAC002730,1,ACORN-E,Affluent,Std
MAC002731,2,ACORN-F,Comfortable,Std
MAC002732,2,ACORN-J,Comfortable,ToU
MAC002733,2,ACORN-F,Comfortable,Std
MAC002734,2,ACORN-O,Adversity,Std
MAC002735,2,ACORN-E,Affluent,Std
MAC002736,2,ACORN-Q,Adversity,Std
MAC002737,2,ACORN-E,Affluent,Std
MAC002738,2,ACORN-F,Comfortable,ToU
MAC002739,1,ACORN-N,Adversity,Std
MAC002740,1,ACORN-E,Affluent,Std
MAC002741,0,ACORN-D,Affluent,ToU
MAC002742,2,ACORN-K,Adversity,Std
MAC002743,2,ACORN-Q,Adversity,Std
MAC002744,2,ACORN-E,Affluent,Std
MAC002745,2,ACORN-I,Comfortable,Std
MAC002746,2,ACORN-F,Comfortable,Std
MAC002747,2,ACORN-Q,Adversity,Std
MAC002748,2,ACORN-F,Comfortable,Std
MAC002749,1,ACORN-H,Comfortable,Std
MAC002750,2,ACORN-E,Affluent,Std
MAC002751,1,ACORN-D,Affluent,Std
MAC002752,2,ACORN-E,Affluent,Std
MAC002753,2,ACORN-F,Comfortable,Std
MAC002754,1,ACORN-E,Affluent,Std
MAC002755,1,ACORN-F,Comfortable,Std
MAC002756,2,ACORN-E,Affluent,Std
MAC002757,1,ACORN-E,Affluent,Std
MAC002758,2,ACORN-N,Adversity,ToU
MAC002759,1,ACORN-G,Comfortable,Std
MAC002760,2,ACORN-M,Adversity,Std
MAC002761,2,ACORN-E,Affluent,Std
MAC002762,2,ACORN-P,Adversity,Std
MAC002763,1,ACORN-H,Comfortable,Std
MAC002764,2,ACORN-E,Affluent,Std
MAC002765,1,ACORN-D,Affluent,ToU
MAC002766,2,ACORN-N,Adversity,Std
MAC002767,2,ACORN-E,Affluent,Std
MAC002768,2,ACORN-M,Adversity,Std
MAC002769,2,ACORN-F,Comfortable,ToU
MAC002770,1,ACORN-O,Adversity,Std
MAC002771,2,ACORN-Q,Adversity,Std
MAC002772,2,ACORN-E,Affluent,Std
MAC002773,2,ACORN-Q,Adversity,Std
MAC002774,2,ACORN-U,ACORN-U,ToU
MAC002775,2,ACORN-Q,Adversity,Std
MAC002776,1,ACORN-H,Comfortable,Std
MAC002777,2,ACORN-E,Affluent,Std
MAC002778,1,ACORN-N,Adversity,Std
MAC002779,2,ACORN-D,Affluent,Std
MAC002780,1,ACORN-H,Comfortable,Std
MAC002781,2,ACORN-Q,Adversity,Std
MAC002782,1,ACORN-K,Adversity,Std
MAC002783,2,ACORN-F,Comfortable,Std
MAC002784,2,ACORN-E,Affluent,Std
MAC002785,1,ACORN-N,Adversity,Std
MAC002786,2,ACORN-Q,Adversity,ToU
MAC002787,2,ACORN-G,Comfortable,Std
MAC002788,2,ACORN-H,Comfortable,Std
MAC002789,2,ACORN-G,Comfortable,Std
MAC002790,1,ACORN-E,Affluent,Std
MAC002791,2,ACORN-E,Affluent,Std
MAC002792,2,ACORN-E,Affluent,ToU
MAC002793,2,ACORN-Q,Adversity,Std
MAC002794,1,ACORN-F,Comfortable,ToU
MAC002795,2,ACORN-F,Comfortable,ToU
MAC002796,2,ACORN-I,Comfortable,Std
MAC002797,2,ACORN-C,Affluent,ToU
MAC002798,2,ACORN-E,Affluent,ToU
MAC002799,2,ACORN-F,Comfortable,Std
MAC002800,2,ACORN-E,Affluent,ToU
MAC002801,2,ACORN-P,Adversity,Std
MAC002802,2,ACORN-Q,Adversity,Std
MAC002803,2,ACORN-Q,Adversity,Std
MAC002804,1,ACORN-E,Affluent,Std
MAC002805,1,ACORN-D,Affluent,Std
MAC002806,2,ACORN-L,Adversity,Std
MAC002807,1,ACORN-E,Affluent,Std
MAC002808,2,ACORN-Q,Adversity,Std
MAC002809,2,ACORN-E,Affluent,ToU
MAC002810,1,ACORN-E,Affluent,Std
MAC002811,1,ACORN-E,Affluent,ToU
MAC002812,2,ACORN-D,Affluent,Std
MAC002813,2,ACORN-A,Affluent,Std
MAC002814,1,ACORN-E,Affluent,ToU
MAC002815,2,ACORN-E,Affluent,Std
MAC002816,2,ACORN-N,Adversity,Std
MAC002817,1,ACORN-E,Affluent,Std
MAC002818,1,ACORN-F,Comfortable,Std
MAC002819,1,ACORN-Q,Adversity,Std
MAC002820,1,ACORN-D,Affluent,Std
MAC002821,2,ACORN-Q,Adversity,Std
MAC002822,2,ACORN-H,Comfortable,Std
MAC002823,1,ACORN-L,Adversity,Std
MAC002824,1,ACORN-Q,Adversity,Std
MAC002825,2,ACORN-Q,Adversity,Std
MAC002826,2,ACORN-E,Affluent,ToU
MAC002827,2,ACORN-E,Affluent,ToU
MAC002828,1,ACORN-H,Comfortable,Std
MAC002829,2,ACORN-C,Affluent,Std
MAC002830,2,ACORN-P,Adversity,Std
MAC002831,2,ACORN-E,Affluent,Std
MAC002832,2,ACORN-Q,Adversity,Std
MAC002833,2,ACORN-M,Adversity,ToU
MAC002834,2,ACORN-F,Comfortable,Std
MAC002835,2,ACORN-E,Affluent,Std
MAC002836,2,ACORN-G,Comfortable,ToU
MAC002837,2,ACORN-F,Comfortable,Std
MAC002838,2,ACORN-Q,Adversity,Std
MAC002839,1,ACORN-E,Affluent,ToU
MAC002840,1,ACORN-Q,Adversity,Std
MAC002841,2,ACORN-E,Affluent,Std
MAC002842,2,ACORN-J,Comfortable,Std
MAC002843,2,ACORN-K,Adversity,Std
MAC002844,1,ACORN-H,Comfortable,Std
MAC002845,2,ACORN-L,Adversity,ToU
MAC002846,2,ACORN-Q,Adversity,Std
MAC002847,2,ACORN-G,Comfortable,Std
MAC002848,2,ACORN-K,Adversity,ToU
MAC002849,0,ACORN-H,Comfortable,Std
MAC002850,2,ACORN-L,Adversity,Std
MAC002851,1,ACORN-D,Affluent,Std
MAC002852,0,ACORN-Q,Adversity,Std
MAC002853,1,ACORN-E,Affluent,Std
MAC002854,2,ACORN-Q,Adversity,Std
MAC002855,1,ACORN-F,Comfortable,ToU
MAC002856,1,ACORN-Q,Adversity,Std
MAC002857,2,ACORN-L,Adversity,Std
MAC002858,2,ACORN-E,Affluent,Std
MAC002859,1,ACORN-C,Affluent,Std
MAC002860,2,ACORN-E,Affluent,Std
MAC002861,2,ACORN-K,Adversity,ToU
MAC002862,1,ACORN-C,Affluent,Std
MAC002863,2,ACORN-P,Adversity,Std
MAC002864,1,ACORN-E,Affluent,ToU
MAC002865,1,ACORN-E,Affluent,Std
MAC002866,2,ACORN-L,Adversity,Std
MAC002867,2,ACORN-Q,Adversity,Std
MAC002868,2,ACORN-J,Comfortable,ToU
MAC002869,0,ACORN-E,Affluent,ToU
MAC002870,2,ACORN-O,Adversity,Std
MAC002871,2,ACORN-N,Adversity,Std
MAC002872,0,ACORN-F,Comfortable,Std
MAC002873,2,ACORN-F,Comfortable,Std
MAC002874,1,ACORN-F,Comfortable,ToU
MAC002875,2,ACORN-Q,Adversity,Std
MAC002876,2,ACORN-E,Affluent,Std
MAC002877,2,ACORN-L,Adversity,Std
MAC002878,2,ACORN-Q,Adversity,Std
MAC002879,2,ACORN-E,Affluent,ToU
MAC002880,1,ACORN-E,Affluent,Std
MAC002881,1,ACORN-E,Affluent,ToU
MAC002882,2,ACORN-Q,Adversity,Std
MAC002883,2,ACORN-K,Adversity,Std
MAC002884,1,ACORN-D,Affluent,Std
MAC002885,2,ACORN-D,Affluent,Std
MAC002886,2,ACORN-P,Adversity,ToU
MAC002887,2,ACORN-Q,Adversity,Std
MAC002888,2,ACORN-E,Affluent,Std
MAC002889,2,ACORN-H,Comfortable,Std
MAC002890,2,ACORN-F,Comfortable,Std
MAC002891,2,ACORN-D,Affluent,ToU
MAC002892,2,ACORN-K,Adversity,Std
MAC002893,2,ACORN-O,Adversity,Std
MAC002894,1,ACORN-F,Comfortable,ToU
MAC002895,2,ACORN-E,Affluent,ToU
MAC002896,1,ACORN-E,Affluent,Std
MAC002897,1,ACORN-E,Affluent,ToU
MAC002898,2,ACORN-Q,Adversity,Std
MAC002899,2,ACORN-Q,Adversity,Std
MAC002900,1,ACORN-L,Adversity,Std
MAC002901,1,ACORN-E,Affluent,ToU
MAC002902,2,ACORN-P,Adversity,Std
MAC002903,2,ACORN-N,Adversity,Std
MAC002904,2,ACORN-F,Comfortable,Std
MAC002905,2,ACORN-Q,Adversity,Std
MAC002906,2,ACORN-Q,Adversity,Std
MAC002907,2,ACORN-E,Affluent,Std
MAC002908,2,ACORN-H,Comfortable,Std
MAC002909,2,ACORN-F,Comfortable,ToU
MAC002910,2,ACORN-O,Adversity,ToU
MAC002911,2,ACORN-Q,Adversity,Std
MAC002912,1,ACORN-H,Comfortable,Std
MAC002913,0,ACORN-M,Adversity,Std
MAC002914,2,ACORN-E,Affluent,Std
MAC002915,1,ACORN-H,Comfortable,ToU
MAC002916,2,ACORN-Q,Adversity,Std
MAC002917,2,ACORN-Q,Adversity,Std
MAC002918,1,ACORN-F,Comfortable,ToU
MAC002919,1,ACORN-E,Affluent,Std
MAC002920,1,ACORN-E,Affluent,Std
MAC002921,2,ACORN-E,Affluent,Std
MAC002922,2,ACORN-F,Comfortable,Std
MAC002923,0,ACORN-H,Comfortable,Std
MAC002924,1,ACORN-A,Affluent,Std
MAC002925,2,ACORN-H,Comfortable,ToU
MAC002926,2,ACORN-M,Adversity,ToU
MAC002927,1,ACORN-F,Comfortable,ToU
MAC002928,2,ACORN-D,Affluent,Std
MAC002929,1,ACORN-D,Affluent,Std
MAC002930,2,ACORN-E,Affluent,ToU
MAC002931,2,ACORN-D,Affluent,ToU
MAC002932,2,ACORN-F,Comfortable,ToU
MAC002933,2,ACORN-P,Adversity,Std
MAC002934,2,ACORN-Q,Adversity,Std
MAC002935,2,ACORN-E,Affluent,ToU
MAC002936,2,ACORN-Q,Adversity,Std
MAC002937,1,ACORN-A,Affluent,Std
MAC002938,2,ACORN-P,Adversity,Std
MAC002939,2,ACORN-E,Affluent,Std
MAC002940,2,ACORN-P,Adversity,Std
MAC002941,1,ACORN-E,Affluent,Std
MAC002942,1,ACORN-F,Comfortable,Std
MAC002943,2,ACORN-E,Affluent,Std
MAC002944,2,ACORN-F,Comfortable,Std
MAC002945,2,ACORN-E,Affluent,Std
MAC002946,2,ACORN-D,Affluent,Std
MAC002947,2,ACORN-E,Affluent,Std
MAC002948,2,ACORN-Q,Adversity,Std
MAC002949,1,ACORN-E,Affluent,Std
MAC002950,1,ACORN-Q,Adversity,Std
MAC002951,2,ACORN-H,Comfortable,ToU
MAC002952,1,ACORN-K,Adversity,Std
MAC002953,1,ACORN-E,Affluent,Std
MAC002954,2,ACORN-N,Adversity,ToU
MAC002955,1,ACORN-E,Affluent,Std
MAC002956,1,ACORN-F,Comfortable,Std
MAC002957,2,ACORN-F,Comfortable,Std
MAC002958,2,ACORN-Q,Adversity,Std
MAC002959,1,ACORN-A,Affluent,ToU
MAC002960,1,ACORN-F,Comfortable,Std
MAC002961,2,ACORN-K,Adversity,Std
MAC002962,1,ACORN-H,Comfortable,Std
MAC002963,2,ACORN-Q,Adversity,ToU
MAC002964,2,ACORN-F,Comfortable,Std
MAC002965,1,ACORN-D,Affluent,Std
MAC002966,2,ACORN-E,Affluent,Std
MAC002967,2,ACORN-Q,Adversity,Std
MAC002968,2,ACORN-E,Affluent,Std
MAC002969,1,ACORN-Q,Adversity,Std
MAC002970,2,ACORN-Q,Adversity,ToU
MAC002971,2,ACORN-E,Affluent,ToU
MAC002972,2,ACORN-E,Affluent,Std
MAC002973,2,ACORN-F,Comfortable,Std
MAC002974,2,ACORN-E,Affluent,Std
MAC002975,2,ACORN-N,Adversity,Std
MAC002976,2,ACORN-Q,Adversity,Std
MAC002977,2,ACORN-E,Affluent,Std
MAC002978,2,ACORN-D,Affluent,Std
MAC002979,2,ACORN-P,Adversity,Std
MAC002980,1,ACORN-E,Affluent,Std
MAC002981,2,ACORN-J,Comfortable,Std
MAC002982,2,ACORN-E,Affluent,ToU
MAC002983,1,ACORN-F,Comfortable,ToU
MAC002984,2,ACORN-F,Comfortable,Std
MAC002985,2,ACORN-M,Adversity,ToU
MAC002986,2,ACORN-P,Adversity,Std
MAC002987,2,ACORN-F,Comfortable,Std
MAC002988,2,ACORN-Q,Adversity,Std
MAC002989,1,ACORN-E,Affluent,Std
MAC002990,1,ACORN-E,Affluent,Std
MAC002991,2,ACORN-M,Adversity,Std
MAC002992,2,ACORN-P,Adversity,ToU
MAC002993,2,ACORN-Q,Adversity,Std
MAC002994,2,ACORN-F,Comfortable,Std
MAC002995,1,ACORN-F,Comfortable,ToU
MAC002996,2,ACORN-K,Adversity,Std
MAC002997,2,ACORN-Q,Adversity,ToU
MAC002998,1,ACORN-F,Comfortable,Std
MAC002999,2,ACORN-H,Comfortable,Std
MAC003000,1,ACORN-H,Comfortable,Std
MAC003001,2,ACORN-C,Affluent,Std
MAC003002,2,ACORN-H,Comfortable,Std
MAC003003,2,ACORN-Q,Adversity,Std
MAC003004,2,ACORN-E,Affluent,Std
MAC003005,1,ACORN-E,Affluent,Std
MAC003006,2,ACORN-E,Affluent,Std
MAC003007,2,ACORN-E,Affluent,Std
MAC003008,2,ACORN-L,Adversity,Std
MAC003009,2,ACORN-Q,Adversity,Std
MAC003010,2,ACORN-E,Affluent,Std
MAC003011,2,ACORN-E,Affluent,Std
MAC003012,1,ACORN-H,Comfortable,Std
MAC003013,2,ACORN-D,Affluent,Std
MAC003014,2,ACORN-E,Affluent,Std
MAC003015,2,ACORN-K,Adversity,Std
MAC003016,2,ACORN-E,Affluent,Std
MAC003017,2,ACORN-E,Affluent,Std
MAC003018,0,ACORN-D,Affluent,Std
MAC003019,2,ACORN-L,Adversity,ToU
MAC003020,1,ACORN-Q,Adversity,Std
MAC003021,2,ACORN-Q,Adversity,Std
MAC003022,2,ACORN-D,Affluent,Std
MAC003023,2,ACORN-Q,Adversity,Std
MAC003024,2,ACORN-Q,Adversity,Std
MAC003025,1,ACORN-J,Comfortable,Std
MAC003026,2,ACORN-N,Adversity,Std
MAC003027,2,ACORN-Q,Adversity,Std
MAC003028,1,ACORN-F,Comfortable,Std
MAC003029,2,ACORN-F,Comfortable,Std
MAC003030,2,ACORN-M,Adversity,Std
MAC003031,2,ACORN-Q,Adversity,Std
MAC003032,2,ACORN-Q,Adversity,Std
MAC003033,1,ACORN-C,Affluent,Std
MAC003034,2,ACORN-F,Comfortable,Std
MAC003035,2,ACORN-E,Affluent,ToU
MAC003036,2,ACORN-Q,Adversity,Std
MAC003037,2,ACORN-Q,Adversity,ToU
MAC003038,2,ACORN-Q,Adversity,Std
MAC003039,2,ACORN-E,Affluent,Std
MAC003040,2,ACORN-Q,Adversity,Std
MAC003041,2,ACORN-H,Comfortable,Std
MAC003042,2,ACORN-G,Comfortable,Std
MAC003043,2,ACORN-E,Affluent,ToU
MAC003044,2,ACORN-H,Comfortable,ToU
MAC003045,2,ACORN-Q,Adversity,ToU
MAC003046,2,ACORN-E,Affluent,Std
MAC003047,2,ACORN-Q,Adversity,ToU
MAC003048,2,ACORN-K,Adversity,Std
MAC003049,2,ACORN-L,Adversity,ToU
MAC003050,2,ACORN-F,Comfortable,Std
MAC003051,2,ACORN-H,Comfortable,Std
MAC003052,2,ACORN-E,Affluent,Std
MAC003053,2,ACORN-J,Comfortable,Std
MAC003054,2,ACORN-E,Affluent,Std
MAC003055,2,ACORN-E,Affluent,ToU
MAC003056,2,ACORN-E,Affluent,Std
MAC003057,2,ACORN-F,Comfortable,Std
MAC003058,2,ACORN-E,Affluent,Std
MAC003059,2,ACORN-Q,Adversity,Std
MAC003060,2,ACORN-Q,Adversity,Std
MAC003061,0,ACORN-C,Affluent,ToU
MAC003062,2,ACORN-O,Adversity,Std
MAC003063,2,ACORN-D,Affluent,Std
MAC003064,2,ACORN-Q,Adversity,Std
MAC003065,1,ACORN-C,Affluent,Std
MAC003066,2,ACORN-E,Affluent,Std
MAC003067,1,ACORN-E,Affluent,Std
MAC003068,1,ACORN-E,Affluent,ToU
MAC003069,2,ACORN-F,Comfortable,ToU
MAC003070,2,ACORN-Q,Adversity,Std
MAC003071,2,ACORN-E,Affluent,Std
MAC003072,1,ACORN-A,Affluent,Std
MAC003073,2,ACORN-E,Affluent,Std
MAC003074,2,ACORN-K,Adversity,Std
MAC003075,2,ACORN-E,Affluent,Std
MAC003076,1,ACORN-K,Adversity,Std
MAC003077,2,ACORN-H,Comfortable,Std
MAC003078,1,ACORN-U,ACORN-U,Std
MAC003079,2,ACORN-L,Adversity,Std
MAC003080,2,ACORN-F,Comfortable,ToU
MAC003081,1,ACORN-H,Comfortable,Std
MAC003082,2,ACORN-E,Affluent,ToU
MAC003083,2,ACORN-E,Affluent,Std
MAC003084,2,ACORN-Q,Adversity,Std
MAC003085,1,ACORN-H,Comfortable,Std
MAC003086,2,ACORN-N,Adversity,Std
MAC003087,2,ACORN-P,Adversity,Std
MAC003088,2,ACORN-Q,Adversity,ToU
MAC003089,1,ACORN-L,Adversity,Std
MAC003090,1,ACORN-L,Adversity,Std
MAC003091,2,ACORN-H,Comfortable,Std
MAC003092,1,ACORN-G,Comfortable,Std
MAC003093,2,ACORN-D,Affluent,Std
MAC003094,2,ACORN-E,Affluent,ToU
MAC003095,1,ACORN-H,Comfortable,Std
MAC003096,2,ACORN-Q,Adversity,Std
MAC003097,2,ACORN-Q,Adversity,ToU
MAC003098,2,ACORN-E,Affluent,Std
MAC003099,2,ACORN-Q,Adversity,ToU
MAC003100,1,ACORN-D,Affluent,Std
MAC003101,2,ACORN-F,Comfortable,Std
MAC003102,2,ACORN-Q,Adversity,ToU
MAC003103,2,ACORN-E,Affluent,Std
MAC003104,2,ACORN-M,Adversity,Std
MAC003105,2,ACORN-E,Affluent,Std
MAC003106,2,ACORN-E,Affluent,Std
MAC003107,1,ACORN-M,Adversity,Std
MAC003108,2,ACORN-Q,Adversity,Std
MAC003109,1,ACORN-L,Adversity,Std
MAC003110,2,ACORN-A,Affluent,Std
MAC003111,2,ACORN-E,Affluent,ToU
MAC003112,1,ACORN-N,Adversity,Std
MAC003113,1,ACORN-E,Affluent,Std
MAC003114,1,ACORN-E,Affluent,Std
MAC003115,2,ACORN-E,Affluent,Std
MAC003116,2,ACORN-H,Comfortable,ToU
MAC003117,2,ACORN-Q,Adversity,Std
MAC003118,2,ACORN-F,Comfortable,Std
MAC003119,2,ACORN-H,Comfortable,Std
MAC003120,2,ACORN-H,Comfortable,ToU
MAC003121,1,ACORN-F,Comfortable,Std
MAC003122,1,ACORN-E,Affluent,Std
MAC003123,1,ACORN-Q,Adversity,Std
MAC003124,1,ACORN-E,Affluent,ToU
MAC003125,2,ACORN-F,Comfortable,Std
MAC003126,1,ACORN-F,Comfortable,Std
MAC003127,1,ACORN-L,Adversity,Std
MAC003128,1,ACORN-H,Comfortable,Std
MAC003129,2,ACORN-M,Adversity,Std
MAC003130,1,ACORN-E,Affluent,Std
MAC003131,2,ACORN-Q,Adversity,Std
MAC003132,2,ACORN-F,Comfortable,Std
MAC003133,1,ACORN-H,Comfortable,Std
MAC003134,2,ACORN-Q,Adversity,Std
MAC003135,1,ACORN-E,Affluent,ToU
MAC003136,1,ACORN-O,Adversity,Std
MAC003137,1,ACORN-C,Affluent,Std
MAC003138,2,ACORN-Q,Adversity,Std
MAC003139,2,ACORN-M,Adversity,Std
MAC003140,1,ACORN-G,Comfortable,ToU
MAC003141,1,ACORN-E,Affluent,Std
MAC003142,2,ACORN-H,Comfortable,Std
MAC003143,1,ACORN-M,Adversity,Std
MAC003144,1,ACORN-K,Adversity,Std
MAC003145,2,ACORN-H,Comfortable,ToU
MAC003146,2,ACORN-D,Affluent,Std
MAC003147,0,ACORN-E,Affluent,Std
MAC003148,1,ACORN-E,Affluent,Std
MAC003149,2,ACORN-K,Adversity,Std
MAC003150,2,ACORN-E,Affluent,Std
MAC003151,1,ACORN-J,Comfortable,ToU
MAC003152,2,ACORN-F,Comfortable,Std
MAC003153,1,ACORN-E,Affluent,Std
MAC003154,2,ACORN-H,Comfortable,Std
MAC003155,2,ACORN-Q,Adversity,ToU
MAC003156,2,ACORN-E,Affluent,ToU
MAC003157,1,ACORN-C,Affluent,ToU
MAC003158,1,ACORN-E,Affluent,Std
MAC003159,2,ACORN-E,Affluent,Std
MAC003160,2,ACORN-E,Affluent,Std
MAC003161,2,ACORN-Q,Adversity,Std
MAC003162,1,ACORN-K,Adversity,Std
MAC003163,1,ACORN-U,ACORN-U,Std
MAC003164,2,ACORN-L,Adversity,Std
MAC003165,1,ACORN-K,Adversity,ToU
MAC003166,0,ACORN-A,Affluent,Std
MAC003167,2,ACORN-N,Adversity,Std
MAC003168,1,ACORN-Q,Adversity,Std
MAC003169,2,ACORN-G,Comfortable,Std
MAC003170,1,ACORN-H,Comfortable,ToU
MAC003171,1,ACORN-H,Comfortable,Std
MAC003172,2,ACORN-L,Adversity,Std
MAC003173,1,ACORN-B,Affluent,Std
MAC003174,1,ACORN-G,Comfortable,Std
MAC003175,1,ACORN-L,Adversity,ToU
MAC003176,1,ACORN-I,Comfortable,Std
MAC003177,2,ACORN-N,Adversity,Std
MAC003178,2,ACORN-L,Adversity,ToU
MAC003179,2,ACORN-M,Adversity,Std
MAC003180,1,ACORN-J,Comfortable,ToU
MAC003181,2,ACORN-L,Adversity,Std
MAC003182,1,ACORN-A,Affluent,Std
MAC003183,1,ACORN-H,Comfortable,Std
MAC003184,1,ACORN-C,Affluent,Std
MAC003185,1,ACORN-M,Adversity,ToU
MAC003186,1,ACORN-I,Comfortable,Std
MAC003187,2,ACORN-G,Comfortable,Std
MAC003188,1,ACORN-H,Comfortable,Std
MAC003189,1,ACORN-L,Adversity,Std
MAC003190,2,ACORN-H,Comfortable,Std
MAC003191,2,ACORN-L,Adversity,Std
MAC003192,1,ACORN-L,Adversity,Std
MAC003193,1,ACORN-L,Adversity,Std
MAC003194,2,ACORN-M,Adversity,Std
MAC003195,1,ACORN-H,Comfortable,Std
MAC003196,2,ACORN-A,Affluent,ToU
MAC003197,1,ACORN-L,Adversity,Std
MAC003198,2,ACORN-H,Comfortable,ToU
MAC003199,1,ACORN-M,Adversity,Std
MAC003200,2,ACORN-J,Comfortable,Std
MAC003201,1,ACORN-C,Affluent,ToU
MAC003202,2,ACORN-J,Comfortable,ToU
MAC003203,2,ACORN-N,Adversity,Std
MAC003204,2,ACORN-C,Affluent,Std
MAC003205,2,ACORN-N,Adversity,Std
MAC003206,2,ACORN-H,Comfortable,Std
MAC003207,2,ACORN-O,Adversity,Std
MAC003208,2,ACORN-H,Comfortable,Std
MAC003209,2,ACORN-N,Adversity,Std
MAC003210,1,ACORN-H,Comfortable,Std
MAC003211,1,ACORN-A,Affluent,ToU
MAC003212,1,ACORN-A,Affluent,Std
MAC003213,1,ACORN-J,Comfortable,Std
MAC003214,1,ACORN-J,Comfortable,Std
MAC003215,2,ACORN-N,Adversity,Std
MAC003216,1,ACORN-H,Comfortable,Std
MAC003217,2,ACORN-N,Adversity,Std
MAC003218,0,ACORN-U,ACORN-U,Std
MAC003219,2,ACORN-H,Comfortable,Std
MAC003220,1,ACORN-C,Affluent,Std
MAC003221,2,ACORN-A,Affluent,ToU
MAC003222,1,ACORN-H,Comfortable,Std
MAC003223,1,ACORN-A,Affluent,Std
MAC003224,1,ACORN-L,Adversity,Std
MAC003225,1,ACORN-B,Affluent,Std
MAC003226,1,ACORN-M,Adversity,Std
MAC003227,2,ACORN-N,Adversity,Std
MAC003228,1,ACORN-G,Comfortable,Std
MAC003229,1,ACORN-D,Affluent,Std
MAC003230,1,ACORN-G,Comfortable,Std
MAC003231,1,ACORN-C,Affluent,Std
MAC003232,1,ACORN-N,Adversity,Std
MAC003233,2,ACORN-L,Adversity,Std
MAC003234,2,ACORN-G,Comfortable,Std
MAC003235,1,ACORN-C,Affluent,Std
MAC003236,2,ACORN-H,Comfortable,Std
MAC003237,1,ACORN-H,Comfortable,Std
MAC003238,2,ACORN-J,Comfortable,ToU
MAC003239,2,ACORN-A,Affluent,Std
MAC003240,1,ACORN-H,Comfortable,Std
MAC003241,1,ACORN-H,Comfortable,Std
MAC003242,2,ACORN-L,Adversity,Std
MAC003243,1,ACORN-N,Adversity,Std
MAC003244,1,ACORN-G,Comfortable,Std
MAC003245,2,ACORN-J,Comfortable,ToU
MAC003246,2,ACORN-P,Adversity,Std
MAC003247,1,ACORN-G,Comfortable,ToU
MAC003248,2,ACORN-I,Comfortable,Std
MAC003249,1,ACORN-N,Adversity,Std
MAC003250,1,ACORN-H,Comfortable,Std
MAC003251,2,ACORN-M,Adversity,Std
MAC003252,1,ACORN-A,Affluent,Std
MAC003253,1,ACORN-L,Adversity,Std
MAC003254,1,ACORN-L,Adversity,Std
MAC003255,1,ACORN-G,Comfortable,Std
MAC003256,1,ACORN-H,Comfortable,ToU
MAC003257,0,ACORN-A,Affluent,ToU
MAC003258,2,ACORN-L,Adversity,Std
MAC003259,1,ACORN-G,Comfortable,ToU
MAC003260,1,ACORN-C,Affluent,Std
MAC003261,1,ACORN-H,Comfortable,Std
MAC003262,2,ACORN-G,Comfortable,ToU
MAC003263,1,ACORN-L,Adversity,Std
MAC003264,1,ACORN-H,Comfortable,Std
MAC003265,2,ACORN-L,Adversity,ToU
MAC003266,2,ACORN-G,Comfortable,Std
MAC003267,1,ACORN-L,Adversity,Std
MAC003268,1,ACORN-O,Adversity,ToU
MAC003269,1,ACORN-J,Comfortable,ToU
MAC003270,2,ACORN-L,Adversity,Std
MAC003271,1,ACORN-H,Comfortable,Std
MAC003272,1,ACORN-H,Comfortable,ToU
MAC003273,1,ACORN-E,Affluent,Std
MAC003274,1,ACORN-G,Comfortable,ToU
MAC003275,2,ACORN-C,Affluent,Std
MAC003276,1,ACORN-G,Comfortable,Std
MAC003277,2,ACORN-L,Adversity,ToU
MAC003278,0,ACORN-C,Affluent,Std
MAC003279,1,ACORN-H,Comfortable,Std
MAC003280,1,ACORN-M,Adversity,Std
MAC003281,2,ACORN-A,Affluent,Std
MAC003282,2,ACORN-N,Adversity,Std
MAC003283,1,ACORN-C,Affluent,Std
MAC003284,2,ACORN-H,Comfortable,Std
MAC003285,0,ACORN-J,Comfortable,ToU
MAC003286,1,ACORN-A,Affluent,ToU
MAC003287,2,ACORN-C,Affluent,Std
MAC003288,2,ACORN-C,Affluent,Std
MAC003289,2,ACORN-L,Adversity,Std
MAC003290,1,ACORN-E,Affluent,Std
MAC003291,1,ACORN-L,Adversity,Std
MAC003292,1,ACORN-H,Comfortable,Std
MAC003293,1,ACORN-H,Comfortable,Std
MAC003294,1,ACORN-H,Comfortable,Std
MAC003295,1,ACORN-G,Comfortable,Std
MAC003296,1,ACORN-O,Adversity,Std
MAC003297,1,ACORN-L,Adversity,Std
MAC003298,0,ACORN-H,Comfortable,ToU
MAC003299,1,ACORN-C,Affluent,Std
MAC003300,1,ACORN-L,Adversity,Std
MAC003301,1,ACORN-O,Adversity,Std
MAC003302,1,ACORN-G,Comfortable,Std
MAC003303,1,ACORN-M,Adversity,Std
MAC003304,2,ACORN-G,Comfortable,Std
MAC003305,1,ACORN-A,Affluent,Std
MAC003306,2,ACORN-H,Comfortable,Std
MAC003307,1,ACORN-G,Comfortable,Std
MAC003308,2,ACORN-H,Comfortable,ToU
MAC003309,2,ACORN-J,Comfortable,Std
MAC003310,2,ACORN-L,Adversity,Std
MAC003311,2,ACORN-L,Adversity,Std
MAC003312,2,ACORN-E,Affluent,Std
MAC003313,2,ACORN-C,Affluent,Std
MAC003314,2,ACORN-H,Comfortable,Std
MAC003315,2,ACORN-L,Adversity,ToU
MAC003316,1,ACORN-L,Adversity,Std
MAC003317,1,ACORN-U,ACORN-U,Std
MAC003318,1,ACORN-H,Comfortable,Std
MAC003319,1,ACORN-C,Affluent,Std
MAC003320,1,ACORN-H,Comfortable,Std
MAC003321,1,ACORN-O,Adversity,ToU
MAC003322,1,ACORN-H,Comfortable,Std
MAC003323,1,ACORN-H,Comfortable,Std
MAC003324,1,ACORN-H,Comfortable,Std
MAC003325,1,ACORN-L,Adversity,Std
MAC003326,1,ACORN-L,Adversity,Std
MAC003327,2,ACORN-H,Comfortable,Std
MAC003328,2,ACORN-U,ACORN-U,Std
MAC003329,0,ACORN-J,Comfortable,Std
MAC003330,1,ACORN-H,Comfortable,Std
MAC003331,1,ACORN-H,Comfortable,ToU
MAC003332,1,ACORN-G,Comfortable,Std
MAC003333,1,ACORN-G,Comfortable,ToU
MAC003334,1,ACORN-H,Comfortable,ToU
MAC003335,2,ACORN-C,Affluent,Std
MAC003336,2,ACORN-C,Affluent,Std
MAC003337,1,ACORN-J,Comfortable,ToU
MAC003338,2,ACORN-L,Adversity,ToU
MAC003339,1,ACORN-C,Affluent,Std
MAC003340,1,ACORN-H,Comfortable,Std
MAC003341,2,ACORN-J,Comfortable,Std
MAC003342,1,ACORN-G,Comfortable,Std
MAC003343,1,ACORN-I,Comfortable,Std
MAC003344,0,ACORN-J,Comfortable,Std
MAC003345,1,ACORN-L,Adversity,Std
MAC003346,2,ACORN-L,Adversity,Std
MAC003347,0,ACORN-L,Adversity,ToU
MAC003348,1,ACORN-A,Affluent,Std
MAC003349,1,ACORN-C,Affluent,Std
MAC003350,1,ACORN-L,Adversity,Std
MAC003351,2,ACORN-L,Adversity,Std
MAC003352,0,ACORN-H,Comfortable,Std
MAC003353,0,ACORN-J,Comfortable,Std
MAC003354,1,ACORN-H,Comfortable,Std
MAC003355,1,ACORN-B,Affluent,Std
MAC003356,0,ACORN-J,Comfortable,Std
MAC003357,1,ACORN-C,Affluent,Std
MAC003358,2,ACORN-C,Affluent,ToU
MAC003359,2,ACORN-G,Comfortable,Std
MAC003360,2,ACORN-M,Adversity,ToU
MAC003361,2,ACORN-J,Comfortable,Std
MAC003362,2,ACORN-E,Affluent,Std
MAC003363,1,ACORN-G,Comfortable,Std
MAC003364,1,ACORN-D,Affluent,Std
MAC003365,2,ACORN-C,Affluent,ToU
MAC003366,2,ACORN-C,Affluent,ToU
MAC003367,2,ACORN-J,Comfortable,Std
MAC003368,2,ACORN-C,Affluent,Std
MAC003369,1,ACORN-L,Adversity,Std
MAC003370,2,ACORN-G,Comfortable,Std
MAC003371,1,ACORN-J,Comfortable,Std
MAC003372,1,ACORN-H,Comfortable,ToU
MAC003373,2,ACORN-O,Adversity,Std
MAC003374,1,ACORN-L,Adversity,Std
MAC003375,2,ACORN-H,Comfortable,Std
MAC003376,2,ACORN-O,Adversity,Std
MAC003377,2,ACORN-M,Adversity,Std
MAC003378,2,ACORN-E,Affluent,Std
MAC003379,2,ACORN-O,Adversity,ToU
MAC003380,1,ACORN-L,Adversity,Std
MAC003381,1,ACORN-N,Adversity,Std
MAC003382,2,ACORN-H,Comfortable,Std
MAC003383,1,ACORN-J,Comfortable,Std
MAC003384,2,ACORN-N,Adversity,Std
MAC003385,2,ACORN-G,Comfortable,Std
MAC003386,1,ACORN-M,Adversity,Std
MAC003387,2,ACORN-C,Affluent,ToU
MAC003388,0,ACORN-A,Affluent,Std
MAC003389,1,ACORN-H,Comfortable,Std
MAC003390,2,ACORN-O,Adversity,ToU
MAC003391,1,ACORN-G,Comfortable,Std
MAC003392,2,ACORN-C,Affluent,Std
MAC003393,2,ACORN-G,Comfortable,Std
MAC003394,0,ACORN-A,Affluent,Std
MAC003395,2,ACORN-H,Comfortable,Std
MAC003396,2,ACORN-L,Adversity,ToU
MAC003397,2,ACORN-N,Adversity,Std
MAC003398,1,ACORN-L,Adversity,Std
MAC003399,1,ACORN-M,Adversity,ToU
MAC003400,1,ACORN-A,Affluent,Std
MAC003401,2,ACORN-M,Adversity,Std
MAC003402,1,ACORN-M,Adversity,Std
MAC003403,2,ACORN-B,Affluent,Std
MAC003404,2,ACORN-H,Comfortable,Std
MAC003405,2,ACORN-H,Comfortable,Std
MAC003406,1,ACORN-H,Comfortable,Std
MAC003407,2,ACORN-U,ACORN-U,Std
MAC003408,1,ACORN-H,Comfortable,Std
MAC003409,2,ACORN-G,Comfortable,ToU
MAC003410,2,ACORN-J,Comfortable,Std
MAC003411,2,ACORN-L,Adversity,Std
MAC003412,2,ACORN-N,Adversity,Std
MAC003413,1,ACORN-N,Adversity,Std
MAC003414,2,ACORN-G,Comfortable,ToU
MAC003415,2,ACORN-L,Adversity,Std
MAC003416,2,ACORN-L,Adversity,Std
MAC003417,1,ACORN-H,Comfortable,Std
MAC003418,2,ACORN-L,Adversity,Std
MAC003419,0,ACORN-G,Comfortable,ToU
MAC003420,2,ACORN-N,Adversity,Std
MAC003421,2,ACORN-H,Comfortable,Std
MAC003422,1,ACORN-A,Affluent,Std
MAC003423,1,ACORN-A,Affluent,Std
MAC003424,2,ACORN-L,Adversity,Std
MAC003425,2,ACORN-I,Comfortable,ToU
MAC003426,1,ACORN-H,Comfortable,Std
MAC003427,1,ACORN-C,Affluent,ToU
MAC003428,0,ACORN-A,Affluent,Std
MAC003429,2,ACORN-L,Adversity,ToU
MAC003430,2,ACORN-I,Comfortable,ToU
MAC003431,0,ACORN-F,Comfortable,Std
MAC003432,1,ACORN-H,Comfortable,Std
MAC003433,1,ACORN-O,Adversity,Std
MAC003434,2,ACORN-C,Affluent,ToU
MAC003435,2,ACORN-L,Adversity,Std
MAC003436,1,ACORN-H,Comfortable,ToU
MAC003437,2,ACORN-N,Adversity,Std
MAC003438,2,ACORN-H,Comfortable,Std
MAC003439,2,ACORN-H,Comfortable,ToU
MAC003440,2,ACORN-I,Comfortable,Std
MAC003441,1,ACORN-B,Affluent,Std
MAC003442,2,ACORN-C,Affluent,Std
MAC003443,1,ACORN-L,Adversity,Std
MAC003444,2,ACORN-Q,Adversity,Std
MAC003445,1,ACORN-B,Affluent,Std
MAC003446,2,ACORN-J,Comfortable,Std
MAC003447,2,ACORN-I,Comfortable,Std
MAC003448,2,ACORN-M,Adversity,Std
MAC003449,0,ACORN-A,Affluent,Std
MAC003450,2,ACORN-H,Comfortable,Std
MAC003451,2,ACORN-E,Affluent,Std
MAC003452,1,ACORN-G,Comfortable,Std
MAC003453,1,ACORN-H,Comfortable,Std
MAC003454,1,ACORN-I,Comfortable,Std
MAC003455,2,ACORN-L,Adversity,Std
MAC003456,1,ACORN-H,Comfortable,Std
MAC003457,2,ACORN-H,Comfortable,Std
MAC003458,1,ACORN-M,Adversity,Std
MAC003459,1,ACORN-L,Adversity,Std
MAC003460,2,ACORN-E,Affluent,Std
MAC003461,2,ACORN-J,Comfortable,ToU
MAC003462,2,ACORN-O,Adversity,Std
MAC003463,1,ACORN-A,Affluent,Std
MAC003464,1,ACORN-H,Comfortable,Std
MAC003465,2,ACORN-E,Affluent,Std
MAC003466,2,ACORN-N,Adversity,Std
MAC003467,2,ACORN-N,Adversity,ToU
MAC003468,1,ACORN-M,Adversity,Std
MAC003469,2,ACORN-H,Comfortable,Std
MAC003470,2,ACORN-G,Comfortable,Std
MAC003471,2,ACORN-M,Adversity,ToU
MAC003472,1,ACORN-L,Adversity,ToU
MAC003473,2,ACORN-H,Comfortable,Std
MAC003474,2,ACORN-A,Affluent,ToU
MAC003475,1,ACORN-G,Comfortable,Std
MAC003476,2,ACORN-L,Adversity,ToU
MAC003477,2,ACORN-H,Comfortable,Std
MAC003478,2,ACORN-G,Comfortable,Std
MAC003479,2,ACORN-N,Adversity,Std
MAC003480,2,ACORN-G,Comfortable,Std
MAC003481,2,ACORN-L,Adversity,Std
MAC003482,1,ACORN-A,Affluent,Std
MAC003483,2,ACORN-G,Comfortable,ToU
MAC003484,2,ACORN-O,Adversity,Std
MAC003485,2,ACORN-G,Comfortable,Std
MAC003486,2,ACORN-C,Affluent,Std
MAC003487,2,ACORN-C,Affluent,Std
MAC003488,1,ACORN-H,Comfortable,Std
MAC003489,2,ACORN-H,Comfortable,ToU
MAC003490,2,ACORN-H,Comfortable,Std
MAC003491,1,ACORN-L,Adversity,Std
MAC003492,2,ACORN-N,Adversity,Std
MAC003493,2,ACORN-H,Comfortable,Std
MAC003494,2,ACORN-H,Comfortable,Std
MAC003495,2,ACORN-H,Comfortable,Std
MAC003496,2,ACORN-L,Adversity,Std
MAC003497,1,ACORN-M,Adversity,Std
MAC003498,2,ACORN-M,Adversity,Std
MAC003499,2,ACORN-C,Affluent,Std
MAC003500,2,ACORN-M,Adversity,Std
MAC003501,1,ACORN-I,Comfortable,Std
MAC003502,1,ACORN-D,Affluent,ToU
MAC003503,2,ACORN-F,Comfortable,ToU
MAC003504,2,ACORN-L,Adversity,Std
MAC003505,2,ACORN-L,Adversity,ToU
MAC003506,0,ACORN-E,Affluent,Std
MAC003507,0,ACORN-J,Comfortable,Std
MAC003508,1,ACORN-L,Adversity,Std
MAC003509,2,ACORN-F,Comfortable,Std
MAC003510,1,ACORN-L,Adversity,Std
MAC003511,2,ACORN-C,Affluent,Std
MAC003512,2,ACORN-G,Comfortable,Std
MAC003513,2,ACORN-N,Adversity,ToU
MAC003514,1,ACORN-H,Comfortable,Std
MAC003515,2,ACORN-H,Comfortable,Std
MAC003516,2,ACORN-O,Adversity,Std
MAC003517,2,ACORN-M,Adversity,Std
MAC003518,1,ACORN-M,Adversity,Std
MAC003519,2,ACORN-F,Comfortable,Std
MAC003520,2,ACORN-L,Adversity,Std
MAC003521,2,ACORN-Q,Adversity,Std
MAC003522,2,ACORN-Q,Adversity,Std
MAC003523,2,ACORN-M,Adversity,ToU
MAC003524,1,ACORN-H,Comfortable,ToU
MAC003525,1,ACORN-L,Adversity,ToU
MAC003526,2,ACORN-L,Adversity,Std
MAC003527,1,ACORN-H,Comfortable,Std
MAC003528,2,ACORN-H,Comfortable,ToU
MAC003529,2,ACORN-H,Comfortable,Std
MAC003530,2,ACORN-Q,Adversity,Std
MAC003531,2,ACORN-G,Comfortable,ToU
MAC003532,2,ACORN-H,Comfortable,Std
MAC003533,1,ACORN-L,Adversity,Std
MAC003534,1,ACORN-G,Comfortable,Std
MAC003535,1,ACORN-L,Adversity,Std
MAC003536,1,ACORN-A,Affluent,ToU
MAC003537,1,ACORN-L,Adversity,Std
MAC003538,2,ACORN-Q,Adversity,Std
MAC003539,2,ACORN-L,Adversity,ToU
MAC003540,2,ACORN-H,Comfortable,Std
MAC003541,2,ACORN-L,Adversity,ToU
MAC003542,2,ACORN-O,Adversity,Std
MAC003543,2,ACORN-M,Adversity,Std
MAC003544,1,ACORN-N,Adversity,ToU
MAC003545,2,ACORN-M,Adversity,ToU
MAC003546,2,ACORN-Q,Adversity,Std
MAC003547,1,ACORN-I,Comfortable,Std
MAC003548,1,ACORN-C,Affluent,Std
MAC003549,2,ACORN-N,Adversity,Std
MAC003550,1,ACORN-M,Adversity,ToU
MAC003551,2,ACORN-H,Comfortable,Std
MAC003552,2,ACORN-G,Comfortable,Std
MAC003553,1,ACORN-A,Affluent,Std
MAC003554,2,ACORN-E,Affluent,Std
MAC003555,1,ACORN-L,Adversity,ToU
MAC003556,1,ACORN-C,Affluent,Std
MAC003557,1,ACORN-A,Affluent,Std
MAC003558,1,ACORN-C,Affluent,Std
MAC003559,1,ACORN-C,Affluent,ToU
MAC003560,1,ACORN-M,Adversity,ToU
MAC003561,2,ACORN-H,Comfortable,Std
MAC003562,2,ACORN-E,Affluent,Std
MAC003563,2,ACORN-M,Adversity,Std
MAC003564,2,ACORN-L,Adversity,Std
MAC003565,2,ACORN-L,Adversity,Std
MAC003566,0,ACORN-A,Affluent,Std
MAC003567,2,ACORN-H,Comfortable,Std
MAC003568,0,ACORN-J,Comfortable,Std
MAC003569,2,ACORN-L,Adversity,Std
MAC003570,2,ACORN-H,Comfortable,Std
MAC003571,2,ACORN-G,Comfortable,ToU
MAC003572,2,ACORN-Q,Adversity,Std
MAC003573,1,ACORN-H,Comfortable,Std
MAC003574,1,ACORN-L,Adversity,Std
MAC003575,2,ACORN-M,Adversity,Std
MAC003576,1,ACORN-L,Adversity,Std
MAC003577,2,ACORN-L,Adversity,Std
MAC003578,2,ACORN-O,Adversity,Std
MAC003579,2,ACORN-A,Affluent,Std
MAC003580,2,ACORN-C,Affluent,ToU
MAC003581,1,ACORN-H,Comfortable,ToU
MAC003582,2,ACORN-J,Comfortable,Std
MAC003583,2,ACORN-H,Comfortable,Std
MAC003584,2,ACORN-C,Affluent,Std
MAC003585,1,ACORN-H,Comfortable,Std
MAC003586,2,ACORN-Q,Adversity,Std
MAC003587,2,ACORN-F,Comfortable,Std
MAC003588,2,ACORN-N,Adversity,ToU
MAC003589,1,ACORN-G,Comfortable,Std
MAC003590,1,ACORN-M,Adversity,Std
MAC003591,2,ACORN-H,Comfortable,Std
MAC003592,1,ACORN-C,Affluent,Std
MAC003593,2,ACORN-L,Adversity,Std
MAC003594,0,ACORN-Q,Adversity,Std
MAC003595,1,ACORN-H,Comfortable,Std
MAC003596,1,ACORN-G,Comfortable,Std
MAC003597,0,ACORN-A,Affluent,Std
MAC003598,2,ACORN-L,Adversity,Std
MAC003599,1,ACORN-H,Comfortable,Std
MAC003600,2,ACORN-G,Comfortable,Std
MAC003601,2,ACORN-I,Comfortable,Std
MAC003602,0,ACORN-H,Comfortable,Std
MAC003603,0,ACORN-E,Affluent,Std
MAC003604,2,ACORN-L,Adversity,Std
MAC003605,2,ACORN-M,Adversity,ToU
MAC003606,1,ACORN-A,Affluent,ToU
MAC003607,1,ACORN-B,Affluent,Std
MAC003608,2,ACORN-M,Adversity,Std
MAC003609,0,ACORN-L,Adversity,Std
MAC003610,1,ACORN-H,Comfortable,Std
MAC003611,2,ACORN-H,Comfortable,Std
MAC003612,1,ACORN-L,Adversity,Std
MAC003613,0,ACORN-A,Affluent,Std
MAC003614,1,ACORN-H,Comfortable,Std
MAC003615,1,ACORN-H,Comfortable,Std
MAC003616,2,ACORN-P,Adversity,Std
MAC003617,2,ACORN-G,Comfortable,ToU
MAC003618,2,ACORN-M,Adversity,Std
MAC003619,2,ACORN-U,ACORN-U,Std
MAC003620,2,ACORN-M,Adversity,Std
MAC003621,1,ACORN-G,Comfortable,Std
MAC003622,1,ACORN-M,Adversity,Std
MAC003623,1,ACORN-L,Adversity,Std
MAC003624,2,ACORN-M,Adversity,Std
MAC003625,2,ACORN-H,Comfortable,Std
MAC003626,2,ACORN-H,Comfortable,ToU
MAC003627,2,ACORN-G,Comfortable,Std
MAC003628,1,ACORN-N,Adversity,Std
MAC003629,2,ACORN-L,Adversity,Std
MAC003630,2,ACORN-Q,Adversity,Std
MAC003631,2,ACORN-O,Adversity,Std
MAC003632,2,ACORN-O,Adversity,Std
MAC003633,1,ACORN-H,Comfortable,Std
MAC003634,0,ACORN-A,Affluent,ToU
MAC003635,2,ACORN-H,Comfortable,Std
MAC003636,2,ACORN-O,Adversity,Std
MAC003637,2,ACORN-Q,Adversity,ToU
MAC003638,2,ACORN-H,Comfortable,ToU
MAC003639,1,ACORN-C,Affluent,Std
MAC003640,1,ACORN-L,Adversity,Std
MAC003641,2,ACORN-L,Adversity,Std
MAC003642,1,ACORN-C,Affluent,Std
MAC003643,2,ACORN-F,Comfortable,ToU
MAC003644,1,ACORN-L,Adversity,Std
MAC003645,2,ACORN-Q,Adversity,Std
MAC003646,1,ACORN-A,Affluent,Std
MAC003647,2,ACORN-N,Adversity,Std
MAC003648,1,ACORN-E,Affluent,ToU
MAC003649,1,ACORN-L,Adversity,ToU
MAC003650,1,ACORN-H,Comfortable,Std
MAC003651,1,ACORN-N,Adversity,Std
MAC003652,2,ACORN-U,ACORN-U,ToU
MAC003653,1,ACORN-H,Comfortable,Std
MAC003654,2,ACORN-O,Adversity,Std
MAC003655,1,ACORN-H,Comfortable,Std
MAC003656,1,ACORN-A,Affluent,Std
MAC003657,2,ACORN-Q,Adversity,Std
MAC003658,2,ACORN-H,Comfortable,Std
MAC003659,2,ACORN-H,Comfortable,Std
MAC003660,2,ACORN-L,Adversity,Std
MAC003661,2,ACORN-J,Comfortable,ToU
MAC003662,1,ACORN-F,Comfortable,Std
MAC003663,2,ACORN-G,Comfortable,Std
MAC003664,2,ACORN-Q,Adversity,Std
MAC003665,2,ACORN-E,Affluent,ToU
MAC003666,2,ACORN-J,Comfortable,ToU
MAC003667,0,ACORN-L,Adversity,Std
MAC003668,0,ACORN-A,Affluent,Std
MAC003669,2,ACORN-L,Adversity,ToU
MAC003670,2,ACORN-H,Comfortable,Std
MAC003671,2,ACORN-N,Adversity,Std
MAC003672,2,ACORN-G,Comfortable,Std
MAC003673,2,ACORN-M,Adversity,Std
MAC003674,2,ACORN-L,Adversity,Std
MAC003675,1,ACORN-L,Adversity,ToU
MAC003676,1,ACORN-Q,Adversity,Std
MAC003677,2,ACORN-G,Comfortable,ToU
MAC003678,1,ACORN-H,Comfortable,Std
MAC003679,2,ACORN-F,Comfortable,ToU
MAC003680,1,ACORN-A,Affluent,Std
MAC003681,2,ACORN-G,Comfortable,Std
MAC003682,1,ACORN-H,Comfortable,ToU
MAC003683,2,ACORN-A,Affluent,Std
MAC003684,2,ACORN-H,Comfortable,ToU
MAC003685,1,ACORN-H,Comfortable,Std
MAC003686,1,ACORN-A,Affluent,Std
MAC003687,1,ACORN-G,Comfortable,Std
MAC003688,2,ACORN-L,Adversity,Std
MAC003689,1,ACORN-F,Comfortable,Std
MAC003690,2,ACORN-H,Comfortable,Std
MAC003691,2,ACORN-O,Adversity,Std
MAC003692,2,ACORN-L,Adversity,Std
MAC003693,1,ACORN-Q,Adversity,Std
MAC003694,2,ACORN-O,Adversity,Std
MAC003695,2,ACORN-G,Comfortable,ToU
MAC003696,2,ACORN-H,Comfortable,Std
MAC003697,1,ACORN-H,Comfortable,Std
MAC003698,2,ACORN-L,Adversity,Std
MAC003699,1,ACORN-H,Comfortable,Std
MAC003700,2,ACORN-P,Adversity,Std
MAC003701,2,ACORN-H,Comfortable,Std
MAC003702,2,ACORN-H,Comfortable,Std
MAC003703,1,ACORN-L,Adversity,ToU
MAC003704,1,ACORN-N,Adversity,Std
MAC003705,2,ACORN-L,Adversity,ToU
MAC003706,1,ACORN-L,Adversity,ToU
MAC003707,2,ACORN-Q,Adversity,Std
MAC003708,1,ACORN-D,Affluent,ToU
MAC003709,0,ACORN-D,Affluent,Std
MAC003710,2,ACORN-E,Affluent,Std
MAC003711,1,ACORN-E,Affluent,Std
MAC003712,0,ACORN-H,Comfortable,Std
MAC003713,1,ACORN-G,Comfortable,ToU
MAC003714,1,ACORN-Q,Adversity,Std
MAC003715,1,ACORN-H,Comfortable,Std
MAC003716,2,ACORN-E,Affluent,Std
MAC003717,0,ACORN-F,Comfortable,Std
MAC003718,2,ACORN-A,Affluent,Std
MAC003719,1,ACORN-A,Affluent,Std
MAC003720,1,ACORN-H,Comfortable,Std
MAC003721,2,ACORN-J,Comfortable,Std
MAC003722,2,ACORN-H,Comfortable,ToU
MAC003723,1,ACORN-H,Comfortable,ToU
MAC003724,2,ACORN-E,Affluent,Std
MAC003725,1,ACORN-E,Affluent,Std
MAC003726,2,ACORN-L,Adversity,Std
MAC003727,2,ACORN-L,Adversity,Std
MAC003728,1,ACORN-L,Adversity,ToU
MAC003729,1,ACORN-G,Comfortable,Std
MAC003730,1,ACORN-O,Adversity,Std
MAC003731,2,ACORN-C,Affluent,Std
MAC003732,1,ACORN-H,Comfortable,Std
MAC003733,1,ACORN-G,Comfortable,Std
MAC003734,1,ACORN-G,Comfortable,Std
MAC003735,1,ACORN-G,Comfortable,Std
MAC003736,1,ACORN-C,Affluent,ToU
MAC003737,1,ACORN-A,Affluent,Std
MAC003738,1,ACORN-L,Adversity,ToU
MAC003739,2,ACORN-J,Comfortable,Std
MAC003740,1,ACORN-A,Affluent,Std
MAC003741,1,ACORN-Q,Adversity,Std
MAC003742,2,ACORN-O,Adversity,Std
MAC003743,2,ACORN-H,Comfortable,Std
MAC003744,2,ACORN-O,Adversity,Std
MAC003745,2,ACORN-C,Affluent,ToU
MAC003746,0,ACORN-E,Affluent,Std
MAC003747,2,ACORN-Q,Adversity,ToU
MAC003748,1,ACORN-C,Affluent,Std
MAC003749,0,ACORN-M,Adversity,Std
MAC003750,1,ACORN-H,Comfortable,Std
MAC003751,1,ACORN-J,Comfortable,Std
MAC003752,1,ACORN-L,Adversity,Std
MAC003753,1,ACORN-H,Comfortable,ToU
MAC003754,1,ACORN-H,Comfortable,Std
MAC003755,1,ACORN-C,Affluent,Std
MAC003756,1,ACORN-O,Adversity,Std
MAC003757,1,ACORN-L,Adversity,Std
MAC003758,0,ACORN-H,Comfortable,ToU
MAC003759,1,ACORN-H,Comfortable,Std
MAC003760,1,ACORN-G,Comfortable,ToU
MAC003761,2,ACORN-Q,Adversity,Std
MAC003762,1,ACORN-C,Affluent,ToU
MAC003763,2,ACORN-L,Adversity,Std
MAC003764,1,ACORN-K,Adversity,Std
MAC003765,2,ACORN-L,Adversity,Std
MAC003766,1,ACORN-C,Affluent,ToU
MAC003767,2,ACORN-Q,Adversity,Std
MAC003768,1,ACORN-H,Comfortable,Std
MAC003769,1,ACORN-M,Adversity,ToU
MAC003770,1,ACORN-L,Adversity,Std
MAC003771,2,ACORN-G,Comfortable,ToU
MAC003772,1,ACORN-O,Adversity,Std
MAC003773,1,ACORN-L,Adversity,Std
MAC003774,1,ACORN-I,Comfortable,Std
MAC003775,0,ACORN-A,Affluent,Std
MAC003776,1,ACORN-C,Affluent,Std
MAC003777,1,ACORN-E,Affluent,Std
MAC003778,2,ACORN-J,Comfortable,Std
MAC003779,1,ACORN-O,Adversity,Std
MAC003780,2,ACORN-U,ACORN-U,Std
MAC003781,2,ACORN-N,Adversity,Std
MAC003782,1,ACORN-C,Affluent,ToU
MAC003783,1,ACORN-L,Adversity,ToU
MAC003784,1,ACORN-H,Comfortable,Std
MAC003785,2,ACORN-L,Adversity,Std
MAC003786,2,ACORN-M,Adversity,Std
MAC003787,2,ACORN-C,Affluent,Std
MAC003788,2,ACORN-J,Comfortable,ToU
MAC003789,1,ACORN-E,Affluent,Std
MAC003790,2,ACORN-E,Affluent,Std
MAC003791,2,ACORN-J,Comfortable,Std
MAC003792,2,ACORN-Q,Adversity,Std
MAC003793,2,ACORN-L,Adversity,Std
MAC003794,1,ACORN-H,Comfortable,Std
MAC003795,1,ACORN-H,Comfortable,Std
MAC003796,1,ACORN-G,Comfortable,Std
MAC003797,2,ACORN-O,Adversity,Std
MAC003798,2,ACORN-N,Adversity,Std
MAC003799,1,ACORN-I,Comfortable,Std
MAC003800,1,ACORN-E,Affluent,Std
MAC003801,1,ACORN-H,Comfortable,Std
MAC003802,1,ACORN-J,Comfortable,Std
MAC003803,2,ACORN-I,Comfortable,Std
MAC003804,1,ACORN-C,Affluent,Std
MAC003805,1,ACORN-A,Affluent,Std
MAC003806,2,ACORN-H,Comfortable,Std
MAC003807,0,ACORN-A,Affluent,ToU
MAC003808,2,ACORN-H,Comfortable,ToU
MAC003809,2,ACORN-H,Comfortable,Std
MAC003810,1,ACORN-G,Comfortable,Std
MAC003811,1,ACORN-F,Comfortable,Std
MAC003812,2,ACORN-H,Comfortable,Std
MAC003813,1,ACORN-Q,Adversity,Std
MAC003814,2,ACORN-G,Comfortable,Std
MAC003815,2,ACORN-H,Comfortable,Std
MAC003816,2,ACORN-L,Adversity,ToU
MAC003817,1,ACORN-A,Affluent,Std
MAC003818,0,ACORN-E,Affluent,Std
MAC003819,2,ACORN-G,Comfortable,Std
MAC003820,0,ACORN-H,Comfortable,ToU
MAC003821,1,ACORN-L,Adversity,Std
MAC003822,2,ACORN-B,Affluent,Std
MAC003823,1,ACORN-H,Comfortable,ToU
MAC003824,2,ACORN-N,Adversity,Std
MAC003825,2,ACORN-F,Comfortable,Std
MAC003826,1,ACORN-A,Affluent,Std
MAC003827,2,ACORN-G,Comfortable,ToU
MAC003828,1,ACORN-G,Comfortable,Std
MAC003829,1,ACORN-M,Adversity,ToU
MAC003830,2,ACORN-G,Comfortable,Std
MAC003831,2,ACORN-G,Comfortable,Std
MAC003832,1,ACORN-H,Comfortable,Std
MAC003833,2,ACORN-H,Comfortable,Std
MAC003834,1,ACORN-H,Comfortable,Std
MAC003835,1,ACORN-N,Adversity,Std
MAC003836,1,ACORN-L,Adversity,Std
MAC003837,2,ACORN-N,Adversity,Std
MAC003838,1,ACORN-L,Adversity,Std
MAC003839,1,ACORN-H,Comfortable,Std
MAC003840,1,ACORN-A,Affluent,Std
MAC003841,1,ACORN-K,Adversity,Std
MAC003842,1,ACORN-H,Comfortable,Std
MAC003843,1,ACORN-C,Affluent,Std
MAC003844,1,ACORN-A,Affluent,Std
MAC003845,2,ACORN-E,Affluent,Std
MAC003846,2,ACORN-J,Comfortable,Std
MAC003847,2,ACORN-G,Comfortable,Std
MAC003848,1,ACORN-L,Adversity,ToU
MAC003849,2,ACORN-Q,Adversity,Std
MAC003850,2,ACORN-N,Adversity,Std
MAC003851,1,ACORN-A,Affluent,Std
MAC003852,1,ACORN-H,Comfortable,ToU
MAC003853,2,ACORN-Q,Adversity,Std
MAC003854,2,ACORN-E,Affluent,Std
MAC003855,1,ACORN-H,Comfortable,Std
MAC003856,0,ACORN-A,Affluent,Std
MAC003857,2,ACORN-H,Comfortable,Std
MAC003858,1,ACORN-J,Comfortable,Std
MAC003859,1,ACORN-H,Comfortable,Std
MAC003860,0,ACORN-U,ACORN-U,Std
MAC003861,0,ACORN-K,Adversity,Std
MAC003862,2,ACORN-L,Adversity,ToU
MAC003863,1,ACORN-A,Affluent,Std
MAC003864,2,ACORN-I,Comfortable,Std
MAC003865,2,ACORN-H,Comfortable,ToU
MAC003866,2,ACORN-H,Comfortable,Std
MAC003867,1,ACORN-H,Comfortable,Std
MAC003868,1,ACORN-G,Comfortable,Std
MAC003869,1,ACORN-M,Adversity,ToU
MAC003870,1,ACORN-G,Comfortable,Std
MAC003871,2,ACORN-G,Comfortable,Std
MAC003872,1,ACORN-Q,Adversity,Std
MAC003873,1,ACORN-H,Comfortable,Std
MAC003874,2,ACORN-A,Affluent,Std
MAC003875,1,ACORN-H,Comfortable,Std
MAC003876,1,ACORN-B,Affluent,Std
MAC003877,1,ACORN-J,Comfortable,Std
MAC003878,1,ACORN-H,Comfortable,Std
MAC003879,1,ACORN-H,Comfortable,Std
MAC003880,2,ACORN-L,Adversity,Std
MAC003881,0,ACORN-I,Comfortable,Std
MAC003882,2,ACORN-H,Comfortable,Std
MAC003883,2,ACORN-O,Adversity,Std
MAC003884,2,ACORN-U,ACORN-U,Std
MAC003885,2,ACORN-Q,Adversity,Std
MAC003886,2,ACORN-P,Adversity,Std
MAC003887,2,ACORN-M,Adversity,Std
MAC003888,1,ACORN-H,Comfortable,Std
MAC003889,1,ACORN-C,Affluent,Std
MAC003890,1,ACORN-L,Adversity,ToU
MAC003891,2,ACORN-L,Adversity,Std
MAC003892,2,ACORN-I,Comfortable,ToU
MAC003893,2,ACORN-F,Comfortable,Std
MAC003894,2,ACORN-L,Adversity,Std
MAC003895,1,ACORN-A,Affluent,ToU
MAC003896,1,ACORN-H,Comfortable,Std
MAC003897,2,ACORN-H,Comfortable,ToU
MAC003898,1,ACORN-E,Affluent,Std
MAC003899,1,ACORN-H,Comfortable,ToU
MAC003900,1,ACORN-B,Affluent,Std
MAC003901,2,ACORN-C,Affluent,Std
MAC003902,0,ACORN-L,Adversity,Std
MAC003903,0,ACORN-B,Affluent,ToU
MAC003904,1,ACORN-G,Comfortable,Std
MAC003905,2,ACORN-F,Comfortable,Std
MAC003906,1,ACORN-E,Affluent,Std
MAC003907,0,ACORN-C,Affluent,Std
MAC003908,2,ACORN-B,Affluent,Std
MAC003909,1,ACORN-L,Adversity,Std
MAC003910,2,ACORN-E,Affluent,Std
MAC003911,1,ACORN-L,Adversity,ToU
MAC003912,2,ACORN-C,Affluent,Std
MAC003913,2,ACORN-N,Adversity,Std
MAC003914,0,ACORN-C,Affluent,ToU
MAC003915,2,ACORN-I,Comfortable,ToU
MAC003916,1,ACORN-U,ACORN-U,ToU
MAC003917,1,ACORN-H,Comfortable,Std
MAC003918,2,ACORN-L,Adversity,Std
MAC003919,2,ACORN-L,Adversity,ToU
MAC003920,2,ACORN-E,Affluent,Std
MAC003921,2,ACORN-Q,Adversity,Std
MAC003922,2,ACORN-L,Adversity,Std
MAC003923,2,ACORN-N,Adversity,Std
MAC003924,2,ACORN-Q,Adversity,Std
MAC003925,2,ACORN-H,Comfortable,Std
MAC003926,2,ACORN-H,Comfortable,Std
MAC003927,2,ACORN-N,Adversity,Std
MAC003928,2,ACORN-F,Comfortable,Std
MAC003929,2,ACORN-O,Adversity,Std
MAC003930,1,ACORN-H,Comfortable,Std
MAC003931,2,ACORN-Q,Adversity,Std
MAC003932,0,ACORN-E,Affluent,Std
MAC003933,2,ACORN-C,Affluent,Std
MAC003934,1,ACORN-E,Affluent,Std
MAC003935,2,ACORN-Q,Adversity,Std
MAC003936,2,ACORN-Q,Adversity,Std
MAC003937,2,ACORN-F,Comfortable,Std
MAC003938,1,ACORN-E,Affluent,Std
MAC003939,1,ACORN-N,Adversity,Std
MAC003940,2,ACORN-E,Affluent,Std
MAC003941,2,ACORN-F,Comfortable,Std
MAC003942,2,ACORN-Q,Adversity,Std
MAC003943,2,ACORN-E,Affluent,Std
MAC003944,2,ACORN-E,Affluent,Std
MAC003945,2,ACORN-E,Affluent,Std
MAC003946,1,ACORN-E,Affluent,Std
MAC003947,2,ACORN-F,Comfortable,ToU
MAC003948,1,ACORN-P,Adversity,Std
MAC003949,2,ACORN-E,Affluent,Std
MAC003950,2,ACORN-F,Comfortable,Std
MAC003951,1,ACORN-F,Comfortable,ToU
MAC003952,1,ACORN-E,Affluent,Std
MAC003953,2,ACORN-E,Affluent,Std
MAC003954,2,ACORN-E,Affluent,ToU
MAC003955,2,ACORN-Q,Adversity,Std
MAC003956,1,ACORN-E,Affluent,Std
MAC003957,1,ACORN-F,Comfortable,Std
MAC003958,1,ACORN-D,Affluent,Std
MAC003959,2,ACORN-H,Comfortable,Std
MAC003960,1,ACORN-E,Affluent,ToU
MAC003961,1,ACORN-M,Adversity,Std
MAC003962,2,ACORN-E,Affluent,Std
MAC003963,2,ACORN-F,Comfortable,Std
MAC003964,2,ACORN-Q,Adversity,Std
MAC003965,2,ACORN-F,Comfortable,Std
MAC003966,2,ACORN-E,Affluent,Std
MAC003967,2,ACORN-F,Comfortable,ToU
MAC003968,1,ACORN-G,Comfortable,ToU
MAC003969,1,ACORN-H,Comfortable,Std
MAC003970,2,ACORN-E,Affluent,Std
MAC003971,2,ACORN-F,Comfortable,Std
MAC003972,1,ACORN-L,Adversity,Std
MAC003973,1,ACORN-J,Comfortable,ToU
MAC003974,2,ACORN-E,Affluent,Std
MAC003975,1,ACORN-E,Affluent,ToU
MAC003976,1,ACORN-N,Adversity,Std
MAC003977,2,ACORN-U,ACORN-U,ToU
MAC003978,1,ACORN-Q,Adversity,Std
MAC003979,0,ACORN-F,Comfortable,Std
MAC003980,2,ACORN-Q,Adversity,Std
MAC003981,1,ACORN-F,Comfortable,Std
MAC003982,2,ACORN-Q,Adversity,ToU
MAC003983,2,ACORN-F,Comfortable,Std
MAC003984,2,ACORN-E,Affluent,ToU
MAC003985,2,ACORN-E,Affluent,Std
MAC003986,2,ACORN-H,Comfortable,Std
MAC003987,1,ACORN-D,Affluent,Std
MAC003988,2,ACORN-O,Adversity,ToU
MAC003989,2,ACORN-F,Comfortable,ToU
MAC003990,2,ACORN-K,Adversity,Std
MAC003991,1,ACORN-H,Comfortable,ToU
MAC003992,0,ACORN-U,ACORN-U,Std
MAC003993,1,ACORN-E,Affluent,Std
MAC003994,2,ACORN-E,Affluent,Std
MAC003995,2,ACORN-P,Adversity,Std
MAC003996,2,ACORN-Q,Adversity,Std
MAC003997,1,ACORN-F,Comfortable,Std
MAC003998,2,ACORN-F,Comfortable,ToU
MAC003999,1,ACORN-F,Comfortable,Std
MAC004000,0,ACORN-E,Affluent,ToU
MAC004001,2,ACORN-P,Adversity,ToU
MAC004002,1,ACORN-H,Comfortable,Std
MAC004003,2,ACORN-E,Affluent,Std
MAC004004,2,ACORN-Q,Adversity,Std
MAC004005,2,ACORN-Q,Adversity,Std
MAC004006,1,ACORN-D,Affluent,Std
MAC004007,1,ACORN-D,Affluent,Std
MAC004008,2,ACORN-P,Adversity,ToU
MAC004009,2,ACORN-F,Comfortable,Std
MAC004010,1,ACORN-U,ACORN-U,Std
MAC004011,2,ACORN-O,Adversity,Std
MAC004012,2,ACORN-H,Comfortable,ToU
MAC004013,2,ACORN-E,Affluent,Std
MAC004014,1,ACORN-E,Affluent,Std
MAC004015,1,ACORN-E,Affluent,Std
MAC004016,0,ACORN-D,Affluent,Std
MAC004017,2,ACORN-O,Adversity,Std
MAC004018,2,ACORN-Q,Adversity,Std
MAC004019,2,ACORN-Q,Adversity,Std
MAC004020,1,ACORN-E,Affluent,Std
MAC004021,2,ACORN-O,Adversity,ToU
MAC004022,2,ACORN-E,Affluent,Std
MAC004023,2,ACORN-F,Comfortable,Std
MAC004024,2,ACORN-F,Comfortable,ToU
MAC004025,2,ACORN-E,Affluent,ToU
MAC004026,2,ACORN-D,Affluent,Std
MAC004027,2,ACORN-P,Adversity,Std
MAC004028,2,ACORN-Q,Adversity,Std
MAC004029,1,ACORN-C,Affluent,Std
MAC004030,1,ACORN-F,Comfortable,Std
MAC004031,2,ACORN-H,Comfortable,ToU
MAC004032,2,ACORN-G,Comfortable,Std
MAC004033,2,ACORN-L,Adversity,Std
MAC004034,1,ACORN-A,Affluent,Std
MAC004035,2,ACORN-E,Affluent,ToU
MAC004036,2,ACORN-L,Adversity,Std
MAC004037,1,ACORN-F,Comfortable,ToU
MAC004038,2,ACORN-E,Affluent,Std
MAC004039,2,ACORN-F,Comfortable,Std
MAC004040,2,ACORN-C,Affluent,Std
MAC004041,2,ACORN-E,Affluent,Std
MAC004042,2,ACORN-L,Adversity,Std
MAC004043,2,ACORN-M,Adversity,Std
MAC004044,2,ACORN-Q,Adversity,Std
MAC004045,2,ACORN-E,Affluent,Std
MAC004046,2,ACORN-E,Affluent,Std
MAC004047,2,ACORN-P,Adversity,Std
MAC004048,1,ACORN-H,Comfortable,Std
MAC004049,1,ACORN-G,Comfortable,Std
MAC004050,2,ACORN-F,Comfortable,ToU
MAC004051,1,ACORN-D,Affluent,Std
MAC004052,2,ACORN-Q,Adversity,Std
MAC004053,2,ACORN-F,Comfortable,ToU
MAC004054,0,ACORN-A,Affluent,ToU
MAC004055,1,ACORN-E,Affluent,Std
MAC004056,2,ACORN-Q,Adversity,Std
MAC004057,1,ACORN-N,Adversity,Std
MAC004058,2,ACORN-J,Comfortable,Std
MAC004059,1,ACORN-F,Comfortable,Std
MAC004060,2,ACORN-G,Comfortable,Std
MAC004061,2,ACORN-Q,Adversity,Std
MAC004062,2,ACORN-E,Affluent,ToU
MAC004063,1,ACORN-F,Comfortable,Std
MAC004064,2,ACORN-Q,Adversity,Std
MAC004065,2,ACORN-Q,Adversity,ToU
MAC004066,1,ACORN-Q,Adversity,ToU
MAC004067,2,ACORN-U,ACORN-U,Std
MAC004068,2,ACORN-E,Affluent,Std
MAC004069,2,ACORN-U,ACORN-U,Std
MAC004070,2,ACORN-D,Affluent,Std
MAC004071,1,ACORN-Q,Adversity,Std
MAC004072,2,ACORN-E,Affluent,Std
MAC004073,2,ACORN-E,Affluent,Std
MAC004074,1,ACORN-Q,Adversity,Std
MAC004075,1,ACORN-D,Affluent,Std
MAC004076,1,ACORN-O,Adversity,ToU
MAC004077,2,ACORN-K,Adversity,Std
MAC004078,2,ACORN-Q,Adversity,Std
MAC004079,2,ACORN-Q,Adversity,Std
MAC004080,2,ACORN-E,Affluent,Std
MAC004081,2,ACORN-H,Comfortable,Std
MAC004082,1,ACORN-E,Affluent,Std
MAC004083,1,ACORN-L,Adversity,ToU
MAC004084,2,ACORN-E,Affluent,Std
MAC004085,1,ACORN-O,Adversity,Std
MAC004086,1,ACORN-P,Adversity,Std
MAC004087,1,ACORN-E,Affluent,Std
MAC004088,2,ACORN-Q,Adversity,Std
MAC004089,2,ACORN-Q,Adversity,Std
MAC004090,2,ACORN-F,Comfortable,Std
MAC004091,1,ACORN-D,Affluent,ToU
MAC004092,2,ACORN-Q,Adversity,Std
MAC004093,2,ACORN-F,Comfortable,Std
MAC004094,2,ACORN-E,Affluent,Std
MAC004095,2,ACORN-H,Comfortable,Std
MAC004096,2,ACORN-E,Affluent,Std
MAC004097,2,ACORN-Q,Adversity,Std
MAC004098,2,ACORN-H,Comfortable,Std
MAC004099,2,ACORN-E,Affluent,Std
MAC004100,2,ACORN-P,Adversity,ToU
MAC004101,2,ACORN-Q,Adversity,Std
MAC004102,0,ACORN-E,Affluent,Std
MAC004103,2,ACORN-N,Adversity,Std
MAC004104,2,ACORN-Q,Adversity,Std
MAC004105,2,ACORN-E,Affluent,Std
MAC004106,1,ACORN-E,Affluent,ToU
MAC004107,1,ACORN-H,Comfortable,ToU
MAC004108,2,ACORN-C,Affluent,Std
MAC004109,2,ACORN-Q,Adversity,Std
MAC004110,2,ACORN-Q,Adversity,Std
MAC004111,2,ACORN-D,Affluent,Std
MAC004112,1,ACORN-E,Affluent,Std
MAC004113,2,ACORN-L,Adversity,Std
MAC004114,2,ACORN-H,Comfortable,Std
MAC004115,1,ACORN-E,Affluent,Std
MAC004116,2,ACORN-E,Affluent,Std
MAC004117,2,ACORN-F,Comfortable,Std
MAC004118,2,ACORN-E,Affluent,ToU
MAC004119,2,ACORN-Q,Adversity,Std
MAC004120,1,ACORN-J,Comfortable,Std
MAC004121,1,ACORN-F,Comfortable,Std
MAC004122,2,ACORN-F,Comfortable,ToU
MAC004123,1,ACORN-Q,Adversity,Std
MAC004124,2,ACORN-F,Comfortable,Std
MAC004125,2,ACORN-L,Adversity,Std
MAC004126,1,ACORN-F,Comfortable,ToU
MAC004127,2,ACORN-F,Comfortable,Std
MAC004128,1,ACORN-N,Adversity,Std
MAC004129,1,ACORN-Q,Adversity,Std
MAC004130,1,ACORN-G,Comfortable,Std
MAC004131,1,ACORN-K,Adversity,Std
MAC004132,1,ACORN-E,Affluent,Std
MAC004133,2,ACORN-F,Comfortable,Std
MAC004134,2,ACORN-G,Comfortable,Std
MAC004135,1,ACORN-F,Comfortable,Std
MAC004136,2,ACORN-E,Affluent,Std
MAC004137,2,ACORN-E,Affluent,Std
MAC004138,2,ACORN-G,Comfortable,Std
MAC004139,1,ACORN-E,Affluent,Std
MAC004140,2,ACORN-Q,Adversity,Std
MAC004141,2,ACORN-K,Adversity,Std
MAC004142,2,ACORN-U,ACORN-U,Std
MAC004143,2,ACORN-E,Affluent,Std
MAC004144,2,ACORN-E,Affluent,ToU
MAC004145,2,ACORN-F,Comfortable,Std
MAC004146,2,ACORN-E,Affluent,Std
MAC004147,1,ACORN-H,Comfortable,Std
MAC004148,2,ACORN-E,Affluent,Std
MAC004149,2,ACORN-J,Comfortable,ToU
MAC004150,1,ACORN-Q,Adversity,Std
MAC004151,2,ACORN-G,Comfortable,Std
MAC004152,2,ACORN-E,Affluent,ToU
MAC004153,1,ACORN-E,Affluent,Std
MAC004154,2,ACORN-Q,Adversity,Std
MAC004155,2,ACORN-H,Comfortable,ToU
MAC004156,2,ACORN-Q,Adversity,Std
MAC004157,2,ACORN-F,Comfortable,ToU
MAC004158,1,ACORN-E,Affluent,Std
MAC004159,2,ACORN-E,Affluent,ToU
MAC004160,1,ACORN-L,Adversity,Std
MAC004161,2,ACORN-Q,Adversity,Std
MAC004162,1,ACORN-E,Affluent,Std
MAC004163,2,ACORN-F,Comfortable,Std
MAC004164,2,ACORN-N,Adversity,Std
MAC004165,2,ACORN-O,Adversity,Std
MAC004166,2,ACORN-H,Comfortable,Std
MAC004167,2,ACORN-H,Comfortable,Std
MAC004168,2,ACORN-Q,Adversity,Std
MAC004169,2,ACORN-L,Adversity,Std
MAC004170,1,ACORN-F,Comfortable,ToU
MAC004171,2,ACORN-E,Affluent,Std
MAC004172,0,ACORN-K,Adversity,Std
MAC004173,1,ACORN-E,Affluent,Std
MAC004174,2,ACORN-E,Affluent,Std
MAC004175,2,ACORN-F,Comfortable,Std
MAC004176,2,ACORN-E,Affluent,Std
MAC004177,2,ACORN-L,Adversity,Std
MAC004178,1,ACORN-D,Affluent,Std
MAC004179,0,ACORN-A,Affluent,Std
MAC004180,1,ACORN-Q,Adversity,Std
MAC004181,1,ACORN-E,Affluent,Std
MAC004182,2,ACORN-Q,Adversity,Std
MAC004183,1,ACORN-Q,Adversity,Std
MAC004184,2,ACORN-E,Affluent,ToU
MAC004185,2,ACORN-E,Affluent,Std
MAC004186,1,ACORN-K,Adversity,Std
MAC004187,2,ACORN-Q,Adversity,Std
MAC004188,2,ACORN-F,Comfortable,Std
MAC004189,2,ACORN-F,Comfortable,ToU
MAC004190,2,ACORN-P,Adversity,Std
MAC004191,2,ACORN-E,Affluent,Std
MAC004192,1,ACORN-E,Affluent,Std
MAC004193,1,ACORN-D,Affluent,Std
MAC004194,2,ACORN-E,Affluent,Std
MAC004195,1,ACORN-E,Affluent,Std
MAC004196,1,ACORN-E,Affluent,Std
MAC004197,1,ACORN-F,Comfortable,Std
MAC004198,0,ACORN-D,Affluent,Std
MAC004199,2,ACORN-P,Adversity,Std
MAC004200,1,ACORN-N,Adversity,Std
MAC004201,2,ACORN-F,Comfortable,Std
MAC004202,2,ACORN-F,Comfortable,Std
MAC004203,1,ACORN-F,Comfortable,Std
MAC004204,1,ACORN-G,Comfortable,Std
MAC004205,1,ACORN-D,Affluent,Std
MAC004206,2,ACORN-H,Comfortable,ToU
MAC004207,1,ACORN-L,Adversity,Std
MAC004208,1,ACORN-Q,Adversity,Std
MAC004209,2,ACORN-Q,Adversity,Std
MAC004210,2,ACORN-E,Affluent,Std
MAC004211,2,ACORN-E,Affluent,Std
MAC004212,2,ACORN-F,Comfortable,Std
MAC004213,2,ACORN-E,Affluent,Std
MAC004214,1,ACORN-H,Comfortable,Std
MAC004215,2,ACORN-U,ACORN-U,Std
MAC004216,0,ACORN-E,Affluent,Std
MAC004217,1,ACORN-F,Comfortable,Std
MAC004218,1,ACORN-D,Affluent,ToU
MAC004219,2,ACORN-E,Affluent,Std
MAC004220,2,ACORN-F,Comfortable,Std
MAC004221,2,ACORN-E,Affluent,Std
MAC004222,1,ACORN-H,Comfortable,Std
MAC004223,2,ACORN-F,Comfortable,ToU
MAC004224,1,ACORN-L,Adversity,Std
MAC004225,0,ACORN-D,Affluent,Std
MAC004226,2,ACORN-F,Comfortable,Std
MAC004227,1,ACORN-E,Affluent,Std
MAC004228,1,ACORN-Q,Adversity,Std
MAC004229,2,ACORN-F,Comfortable,ToU
MAC004230,2,ACORN-F,Comfortable,Std
MAC004231,2,ACORN-Q,Adversity,ToU
MAC004232,2,ACORN-Q,Adversity,Std
MAC004233,2,ACORN-E,Affluent,Std
MAC004234,1,ACORN-L,Adversity,ToU
MAC004235,2,ACORN-F,Comfortable,Std
MAC004236,2,ACORN-Q,Adversity,ToU
MAC004237,2,ACORN-F,Comfortable,Std
MAC004238,2,ACORN-E,Affluent,Std
MAC004239,1,ACORN-E,Affluent,ToU
MAC004240,2,ACORN-K,Adversity,Std
MAC004241,1,ACORN-K,Adversity,Std
MAC004242,1,ACORN-D,Affluent,Std
MAC004243,2,ACORN-O,Adversity,Std
MAC004244,1,ACORN-J,Comfortable,Std
MAC004245,2,ACORN-E,Affluent,ToU
MAC004246,2,ACORN-Q,Adversity,ToU
MAC004247,1,ACORN-A,Affluent,Std
MAC004248,2,ACORN-L,Adversity,Std
MAC004249,0,ACORN-C,Affluent,Std
MAC004250,2,ACORN-K,Adversity,Std
MAC004251,2,ACORN-E,Affluent,Std
MAC004252,2,ACORN-E,Affluent,Std
MAC004253,2,ACORN-F,Comfortable,Std
MAC004254,2,ACORN-F,Comfortable,Std
MAC004255,1,ACORN-H,Comfortable,Std
MAC004256,1,ACORN-N,Adversity,Std
MAC004257,1,ACORN-F,Comfortable,Std
MAC004258,1,ACORN-A,Affluent,ToU
MAC004259,2,ACORN-L,Adversity,Std
MAC004260,2,ACORN-E,Affluent,ToU
MAC004261,1,ACORN-L,Adversity,Std
MAC004262,2,ACORN-H,Comfortable,Std
MAC004263,1,ACORN-D,Affluent,ToU
MAC004264,2,ACORN-H,Comfortable,ToU
MAC004265,2,ACORN-N,Adversity,Std
MAC004266,2,ACORN-E,Affluent,Std
MAC004267,2,ACORN-F,Comfortable,Std
MAC004268,2,ACORN-Q,Adversity,Std
MAC004269,1,ACORN-E,Affluent,Std
MAC004270,2,ACORN-F,Comfortable,ToU
MAC004271,1,ACORN-G,Comfortable,Std
MAC004272,2,ACORN-E,Affluent,Std
MAC004273,2,ACORN-L,Adversity,Std
MAC004274,1,ACORN-F,Comfortable,Std
MAC004275,1,ACORN-H,Comfortable,Std
MAC004276,1,ACORN-D,Affluent,Std
MAC004277,2,ACORN-H,Comfortable,Std
MAC004278,1,ACORN-E,Affluent,Std
MAC004279,2,ACORN-H,Comfortable,Std
MAC004280,0,ACORN-D,Affluent,Std
MAC004281,2,ACORN-Q,Adversity,Std
MAC004282,2,ACORN-F,Comfortable,Std
MAC004283,2,ACORN-P,Adversity,ToU
MAC004284,1,ACORN-F,Comfortable,Std
MAC004285,1,ACORN-F,Comfortable,Std
MAC004286,2,ACORN-N,Adversity,Std
MAC004287,1,ACORN-B,Affluent,Std
MAC004288,2,ACORN-F,Comfortable,Std
MAC004289,2,ACORN-E,Affluent,Std
MAC004290,1,ACORN-F,Comfortable,Std
MAC004291,2,ACORN-Q,Adversity,Std
MAC004292,2,ACORN-D,Affluent,Std
MAC004293,2,ACORN-Q,Adversity,Std
MAC004294,2,ACORN-E,Affluent,Std
MAC004295,1,ACORN-L,Adversity,Std
MAC004296,2,ACORN-F,Comfortable,Std
MAC004297,2,ACORN-H,Comfortable,Std
MAC004298,2,ACORN-E,Affluent,Std
MAC004299,1,ACORN-F,Comfortable,Std
MAC004300,2,ACORN-E,Affluent,Std
MAC004301,2,ACORN-F,Comfortable,Std
MAC004302,2,ACORN-Q,Adversity,Std
MAC004303,2,ACORN-E,Affluent,ToU
MAC004304,2,ACORN-F,Comfortable,Std
MAC004305,2,ACORN-Q,Adversity,Std
MAC004306,2,ACORN-L,Adversity,Std
MAC004307,2,ACORN-F,Comfortable,ToU
MAC004308,2,ACORN-E,Affluent,Std
MAC004309,1,ACORN-N,Adversity,ToU
MAC004310,2,ACORN-F,Comfortable,Std
MAC004311,2,ACORN-D,Affluent,Std
MAC004312,2,ACORN-F,Comfortable,Std
MAC004313,1,ACORN-F,Comfortable,Std
MAC004314,2,ACORN-J,Comfortable,Std
MAC004315,2,ACORN-F,Comfortable,ToU
MAC004316,2,ACORN-L,Adversity,Std
MAC004317,2,ACORN-E,Affluent,Std
MAC004318,2,ACORN-D,Affluent,ToU
MAC004319,0,ACORN-A,Affluent,Std
MAC004320,2,ACORN-E,Affluent,ToU
MAC004321,1,ACORN-H,Comfortable,Std
MAC004322,2,ACORN-H,Comfortable,Std
MAC004323,1,ACORN-U,ACORN-U,ToU
MAC004324,1,ACORN-Q,Adversity,Std
MAC004325,1,ACORN-E,Affluent,Std
MAC004326,2,ACORN-H,Comfortable,Std
MAC004327,2,ACORN-E,Affluent,Std
MAC004328,2,ACORN-E,Affluent,Std
MAC004329,1,ACORN-O,Adversity,Std
MAC004330,1,ACORN-E,Affluent,Std
MAC004331,2,ACORN-Q,Adversity,ToU
MAC004332,1,ACORN-E,Affluent,Std
MAC004333,1,ACORN-Q,Adversity,Std
MAC004334,2,ACORN-E,Affluent,ToU
MAC004335,2,ACORN-Q,Adversity,Std
MAC004336,2,ACORN-C,Affluent,Std
MAC004337,1,ACORN-F,Comfortable,Std
MAC004338,2,ACORN-G,Comfortable,Std
MAC004339,2,ACORN-E,Affluent,Std
MAC004340,1,ACORN-D,Affluent,Std
MAC004341,1,ACORN-E,Affluent,Std
MAC004342,2,ACORN-E,Affluent,Std
MAC004343,1,ACORN-E,Affluent,Std
MAC004344,2,ACORN-I,Comfortable,Std
MAC004345,1,ACORN-E,Affluent,Std
MAC004346,1,ACORN-E,Affluent,ToU
MAC004347,2,ACORN-E,Affluent,ToU
MAC004348,0,ACORN-D,Affluent,Std
MAC004349,1,ACORN-E,Affluent,Std
MAC004350,1,ACORN-Q,Adversity,ToU
MAC004351,1,ACORN-E,Affluent,Std
MAC004352,2,ACORN-E,Affluent,Std
MAC004353,1,ACORN-E,Affluent,Std
MAC004354,2,ACORN-H,Comfortable,ToU
MAC004355,1,ACORN-E,Affluent,Std
MAC004356,2,ACORN-E,Affluent,Std
MAC004357,2,ACORN-Q,Adversity,Std
MAC004358,2,ACORN-Q,Adversity,Std
MAC004359,2,ACORN-N,Adversity,Std
MAC004360,2,ACORN-D,Affluent,Std
MAC004361,2,ACORN-G,Comfortable,ToU
MAC004362,1,ACORN-F,Comfortable,ToU
MAC004363,2,ACORN-E,Affluent,ToU
MAC004364,2,ACORN-D,Affluent,Std
MAC004365,2,ACORN-M,Adversity,Std
MAC004366,1,ACORN-Q,Adversity,ToU
MAC004367,2,ACORN-C,Affluent,Std
MAC004368,2,ACORN-F,Comfortable,Std
MAC004369,1,ACORN-C,Affluent,Std
MAC004370,2,ACORN-Q,Adversity,Std
MAC004371,2,ACORN-F,Comfortable,Std
MAC004372,2,ACORN-M,Adversity,Std
MAC004373,2,ACORN-E,Affluent,Std
MAC004374,0,ACORN-A,Affluent,ToU
MAC004375,2,ACORN-F,Comfortable,Std
MAC004376,2,ACORN-O,Adversity,Std
MAC004377,2,ACORN-E,Affluent,Std
MAC004378,2,ACORN-F,Comfortable,Std
MAC004379,2,ACORN-E,Affluent,Std
MAC004380,1,ACORN-E,Affluent,Std
MAC004381,1,ACORN-Q,Adversity,ToU
MAC004382,2,ACORN-Q,Adversity,Std
MAC004383,2,ACORN-E,Affluent,Std
MAC004384,1,ACORN-Q,Adversity,Std
MAC004385,0,ACORN-D,Affluent,Std
MAC004386,1,ACORN-D,Affluent,Std
MAC004387,2,ACORN-A,Affluent,Std
MAC004388,2,ACORN-E,Affluent,Std
MAC004389,1,ACORN-D,Affluent,Std
MAC004390,1,ACORN-E,Affluent,Std
MAC004391,1,ACORN-H,Comfortable,Std
MAC004392,2,ACORN-E,Affluent,ToU
MAC004393,2,ACORN-Q,Adversity,Std
MAC004394,2,ACORN-E,Affluent,Std
MAC004395,0,ACORN-Q,Adversity,Std
MAC004396,2,ACORN-F,Comfortable,ToU
MAC004397,2,ACORN-I,Comfortable,Std
MAC004398,2,ACORN-E,Affluent,Std
MAC004399,2,ACORN-D,Affluent,ToU
MAC004400,1,ACORN-F,Comfortable,ToU
MAC004401,2,ACORN-I,Comfortable,Std
MAC004402,2,ACORN-E,Affluent,Std
MAC004403,1,ACORN-Q,Adversity,Std
MAC004404,2,ACORN-E,Affluent,Std
MAC004405,2,ACORN-Q,Adversity,Std
MAC004406,2,ACORN-C,Affluent,Std
MAC004407,1,ACORN-N,Adversity,Std
MAC004408,2,ACORN-B,Affluent,ToU
MAC004409,0,ACORN-D,Affluent,Std
MAC004410,2,ACORN-E,Affluent,Std
MAC004411,0,ACORN-E,Affluent,Std
MAC004412,1,ACORN-F,Comfortable,Std
MAC004413,2,ACORN-E,Affluent,Std
MAC004414,2,ACORN-N,Adversity,Std
MAC004415,2,ACORN-C,Affluent,Std
MAC004416,2,ACORN-Q,Adversity,Std
MAC004417,2,ACORN-B,Affluent,Std
MAC004418,2,ACORN-F,Comfortable,Std
MAC004419,1,ACORN-Q,Adversity,ToU
MAC004420,1,ACORN-F,Comfortable,Std
MAC004421,2,ACORN-E,Affluent,Std
MAC004422,1,ACORN-Q,Adversity,ToU
MAC004423,2,ACORN-H,Comfortable,Std
MAC004424,2,ACORN-E,Affluent,ToU
MAC004425,2,ACORN-Q,Adversity,Std
MAC004426,2,ACORN-E,Affluent,Std
MAC004427,2,ACORN-Q,Adversity,Std
MAC004428,1,ACORN-E,Affluent,Std
MAC004429,2,ACORN-F,Comfortable,Std
MAC004430,2,ACORN-E,Affluent,Std
MAC004431,1,ACORN-A,Affluent,Std
MAC004432,2,ACORN-E,Affluent,Std
MAC004433,1,ACORN-L,Adversity,Std
MAC004434,1,ACORN-D,Affluent,Std
MAC004435,2,ACORN-Q,Adversity,Std
MAC004436,2,ACORN-A,Affluent,ToU
MAC004437,1,ACORN-Q,Adversity,Std
MAC004438,2,ACORN-E,Affluent,Std
MAC004439,1,ACORN-D,Affluent,ToU
MAC004440,2,ACORN-H,Comfortable,Std
MAC004441,2,ACORN-F,Comfortable,Std
MAC004442,2,ACORN-Q,Adversity,Std
MAC004443,2,ACORN-E,Affluent,Std
MAC004444,2,ACORN-F,Comfortable,Std
MAC004445,2,ACORN-F,Comfortable,ToU
MAC004446,0,ACORN-E,Affluent,Std
MAC004447,2,ACORN-C,Affluent,Std
MAC004448,2,ACORN-D,Affluent,ToU
MAC004449,0,ACORN-E,Affluent,ToU
MAC004450,2,ACORN-G,Comfortable,Std
MAC004451,1,ACORN-F,Comfortable,ToU
MAC004452,2,ACORN-E,Affluent,Std
MAC004453,2,ACORN-Q,Adversity,Std
MAC004454,2,ACORN-E,Affluent,Std
MAC004455,1,ACORN-C,Affluent,Std
MAC004456,1,ACORN-F,Comfortable,ToU
MAC004457,2,ACORN-H,Comfortable,Std
MAC004458,0,ACORN-E,Affluent,Std
MAC004459,1,ACORN-Q,Adversity,Std
MAC004460,1,ACORN-G,Comfortable,Std
MAC004461,2,ACORN-Q,Adversity,Std
MAC004462,1,ACORN-Q,Adversity,Std
MAC004463,2,ACORN-E,Affluent,Std
MAC004464,1,ACORN-K,Adversity,Std
MAC004465,2,ACORN-Q,Adversity,Std
MAC004466,1,ACORN-F,Comfortable,Std
MAC004467,2,ACORN-U,ACORN-U,ToU
MAC004468,1,ACORN-E,Affluent,Std
MAC004469,0,ACORN-Q,Adversity,Std
MAC004470,1,ACORN-E,Affluent,Std
MAC004471,2,ACORN-E,Affluent,Std
MAC004472,1,ACORN-F,Comfortable,Std
MAC004473,2,ACORN-E,Affluent,Std
MAC004474,2,ACORN-E,Affluent,Std
MAC004475,2,ACORN-D,Affluent,Std
MAC004476,2,ACORN-E,Affluent,Std
MAC004477,2,ACORN-E,Affluent,Std
MAC004478,1,ACORN-F,Comfortable,Std
MAC004479,1,ACORN-O,Adversity,Std
MAC004480,1,ACORN-E,Affluent,Std
MAC004481,2,ACORN-Q,Adversity,Std
MAC004482,2,ACORN-E,Affluent,Std
MAC004483,2,ACORN-F,Comfortable,Std
MAC004484,1,ACORN-G,Comfortable,Std
MAC004485,2,ACORN-G,Comfortable,ToU
MAC004486,1,ACORN-Q,Adversity,Std
MAC004487,1,ACORN-E,Affluent,Std
MAC004488,1,ACORN-F,Comfortable,Std
MAC004489,2,ACORN-Q,Adversity,Std
MAC004490,2,ACORN-L,Adversity,Std
MAC004491,1,ACORN-H,Comfortable,ToU
MAC004492,2,ACORN-F,Comfortable,Std
MAC004493,0,ACORN-N,Adversity,ToU
MAC004494,1,ACORN-H,Comfortable,Std
MAC004495,1,ACORN-Q,Adversity,Std
MAC004496,2,ACORN-E,Affluent,Std
MAC004497,1,ACORN-L,Adversity,ToU
MAC004498,1,ACORN-Q,Adversity,Std
MAC004499,2,ACORN-F,Comfortable,Std
MAC004500,1,ACORN-E,Affluent,Std
MAC004501,1,ACORN-H,Comfortable,Std
MAC004502,2,ACORN-F,Comfortable,Std
MAC004503,2,ACORN-Q,Adversity,Std
MAC004504,0,ACORN-C,Affluent,Std
MAC004505,2,ACORN-L,Adversity,Std
MAC004506,2,ACORN-J,Comfortable,ToU
MAC004507,2,ACORN-L,Adversity,Std
MAC004508,2,ACORN-K,Adversity,Std
MAC004509,1,ACORN-C,Affluent,ToU
MAC004510,2,ACORN-E,Affluent,Std
MAC004511,1,ACORN-E,Affluent,Std
MAC004512,2,ACORN-E,Affluent,Std
MAC004513,2,ACORN-Q,Adversity,Std
MAC004514,1,ACORN-Q,Adversity,Std
MAC004515,1,ACORN-U,ACORN-U,Std
MAC004516,2,ACORN-Q,Adversity,Std
MAC004517,2,ACORN-E,Affluent,Std
MAC004518,1,ACORN-E,Affluent,Std
MAC004519,2,ACORN-E,Affluent,Std
MAC004520,2,ACORN-Q,Adversity,Std
MAC004521,1,ACORN-F,Comfortable,Std
MAC004522,2,ACORN-E,Affluent,Std
MAC004523,2,ACORN-F,Comfortable,Std
MAC004524,2,ACORN-M,Adversity,Std
MAC004525,2,ACORN-E,Affluent,ToU
MAC004526,2,ACORN-F,Comfortable,Std
MAC004527,1,ACORN-D,Affluent,Std
MAC004528,2,ACORN-E,Affluent,Std
MAC004529,2,ACORN-A,Affluent,Std
MAC004530,2,ACORN-Q,Adversity,Std
MAC004531,2,ACORN-E,Affluent,Std
MAC004532,1,ACORN-L,Adversity,Std
MAC004533,2,ACORN-Q,Adversity,Std
MAC004534,2,ACORN-E,Affluent,Std
MAC004535,2,ACORN-E,Affluent,Std
MAC004536,2,ACORN-E,Affluent,Std
MAC004537,2,ACORN-E,Affluent,Std
MAC004538,2,ACORN-E,Affluent,Std
MAC004539,2,ACORN-D,Affluent,Std
MAC004540,2,ACORN-Q,Adversity,Std
MAC004541,2,ACORN-Q,Adversity,Std
MAC004542,2,ACORN-H,Comfortable,Std
MAC004543,1,ACORN-A,Affluent,ToU
MAC004544,1,ACORN-Q,Adversity,Std
MAC004545,2,ACORN-F,Comfortable,Std
MAC004546,2,ACORN-K,Adversity,Std
MAC004547,2,ACORN-P,Adversity,Std
MAC004548,1,ACORN-E,Affluent,Std
MAC004549,0,ACORN-E,Affluent,Std
MAC004550,2,ACORN-P,Adversity,Std
MAC004551,2,ACORN-F,Comfortable,ToU
MAC004552,1,ACORN-E,Affluent,Std
MAC004553,1,ACORN-E,Affluent,Std
MAC004554,1,ACORN-A,Affluent,Std
MAC004555,2,ACORN-E,Affluent,Std
MAC004556,2,ACORN-E,Affluent,Std
MAC004557,1,ACORN-F,Comfortable,Std
MAC004558,1,ACORN-Q,Adversity,Std
MAC004559,2,ACORN-P,Adversity,ToU
MAC004560,1,ACORN-E,Affluent,Std
MAC004561,1,ACORN-E,Affluent,ToU
MAC004562,0,ACORN-E,Affluent,Std
MAC004563,1,ACORN-Q,Adversity,Std
MAC004564,2,ACORN-E,Affluent,Std
MAC004565,1,ACORN-E,Affluent,Std
MAC004566,1,ACORN-L,Adversity,Std
MAC004567,2,ACORN-B,Affluent,Std
MAC004568,1,ACORN-Q,Adversity,ToU
MAC004569,2,ACORN-Q,Adversity,Std
MAC004570,2,ACORN-U,ACORN-U,Std
MAC004571,1,ACORN-E,Affluent,Std
MAC004572,2,ACORN-F,Comfortable,Std
MAC004573,1,ACORN-Q,Adversity,Std
MAC004574,1,ACORN-E,Affluent,Std
MAC004575,1,ACORN-Q,Adversity,Std
MAC004576,1,ACORN-L,Adversity,Std
MAC004577,2,ACORN-Q,Adversity,Std
MAC004578,2,ACORN-F,Comfortable,Std
MAC004579,1,ACORN-E,Affluent,Std
MAC004580,2,ACORN-F,Comfortable,Std
MAC004581,1,ACORN-E,Affluent,Std
MAC004582,1,ACORN-E,Affluent,Std
MAC004583,2,ACORN-Q,Adversity,Std
MAC004584,2,ACORN-E,Affluent,Std
MAC004585,1,ACORN-C,Affluent,Std
MAC004586,1,ACORN-E,Affluent,Std
MAC004587,0,ACORN-U,ACORN-U,Std
MAC004588,2,ACORN-F,Comfortable,Std
MAC004589,2,ACORN-L,Adversity,Std
MAC004590,1,ACORN-D,Affluent,ToU
MAC004591,2,ACORN-Q,Adversity,Std
MAC004592,2,ACORN-E,Affluent,ToU
MAC004593,0,ACORN-A,Affluent,ToU
MAC004594,2,ACORN-Q,Adversity,Std
MAC004595,2,ACORN-E,Affluent,Std
MAC004596,2,ACORN-J,Comfortable,Std
MAC004597,2,ACORN-Q,Adversity,Std
MAC004598,2,ACORN-Q,Adversity,Std
MAC004599,2,ACORN-Q,Adversity,Std
MAC004600,2,ACORN-F,Comfortable,Std
MAC004601,2,ACORN-E,Affluent,Std
MAC004602,2,ACORN-Q,Adversity,Std
MAC004603,2,ACORN-K,Adversity,Std
MAC004604,2,ACORN-E,Affluent,ToU
MAC004605,1,ACORN-E,Affluent,ToU
MAC004606,2,ACORN-E,Affluent,ToU
MAC004607,2,ACORN-Q,Adversity,Std
MAC004608,2,ACORN-F,Comfortable,Std
MAC004609,2,ACORN-H,Comfortable,ToU
MAC004610,2,ACORN-E,Affluent,ToU
MAC004611,0,ACORN-D,Affluent,ToU
MAC004612,2,ACORN-Q,Adversity,Std
MAC004613,2,ACORN-E,Affluent,Std
MAC004614,1,ACORN-E,Affluent,Std
MAC004615,2,ACORN-Q,Adversity,Std
MAC004616,1,ACORN-F,Comfortable,Std
MAC004617,2,ACORN-E,Affluent,Std
MAC004618,1,ACORN-E,Affluent,Std
MAC004619,2,ACORN-E,Affluent,Std
MAC004620,2,ACORN-P,Adversity,ToU
MAC004621,1,ACORN-E,Affluent,ToU
MAC004622,1,ACORN-E,Affluent,ToU
MAC004623,2,ACORN-E,Affluent,ToU
MAC004624,2,ACORN-Q,Adversity,Std
MAC004625,2,ACORN-E,Affluent,Std
MAC004626,2,ACORN-L,Adversity,Std
MAC004627,1,ACORN-E,Affluent,Std
MAC004628,1,ACORN-D,Affluent,Std
MAC004629,2,ACORN-E,Affluent,Std
MAC004630,2,ACORN-N,Adversity,Std
MAC004631,1,ACORN-K,Adversity,Std
MAC004632,2,ACORN-Q,Adversity,Std
MAC004633,2,ACORN-A,Affluent,ToU
MAC004634,2,ACORN-E,Affluent,Std
MAC004635,1,ACORN-F,Comfortable,Std
MAC004636,0,ACORN-F,Comfortable,Std
MAC004637,0,ACORN-D,Affluent,Std
MAC004638,2,ACORN-E,Affluent,Std
MAC004639,0,ACORN-J,Comfortable,ToU
MAC004640,1,ACORN-L,Adversity,ToU
MAC004641,1,ACORN-F,Comfortable,ToU
MAC004642,2,ACORN-H,Comfortable,Std
MAC004643,1,ACORN-F,Comfortable,Std
MAC004644,2,ACORN-E,Affluent,Std
MAC004645,2,ACORN-E,Affluent,Std
MAC004646,0,ACORN-F,Comfortable,Std
MAC004647,2,ACORN-D,Affluent,Std
MAC004648,2,ACORN-E,Affluent,Std
MAC004649,0,ACORN-U,ACORN-U,Std
MAC004650,2,ACORN-E,Affluent,Std
MAC004651,1,ACORN-H,Comfortable,Std
MAC004652,2,ACORN-Q,Adversity,Std
MAC004653,2,ACORN-D,Affluent,Std
MAC004654,1,ACORN-H,Comfortable,Std
MAC004655,2,ACORN-E,Affluent,ToU
MAC004656,2,ACORN-E,Affluent,Std
MAC004657,1,ACORN-F,Comfortable,ToU
MAC004658,1,ACORN-G,Comfortable,Std
MAC004659,2,ACORN-Q,Adversity,Std
MAC004660,1,ACORN-G,Comfortable,Std
MAC004661,2,ACORN-E,Affluent,ToU
MAC004662,2,ACORN-N,Adversity,Std
MAC004663,2,ACORN-Q,Adversity,Std
MAC004664,2,ACORN-C,Affluent,Std
MAC004665,1,ACORN-E,Affluent,Std
MAC004666,1,ACORN-D,Affluent,Std
MAC004667,2,ACORN-Q,Adversity,Std
MAC004668,2,ACORN-E,Affluent,ToU
MAC004669,2,ACORN-G,Comfortable,ToU
MAC004670,1,ACORN-E,Affluent,ToU
MAC004671,1,ACORN-E,Affluent,Std
MAC004672,2,ACORN-U,ACORN-U,Std
MAC004673,2,ACORN-C,Affluent,Std
MAC004674,1,ACORN-Q,Adversity,Std
MAC004675,2,ACORN-H,Comfortable,Std
MAC004676,1,ACORN-H,Comfortable,Std
MAC004677,2,ACORN-D,Affluent,Std
MAC004678,2,ACORN-Q,Adversity,Std
MAC004679,0,ACORN-E,Affluent,Std
MAC004680,1,ACORN-Q,Adversity,Std
MAC004681,2,ACORN-Q,Adversity,Std
MAC004682,2,ACORN-E,Affluent,Std
MAC004683,2,ACORN-H,Comfortable,ToU
MAC004684,2,ACORN-Q,Adversity,Std
MAC004685,2,ACORN-G,Comfortable,Std
MAC004686,2,ACORN-D,Affluent,Std
MAC004687,2,ACORN-E,Affluent,ToU
MAC004688,1,ACORN-F,Comfortable,Std
MAC004689,2,ACORN-J,Comfortable,ToU
MAC004690,2,ACORN-E,Affluent,Std
MAC004691,1,ACORN-F,Comfortable,ToU
MAC004692,1,ACORN-K,Adversity,Std
MAC004693,2,ACORN-Q,Adversity,ToU
MAC004694,2,ACORN-E,Affluent,Std
MAC004695,2,ACORN-E,Affluent,Std
MAC004696,1,ACORN-K,Adversity,Std
MAC004697,2,ACORN-E,Affluent,ToU
MAC004698,1,ACORN-F,Comfortable,Std
MAC004699,1,ACORN-E,Affluent,Std
MAC004700,1,ACORN-Q,Adversity,Std
MAC004701,2,ACORN-E,Affluent,Std
MAC004702,2,ACORN-E,Affluent,Std
MAC004703,2,ACORN-G,Comfortable,Std
MAC004704,2,ACORN-D,Affluent,Std
MAC004705,1,ACORN-E,Affluent,Std
MAC004706,2,ACORN-E,Affluent,Std
MAC004707,1,ACORN-E,Affluent,Std
MAC004708,2,ACORN-F,Comfortable,Std
MAC004709,2,ACORN-Q,Adversity,ToU
MAC004710,2,ACORN-H,Comfortable,ToU
MAC004711,1,ACORN-H,Comfortable,ToU
MAC004712,1,ACORN-C,Affluent,Std
MAC004713,1,ACORN-A,Affluent,ToU
MAC004714,1,ACORN-D,Affluent,ToU
MAC004715,2,ACORN-Q,Adversity,Std
MAC004716,1,ACORN-E,Affluent,ToU
MAC004717,2,ACORN-N,Adversity,Std
MAC004718,0,ACORN-D,Affluent,Std
MAC004719,1,ACORN-K,Adversity,ToU
MAC004720,1,ACORN-E,Affluent,ToU
MAC004721,1,ACORN-L,Adversity,Std
MAC004722,1,ACORN-L,Adversity,ToU
MAC004723,2,ACORN-Q,Adversity,Std
MAC004724,1,ACORN-K,Adversity,Std
MAC004725,1,ACORN-F,Comfortable,Std
MAC004726,1,ACORN-F,Comfortable,Std
MAC004727,1,ACORN-E,Affluent,Std
MAC004728,2,ACORN-E,Affluent,ToU
MAC004729,2,ACORN-K,Adversity,Std
MAC004730,2,ACORN-E,Affluent,Std
MAC004731,2,ACORN-E,Affluent,ToU
MAC004732,2,ACORN-F,Comfortable,Std
MAC004733,2,ACORN-E,Affluent,ToU
MAC004734,1,ACORN-Q,Adversity,Std
MAC004735,2,ACORN-Q,Adversity,Std
MAC004736,2,ACORN-E,Affluent,Std
MAC004737,2,ACORN-H,Comfortable,Std
MAC004738,2,ACORN-E,Affluent,Std
MAC004739,2,ACORN-F,Comfortable,Std
MAC004740,2,ACORN-D,Affluent,Std
MAC004741,1,ACORN-Q,Adversity,Std
MAC004742,1,ACORN-K,Adversity,Std
MAC004743,2,ACORN-Q,Adversity,Std
MAC004744,2,ACORN-Q,Adversity,ToU
MAC004745,2,ACORN-Q,Adversity,Std
MAC004746,1,ACORN-E,Affluent,ToU
MAC004747,2,ACORN-F,Comfortable,Std
MAC004748,2,ACORN-H,Comfortable,Std
MAC004749,2,ACORN-H,Comfortable,Std
MAC004750,2,ACORN-C,Affluent,Std
MAC004751,1,ACORN-F,Comfortable,ToU
MAC004752,2,ACORN-E,Affluent,Std
MAC004753,2,ACORN-F,Comfortable,ToU
MAC004754,1,ACORN-I,Comfortable,Std
MAC004755,0,ACORN-E,Affluent,ToU
MAC004756,2,ACORN-E,Affluent,Std
MAC004757,1,ACORN-E,Affluent,ToU
MAC004758,2,ACORN-E,Affluent,Std
MAC004759,2,ACORN-E,Affluent,Std
MAC004760,2,ACORN-D,Affluent,Std
MAC004761,2,ACORN-L,Adversity,Std
MAC004762,2,ACORN-G,Comfortable,ToU
MAC004763,1,ACORN-K,Adversity,Std
MAC004764,2,ACORN-Q,Adversity,Std
MAC004765,2,ACORN-E,Affluent,ToU
MAC004766,1,ACORN-H,Comfortable,Std
MAC004767,1,ACORN-E,Affluent,ToU
MAC004768,1,ACORN-F,Comfortable,ToU
MAC004769,0,ACORN-E,Affluent,Std
MAC004770,2,ACORN-E,Affluent,ToU
MAC004771,2,ACORN-Q,Adversity,Std
MAC004772,2,ACORN-K,Adversity,Std
MAC004773,1,ACORN-Q,Adversity,Std
MAC004774,2,ACORN-E,Affluent,Std
MAC004775,2,ACORN-E,Affluent,Std
MAC004776,2,ACORN-M,Adversity,Std
MAC004777,2,ACORN-F,Comfortable,Std
MAC004778,0,ACORN-E,Affluent,Std
MAC004779,2,ACORN-E,Affluent,Std
MAC004780,1,ACORN-Q,Adversity,Std
MAC004781,2,ACORN-F,Comfortable,Std
MAC004782,2,ACORN-H,Comfortable,Std
MAC004783,2,ACORN-D,Affluent,ToU
MAC004784,2,ACORN-E,Affluent,Std
MAC004785,2,ACORN-J,Comfortable,Std
MAC004786,2,ACORN-F,Comfortable,Std
MAC004787,2,ACORN-K,Adversity,Std
MAC004788,2,ACORN-U,ACORN-U,Std
MAC004789,2,ACORN-A,Affluent,ToU
MAC004790,2,ACORN-F,Comfortable,Std
MAC004791,2,ACORN-Q,Adversity,Std
MAC004792,2,ACORN-K,Adversity,Std
MAC004793,2,ACORN-L,Adversity,Std
MAC004794,2,ACORN-F,Comfortable,Std
MAC004795,2,ACORN-M,Adversity,ToU
MAC004796,2,ACORN-Q,Adversity,Std
MAC004797,2,ACORN-E,Affluent,Std
MAC004798,2,ACORN-E,Affluent,Std
MAC004799,2,ACORN-Q,Adversity,Std
MAC004800,2,ACORN-F,Comfortable,Std
MAC004801,2,ACORN-H,Comfortable,Std
MAC004802,2,ACORN-E,Affluent,Std
MAC004803,2,ACORN-E,Affluent,Std
MAC004804,2,ACORN-P,Adversity,Std
MAC004805,2,ACORN-F,Comfortable,Std
MAC004806,1,ACORN-E,Affluent,Std
MAC004807,2,ACORN-H,Comfortable,Std
MAC004808,2,ACORN-Q,Adversity,Std
MAC004809,1,ACORN-Q,Adversity,Std
MAC004810,2,ACORN-N,Adversity,Std
MAC004811,2,ACORN-Q,Adversity,ToU
MAC004812,2,ACORN-F,Comfortable,Std
MAC004813,2,ACORN-E,Affluent,Std
MAC004814,2,ACORN-D,Affluent,ToU
MAC004815,1,ACORN-E,Affluent,Std
MAC004816,2,ACORN-Q,Adversity,Std
MAC004817,2,ACORN-F,Comfortable,Std
MAC004818,2,ACORN-Q,Adversity,ToU
MAC004819,2,ACORN-E,Affluent,Std
MAC004820,2,ACORN-Q,Adversity,Std
MAC004821,2,ACORN-L,Adversity,ToU
MAC004822,0,ACORN-E,Affluent,ToU
MAC004823,1,ACORN-H,Comfortable,Std
MAC004824,2,ACORN-F,Comfortable,Std
MAC004825,2,ACORN-C,Affluent,ToU
MAC004826,1,ACORN-E,Affluent,Std
MAC004827,2,ACORN-E,Affluent,ToU
MAC004828,2,ACORN-U,ACORN-U,Std
MAC004829,2,ACORN-Q,Adversity,Std
MAC004830,2,ACORN-G,Comfortable,Std
MAC004831,2,ACORN-K,Adversity,Std
MAC004832,2,ACORN-A,Affluent,ToU
MAC004833,2,ACORN-E,Affluent,Std
MAC004834,2,ACORN-F,Comfortable,Std
MAC004835,2,ACORN-Q,Adversity,Std
MAC004836,2,ACORN-E,Affluent,Std
MAC004837,2,ACORN-F,Comfortable,ToU
MAC004838,2,ACORN-F,Comfortable,ToU
MAC004839,2,ACORN-Q,Adversity,Std
MAC004840,1,ACORN-F,Comfortable,Std
MAC004841,1,ACORN-L,Adversity,Std
MAC004842,2,ACORN-N,Adversity,Std
MAC004843,1,ACORN-D,Affluent,Std
MAC004844,2,ACORN-F,Comfortable,Std
MAC004845,2,ACORN-F,Comfortable,Std
MAC004846,2,ACORN-E,Affluent,Std
MAC004847,1,ACORN-L,Adversity,Std
MAC004848,2,ACORN-C,Affluent,Std
MAC004849,2,ACORN-E,Affluent,Std
MAC004850,2,ACORN-G,Comfortable,Std
MAC004851,1,ACORN-E,Affluent,ToU
MAC004852,1,ACORN-E,Affluent,Std
MAC004853,2,ACORN-K,Adversity,Std
MAC004854,2,ACORN-E,Affluent,Std
MAC004855,1,ACORN-E,Affluent,ToU
MAC004856,2,ACORN-E,Affluent,Std
MAC004857,2,ACORN-E,Affluent,Std
MAC004858,0,ACORN-E,Affluent,Std
MAC004859,1,ACORN-F,Comfortable,Std
MAC004860,2,ACORN-Q,Adversity,Std
MAC004861,1,ACORN-Q,Adversity,Std
MAC004862,2,ACORN-F,Comfortable,Std
MAC004863,0,ACORN-E,Affluent,Std
MAC004864,2,ACORN-E,Affluent,Std
MAC004865,1,ACORN-M,Adversity,Std
MAC004866,1,ACORN-Q,Adversity,Std
MAC004867,2,ACORN-F,Comfortable,Std
MAC004868,1,ACORN-F,Comfortable,Std
MAC004869,2,ACORN-E,Affluent,Std
MAC004870,1,ACORN-Q,Adversity,Std
MAC004871,2,ACORN-E,Affluent,Std
MAC004872,1,ACORN-A,Affluent,Std
MAC004873,1,ACORN-O,Adversity,Std
MAC004874,2,ACORN-G,Comfortable,Std
MAC004875,2,ACORN-Q,Adversity,Std
MAC004876,0,ACORN-E,Affluent,Std
MAC004877,0,ACORN-E,Affluent,Std
MAC004878,1,ACORN-K,Adversity,Std
MAC004879,1,ACORN-E,Affluent,Std
MAC004880,1,ACORN-E,Affluent,ToU
MAC004881,2,ACORN-E,Affluent,Std
MAC004882,2,ACORN-F,Comfortable,Std
MAC004883,2,ACORN-Q,Adversity,ToU
MAC004884,0,ACORN-E,Affluent,Std
MAC004885,2,ACORN-E,Affluent,Std
MAC004886,1,ACORN-E,Affluent,Std
MAC004887,2,ACORN-D,Affluent,Std
MAC004888,0,ACORN-D,Affluent,Std
MAC004889,2,ACORN-Q,Adversity,Std
MAC004890,1,ACORN-F,Comfortable,Std
MAC004891,2,ACORN-E,Affluent,Std
MAC004892,1,ACORN-Q,Adversity,Std
MAC004893,2,ACORN-E,Affluent,ToU
MAC004894,1,ACORN-Q,Adversity,Std
MAC004895,1,ACORN-E,Affluent,Std
MAC004896,2,ACORN-P,Adversity,Std
MAC004897,1,ACORN-J,Comfortable,Std
MAC004898,2,ACORN-Q,Adversity,Std
MAC004899,2,ACORN-E,Affluent,Std
MAC004900,1,ACORN-A,Affluent,Std
MAC004901,1,ACORN-J,Comfortable,Std
MAC004902,0,ACORN-J,Comfortable,Std
MAC004903,1,ACORN-J,Comfortable,Std
MAC004904,2,ACORN-E,Affluent,Std
MAC004905,2,ACORN-G,Comfortable,Std
MAC004906,2,ACORN-E,Affluent,Std
MAC004907,2,ACORN-E,Affluent,Std
MAC004908,0,ACORN-E,Affluent,Std
MAC004909,1,ACORN-E,Affluent,Std
MAC004910,2,ACORN-C,Affluent,ToU
MAC004911,1,ACORN-D,Affluent,Std
MAC004912,2,ACORN-F,Comfortable,Std
MAC004913,2,ACORN-E,Affluent,Std
MAC004914,2,ACORN-E,Affluent,Std
MAC004915,2,ACORN-D,Affluent,Std
MAC004916,2,ACORN-D,Affluent,Std
MAC004917,1,ACORN-F,Comfortable,ToU
MAC004918,2,ACORN-E,Affluent,Std
MAC004919,1,ACORN-E,Affluent,Std
MAC004920,2,ACORN-Q,Adversity,Std
MAC004921,2,ACORN-E,Affluent,ToU
MAC004922,1,ACORN-H,Comfortable,Std
MAC004923,0,ACORN-E,Affluent,Std
MAC004924,2,ACORN-D,Affluent,Std
MAC004925,1,ACORN-C,Affluent,Std
MAC004926,2,ACORN-E,Affluent,ToU
MAC004927,2,ACORN-D,Affluent,Std
MAC004928,1,ACORN-D,Affluent,Std
MAC004929,1,ACORN-H,Comfortable,Std
MAC004930,2,ACORN-E,Affluent,Std
MAC004931,2,ACORN-P,Adversity,Std
MAC004932,1,ACORN-E,Affluent,ToU
MAC004933,2,ACORN-E,Affluent,Std
MAC004934,2,ACORN-Q,Adversity,Std
MAC004935,2,ACORN-Q,Adversity,Std
MAC004936,2,ACORN-E,Affluent,Std
MAC004937,2,ACORN-E,Affluent,ToU
MAC004938,2,ACORN-E,Affluent,Std
MAC004939,1,ACORN-E,Affluent,Std
MAC004940,2,ACORN-E,Affluent,Std
MAC004941,2,ACORN-Q,Adversity,Std
MAC004942,1,ACORN-E,Affluent,Std
MAC004943,2,ACORN-Q,Adversity,Std
MAC004944,1,ACORN-Q,Adversity,Std
MAC004945,1,ACORN-D,Affluent,Std
MAC004946,2,ACORN-Q,Adversity,Std
MAC004947,1,ACORN-L,Adversity,Std
MAC004948,2,ACORN-D,Affluent,ToU
MAC004949,0,ACORN-D,Affluent,ToU
MAC004950,1,ACORN-E,Affluent,Std
MAC004951,2,ACORN-P,Adversity,Std
MAC004952,1,ACORN-N,Adversity,ToU
MAC004953,1,ACORN-D,Affluent,Std
MAC004954,0,ACORN-E,Affluent,Std
MAC004955,2,ACORN-A,Affluent,ToU
MAC004956,2,ACORN-H,Comfortable,ToU
MAC004957,2,ACORN-B,Affluent,Std
MAC004958,0,ACORN-E,Affluent,Std
MAC004959,1,ACORN-D,Affluent,Std
MAC004960,1,ACORN-I,Comfortable,Std
MAC004961,2,ACORN-E,Affluent,Std
MAC004962,2,ACORN-G,Comfortable,Std
MAC004963,2,ACORN-E,Affluent,Std
MAC004964,1,ACORN-E,Affluent,Std
MAC004965,2,ACORN-E,Affluent,ToU
MAC004966,2,ACORN-E,Affluent,Std
MAC004967,2,ACORN-F,Comfortable,Std
MAC004968,2,ACORN-D,Affluent,ToU
MAC004969,2,ACORN-F,Comfortable,ToU
MAC004970,0,ACORN-G,Comfortable,Std
MAC004971,2,ACORN-E,Affluent,Std
MAC004972,2,ACORN-E,Affluent,Std
MAC004973,2,ACORN-E,Affluent,Std
MAC004974,2,ACORN-E,Affluent,Std
MAC004975,2,ACORN-F,Comfortable,Std
MAC004976,1,ACORN-D,Affluent,Std
MAC004977,2,ACORN-E,Affluent,ToU
MAC004978,1,ACORN-G,Comfortable,Std
MAC004979,2,ACORN-Q,Adversity,ToU
MAC004980,1,ACORN-J,Comfortable,Std
MAC004981,2,ACORN-E,Affluent,Std
MAC004982,2,ACORN-E,Affluent,Std
MAC004983,1,ACORN-J,Comfortable,Std
MAC004984,2,ACORN-E,Affluent,Std
MAC004985,2,ACORN-F,Comfortable,Std
MAC004986,2,ACORN-E,Affluent,Std
MAC004987,1,ACORN-D,Affluent,Std
MAC004988,1,ACORN-A,Affluent,ToU
MAC004989,2,ACORN-C,Affluent,Std
MAC004990,2,ACORN-D,Affluent,ToU
MAC004991,1,ACORN-E,Affluent,Std
MAC004992,2,ACORN-E,Affluent,Std
MAC004993,0,ACORN-E,Affluent,Std
MAC004994,2,ACORN-L,Adversity,Std
MAC004995,1,ACORN-E,Affluent,Std
MAC004996,0,ACORN-E,Affluent,Std
MAC004997,1,ACORN-A,Affluent,Std
MAC004998,2,ACORN-E,Affluent,Std
MAC004999,1,ACORN-E,Affluent,Std
MAC005000,2,ACORN-Q,Adversity,Std
MAC005001,0,ACORN-E,Affluent,Std
MAC005002,2,ACORN-F,Comfortable,Std
MAC005003,2,ACORN-D,Affluent,Std
MAC005004,2,ACORN-Q,Adversity,Std
MAC005005,2,ACORN-E,Affluent,Std
MAC005006,2,ACORN-E,Affluent,ToU
MAC005007,2,ACORN-E,Affluent,Std
MAC005008,1,ACORN-E,Affluent,Std
MAC005009,0,ACORN-E,Affluent,Std
MAC005010,2,ACORN-P,Adversity,Std
MAC005011,2,ACORN-E,Affluent,ToU
MAC005012,2,ACORN-G,Comfortable,Std
MAC005013,2,ACORN-E,Affluent,ToU
MAC005014,2,ACORN-E,Affluent,Std
MAC005015,1,ACORN-D,Affluent,Std
MAC005016,2,ACORN-K,Adversity,Std
MAC005017,2,ACORN-E,Affluent,ToU
MAC005018,2,ACORN-E,Affluent,Std
MAC005019,2,ACORN-Q,Adversity,Std
MAC005020,1,ACORN-E,Affluent,Std
MAC005021,1,ACORN-E,Affluent,Std
MAC005022,1,ACORN-Q,Adversity,ToU
MAC005023,2,ACORN-L,Adversity,ToU
MAC005024,2,ACORN-F,Comfortable,Std
MAC005025,2,ACORN-E,Affluent,Std
MAC005026,1,ACORN-E,Affluent,Std
MAC005027,1,ACORN-E,Affluent,Std
MAC005028,1,ACORN-C,Affluent,Std
MAC005029,0,ACORN-E,Affluent,Std
MAC005030,2,ACORN-E,Affluent,Std
MAC005031,2,ACORN-E,Affluent,ToU
MAC005032,2,ACORN-E,Affluent,Std
MAC005033,2,ACORN-E,Affluent,Std
MAC005034,1,ACORN-E,Affluent,ToU
MAC005035,2,ACORN-H,Comfortable,Std
MAC005036,1,ACORN-U,ACORN-U,Std
MAC005037,2,ACORN-E,Affluent,Std
MAC005038,2,ACORN-E,Affluent,Std
MAC005039,2,ACORN-E,Affluent,ToU
MAC005040,2,ACORN-E,Affluent,Std
MAC005041,0,ACORN-E,Affluent,Std
MAC005042,1,ACORN-A,Affluent,Std
MAC005043,1,ACORN-F,Comfortable,Std
MAC005044,1,ACORN-E,Affluent,Std
MAC005045,2,ACORN-Q,Adversity,Std
MAC005046,2,ACORN-N,Adversity,Std
MAC005047,0,ACORN-E,Affluent,Std
MAC005048,2,ACORN-H,Comfortable,Std
MAC005049,2,ACORN-O,Adversity,Std
MAC005050,1,ACORN-F,Comfortable,Std
MAC005051,2,ACORN-J,Comfortable,Std
MAC005052,1,ACORN-Q,Adversity,Std
MAC005053,2,ACORN-Q,Adversity,Std
MAC005054,2,ACORN-N,Adversity,Std
MAC005055,2,ACORN-E,Affluent,Std
MAC005056,2,ACORN-Q,Adversity,Std
MAC005057,1,ACORN-F,Comfortable,ToU
MAC005058,2,ACORN-L,Adversity,Std
MAC005059,1,ACORN-I,Comfortable,ToU
MAC005060,2,ACORN-F,Comfortable,Std
MAC005061,1,ACORN-J,Comfortable,Std
MAC005062,2,ACORN-A,Affluent,Std
MAC005063,1,ACORN-E,Affluent,Std
MAC005064,1,ACORN-F,Comfortable,Std
MAC005065,2,ACORN-E,Affluent,Std
MAC005066,2,ACORN-C,Affluent,Std
MAC005067,1,ACORN-F,Comfortable,Std
MAC005068,2,ACORN-E,Affluent,ToU
MAC005069,2,ACORN-F,Comfortable,ToU
MAC005070,1,ACORN-D,Affluent,ToU
MAC005071,2,ACORN-F,Comfortable,Std
MAC005072,2,ACORN-H,Comfortable,Std
MAC005073,2,ACORN-F,Comfortable,Std
MAC005074,2,ACORN-H,Comfortable,Std
MAC005075,1,ACORN-E,Affluent,Std
MAC005076,1,ACORN-Q,Adversity,ToU
MAC005077,1,ACORN-F,Comfortable,Std
MAC005078,2,ACORN-F,Comfortable,Std
MAC005079,2,ACORN-L,Adversity,Std
MAC005080,1,ACORN-Q,Adversity,ToU
MAC005081,1,ACORN-H,Comfortable,Std
MAC005082,2,ACORN-Q,Adversity,Std
MAC005083,2,ACORN-E,Affluent,ToU
MAC005084,2,ACORN-G,Comfortable,Std
MAC005085,2,ACORN-N,Adversity,ToU
MAC005086,2,ACORN-E,Affluent,Std
MAC005087,2,ACORN-Q,Adversity,Std
MAC005088,2,ACORN-E,Affluent,Std
MAC005089,2,ACORN-O,Adversity,Std
MAC005090,1,ACORN-G,Comfortable,Std
MAC005091,0,ACORN-E,Affluent,ToU
MAC005092,1,ACORN-F,Comfortable,Std
MAC005093,2,ACORN-E,Affluent,ToU
MAC005094,2,ACORN-E,Affluent,Std
MAC005095,2,ACORN-Q,Adversity,Std
MAC005096,1,ACORN-N,Adversity,Std
MAC005097,1,ACORN-E,Affluent,Std
MAC005098,2,ACORN-E,Affluent,Std
MAC005099,2,ACORN-F,Comfortable,Std
MAC005100,2,ACORN-G,Comfortable,Std
MAC005101,1,ACORN-L,Adversity,Std
MAC005102,2,ACORN-L,Adversity,ToU
MAC005103,1,ACORN-Q,Adversity,Std
MAC005104,2,ACORN-Q,Adversity,Std
MAC005105,2,ACORN-Q,Adversity,Std
MAC005106,1,ACORN-D,Affluent,ToU
MAC005107,1,ACORN-F,Comfortable,Std
MAC005108,2,ACORN-Q,Adversity,Std
MAC005109,2,ACORN-E,Affluent,Std
MAC005110,2,ACORN-F,Comfortable,ToU
MAC005111,1,ACORN-E,Affluent,ToU
MAC005112,2,ACORN-C,Affluent,Std
MAC005113,2,ACORN-E,Affluent,Std
MAC005114,2,ACORN-F,Comfortable,Std
MAC005115,2,ACORN-Q,Adversity,Std
MAC005116,1,ACORN-Q,Adversity,Std
MAC005117,0,ACORN-E,Affluent,Std
MAC005118,2,ACORN-E,Affluent,Std
MAC005119,0,ACORN-K,Adversity,Std
MAC005120,2,ACORN-E,Affluent,Std
MAC005121,2,ACORN-P,Adversity,ToU
MAC005122,1,ACORN-E,Affluent,ToU
MAC005123,1,ACORN-F,Comfortable,Std
MAC005124,1,ACORN-O,Adversity,ToU
MAC005125,2,ACORN-N,Adversity,Std
MAC005126,2,ACORN-F,Comfortable,Std
MAC005127,2,ACORN-F,Comfortable,ToU
MAC005128,2,ACORN-P,Adversity,Std
MAC005129,1,ACORN-F,Comfortable,Std
MAC005130,2,ACORN-G,Comfortable,Std
MAC005131,2,ACORN-E,Affluent,Std
MAC005132,2,ACORN-G,Comfortable,Std
MAC005133,1,ACORN-F,Comfortable,Std
MAC005134,2,ACORN-D,Affluent,ToU
MAC005135,2,ACORN-H,Comfortable,Std
MAC005136,2,ACORN-Q,Adversity,Std
MAC005137,2,ACORN-E,Affluent,Std
MAC005138,2,ACORN-E,Affluent,Std
MAC005139,1,ACORN-G,Comfortable,Std
MAC005140,2,ACORN-O,Adversity,Std
MAC005141,2,ACORN-H,Comfortable,Std
MAC005142,2,ACORN-Q,Adversity,Std
MAC005143,2,ACORN-H,Comfortable,Std
MAC005144,1,ACORN-L,Adversity,Std
MAC005145,2,ACORN-Q,Adversity,Std
MAC005146,2,ACORN-F,Comfortable,ToU
MAC005147,2,ACORN-F,Comfortable,ToU
MAC005148,1,ACORN-O,Adversity,ToU
MAC005149,2,ACORN-E,Affluent,ToU
MAC005150,1,ACORN-F,Comfortable,ToU
MAC005151,2,ACORN-H,Comfortable,Std
MAC005152,1,ACORN-E,Affluent,ToU
MAC005153,2,ACORN-O,Adversity,Std
MAC005154,0,ACORN-D,Affluent,Std
MAC005155,1,ACORN-F,Comfortable,Std
MAC005156,1,ACORN-E,Affluent,Std
MAC005157,2,ACORN-L,Adversity,ToU
MAC005158,1,ACORN-Q,Adversity,Std
MAC005159,1,ACORN-A,Affluent,ToU
MAC005160,1,ACORN-A,Affluent,ToU
MAC005161,2,ACORN-F,Comfortable,ToU
MAC005162,2,ACORN-F,Comfortable,ToU
MAC005163,2,ACORN-Q,Adversity,Std
MAC005164,2,ACORN-H,Comfortable,ToU
MAC005165,1,ACORN-E,Affluent,Std
MAC005166,1,ACORN-N,Adversity,Std
MAC005167,2,ACORN-F,Comfortable,Std
MAC005168,2,ACORN-K,Adversity,Std
MAC005169,2,ACORN-F,Comfortable,Std
MAC005170,2,ACORN-F,Comfortable,Std
MAC005171,2,ACORN-E,Affluent,ToU
MAC005172,2,ACORN-A,Affluent,ToU
MAC005173,1,ACORN-F,Comfortable,ToU
MAC005174,2,ACORN-F,Comfortable,Std
MAC005175,2,ACORN-E,Affluent,Std
MAC005176,2,ACORN-F,Comfortable,Std
MAC005177,2,ACORN-E,Affluent,Std
MAC005178,1,ACORN-E,Affluent,Std
MAC005179,2,ACORN-D,Affluent,ToU
MAC005180,1,ACORN-E,Affluent,ToU
MAC005181,2,ACORN-D,Affluent,Std
MAC005182,2,ACORN-D,Affluent,Std
MAC005183,2,ACORN-E,Affluent,Std
MAC005184,1,ACORN-D,Affluent,ToU
MAC005185,2,ACORN-E,Affluent,Std
MAC005186,1,ACORN-F,Comfortable,ToU
MAC005187,2,ACORN-E,Affluent,Std
MAC005188,0,ACORN-F,Comfortable,Std
MAC005189,1,ACORN-E,Affluent,ToU
MAC005190,2,ACORN-E,Affluent,ToU
MAC005191,2,ACORN-F,Comfortable,Std
MAC005192,2,ACORN-E,Affluent,Std
MAC005193,2,ACORN-L,Adversity,Std
MAC005194,2,ACORN-Q,Adversity,Std
MAC005195,1,ACORN-D,Affluent,Std
MAC005196,2,ACORN-E,Affluent,Std
MAC005197,2,ACORN-E,Affluent,ToU
MAC005198,0,ACORN-E,Affluent,Std
MAC005199,2,ACORN-E,Affluent,Std
MAC005200,1,ACORN-E,Affluent,ToU
MAC005201,2,ACORN-F,Comfortable,Std
MAC005202,1,ACORN-E,Affluent,Std
MAC005203,2,ACORN-E,Affluent,Std
MAC005204,2,ACORN-E,Affluent,ToU
MAC005205,2,ACORN-D,Affluent,Std
MAC005206,2,ACORN-D,Affluent,Std
MAC005207,1,ACORN-G,Comfortable,ToU
MAC005208,2,ACORN-F,Comfortable,Std
MAC005209,2,ACORN-E,Affluent,Std
MAC005210,2,ACORN-F,Comfortable,Std
MAC005211,1,ACORN-D,Affluent,Std
MAC005212,2,ACORN-E,Affluent,ToU
MAC005213,1,ACORN-G,Comfortable,Std
MAC005214,2,ACORN-E,Affluent,Std
MAC005215,2,ACORN-E,Affluent,Std
MAC005216,1,ACORN-J,Comfortable,Std
MAC005217,2,ACORN-E,Affluent,Std
MAC005218,2,ACORN-E,Affluent,Std
MAC005219,2,ACORN-D,Affluent,Std
MAC005220,0,ACORN-E,Affluent,Std
MAC005221,2,ACORN-E,Affluent,Std
MAC005222,1,ACORN-E,Affluent,Std
MAC005223,1,ACORN-E,Affluent,Std
MAC005224,1,ACORN-D,Affluent,Std
MAC005225,1,ACORN-E,Affluent,Std
MAC005226,2,ACORN-E,Affluent,Std
MAC005227,1,ACORN-E,Affluent,Std
MAC005228,1,ACORN-Q,Adversity,Std
MAC005229,2,ACORN-H,Comfortable,Std
MAC005230,1,ACORN-F,Comfortable,Std
MAC005231,2,ACORN-E,Affluent,Std
MAC005232,2,ACORN-E,Affluent,Std
MAC005233,2,ACORN-E,Affluent,Std
MAC005234,1,ACORN-E,Affluent,Std
MAC005235,0,ACORN-E,Affluent,Std
MAC005236,2,ACORN-Q,Adversity,Std
MAC005237,2,ACORN-Q,Adversity,Std
MAC005238,1,ACORN-E,Affluent,Std
MAC005239,1,ACORN-G,Comfortable,Std
MAC005240,2,ACORN-Q,Adversity,ToU
MAC005241,2,ACORN-F,Comfortable,Std
MAC005242,2,ACORN-E,Affluent,Std
MAC005243,1,ACORN-F,Comfortable,Std
MAC005244,1,ACORN-D,Affluent,Std
MAC005245,1,ACORN-F,Comfortable,Std
MAC005246,2,ACORN-F,Comfortable,Std
MAC005247,1,ACORN-J,Comfortable,Std
MAC005248,2,ACORN-E,Affluent,Std
MAC005249,1,ACORN-D,Affluent,Std
MAC005250,1,ACORN-E,Affluent,ToU
MAC005251,1,ACORN-E,Affluent,Std
MAC005252,2,ACORN-D,Affluent,Std
MAC005253,2,ACORN-E,Affluent,Std
MAC005254,2,ACORN-D,Affluent,Std
MAC005255,1,ACORN-D,Affluent,ToU
MAC005256,2,ACORN-F,Comfortable,ToU
MAC005257,2,ACORN-E,Affluent,Std
MAC005258,1,ACORN-Q,Adversity,Std
MAC005259,0,ACORN-H,Comfortable,Std
MAC005260,2,ACORN-Q,Adversity,Std
MAC005261,2,ACORN-D,Affluent,Std
MAC005262,2,ACORN-E,Affluent,Std
MAC005263,1,ACORN-E,Affluent,Std
MAC005264,1,ACORN-F,Comfortable,Std
MAC005265,2,ACORN-Q,Adversity,Std
MAC005266,2,ACORN-E,Affluent,ToU
MAC005267,1,ACORN-E,Affluent,Std
MAC005268,2,ACORN-E,Affluent,Std
MAC005269,1,ACORN-E,Affluent,Std
MAC005270,1,ACORN-E,Affluent,Std
MAC005271,2,ACORN-E,Affluent,ToU
MAC005272,2,ACORN-P,Adversity,Std
MAC005273,2,ACORN-D,Affluent,Std
MAC005274,2,ACORN-E,Affluent,Std
MAC005275,0,ACORN-D,Affluent,Std
MAC005276,1,ACORN-E,Affluent,Std
MAC005277,2,ACORN-E,Affluent,Std
MAC005278,2,ACORN-E,Affluent,ToU
MAC005279,2,ACORN-E,Affluent,ToU
MAC005280,1,ACORN-D,Affluent,Std
MAC005281,1,ACORN-G,Comfortable,ToU
MAC005282,2,ACORN-E,Affluent,Std
MAC005283,1,ACORN-A,Affluent,Std
MAC005284,2,ACORN-E,Affluent,ToU
MAC005285,2,ACORN-E,Affluent,Std
MAC005286,2,ACORN-E,Affluent,Std
MAC005287,0,ACORN-Q,Adversity,Std
MAC005288,1,ACORN-Q,Adversity,Std
MAC005289,2,ACORN-P,Adversity,Std
MAC005290,0,ACORN-E,Affluent,ToU
MAC005291,2,ACORN-E,Affluent,ToU
MAC005292,2,ACORN-E,Affluent,ToU
MAC005293,1,ACORN-E,Affluent,Std
MAC005294,2,ACORN-E,Affluent,Std
MAC005295,1,ACORN-E,Affluent,Std
MAC005296,2,ACORN-E,Affluent,Std
MAC005297,2,ACORN-E,Affluent,Std
MAC005298,2,ACORN-H,Comfortable,Std
MAC005299,1,ACORN-E,Affluent,Std
MAC005300,2,ACORN-E,Affluent,Std
MAC005301,1,ACORN-E,Affluent,Std
MAC005302,0,ACORN-E,Affluent,Std
MAC005303,1,ACORN-M,Adversity,Std
MAC005304,2,ACORN-E,Affluent,Std
MAC005305,2,ACORN-F,Comfortable,Std
MAC005306,2,ACORN-E,Affluent,ToU
MAC005307,1,ACORN-E,Affluent,Std
MAC005308,0,ACORN-E,Affluent,ToU
MAC005309,1,ACORN-E,Affluent,Std
MAC005310,2,ACORN-E,Affluent,ToU
MAC005311,2,ACORN-E,Affluent,Std
MAC005312,2,ACORN-M,Adversity,Std
MAC005313,2,ACORN-E,Affluent,Std
MAC005314,1,ACORN-E,Affluent,Std
MAC005315,1,ACORN-E,Affluent,Std
MAC005316,1,ACORN-D,Affluent,Std
MAC005317,2,ACORN-E,Affluent,Std
MAC005318,0,ACORN-D,Affluent,Std
MAC005319,2,ACORN-E,Affluent,Std
MAC005320,1,ACORN-C,Affluent,Std
MAC005321,2,ACORN-E,Affluent,ToU
MAC005322,1,ACORN-E,Affluent,Std
MAC005323,2,ACORN-E,Affluent,Std
MAC005324,1,ACORN-D,Affluent,ToU
MAC005325,2,ACORN-F,Comfortable,Std
MAC005326,2,ACORN-E,Affluent,Std
MAC005327,0,ACORN-E,Affluent,Std
MAC005328,2,ACORN-Q,Adversity,Std
MAC005329,1,ACORN-E,Affluent,Std
MAC005330,2,ACORN-H,Comfortable,Std
MAC005331,2,ACORN-E,Affluent,Std
MAC005332,2,ACORN-Q,Adversity,Std
MAC005333,2,ACORN-E,Affluent,Std
MAC005334,2,ACORN-E,Affluent,Std
MAC005335,0,ACORN-P,Adversity,Std
MAC005336,1,ACORN-Q,Adversity,Std
MAC005337,1,ACORN-P,Adversity,Std
MAC005338,2,ACORN-L,Adversity,Std
MAC005339,2,ACORN-Q,Adversity,Std
MAC005340,1,ACORN-P,Adversity,Std
MAC005341,0,ACORN-F,Comfortable,ToU
MAC005342,1,ACORN-E,Affluent,ToU
MAC005343,2,ACORN-E,Affluent,Std
MAC005344,1,ACORN-P,Adversity,Std
MAC005345,1,ACORN-P,Adversity,Std
MAC005346,0,ACORN-E,Affluent,Std
MAC005347,2,ACORN-E,Affluent,ToU
MAC005348,1,ACORN-P,Adversity,Std
MAC005349,2,ACORN-D,Affluent,ToU
MAC005350,1,ACORN-P,Adversity,Std
MAC005351,2,ACORN-D,Affluent,Std
MAC005352,2,ACORN-E,Affluent,ToU
MAC005353,0,ACORN-E,Affluent,Std
MAC005354,1,ACORN-D,Affluent,ToU
MAC005355,1,ACORN-E,Affluent,Std
MAC005356,0,ACORN-E,Affluent,Std
MAC005357,2,ACORN-L,Adversity,Std
MAC005358,2,ACORN-E,Affluent,Std
MAC005359,2,ACORN-E,Affluent,ToU
MAC005360,2,ACORN-E,Affluent,Std
MAC005361,1,ACORN-F,Comfortable,Std
MAC005362,2,ACORN-E,Affluent,Std
MAC005363,1,ACORN-U,ACORN-U,Std
MAC005364,1,ACORN-Q,Adversity,Std
MAC005365,1,ACORN-E,Affluent,Std
MAC005366,1,ACORN-H,Comfortable,Std
MAC005367,2,ACORN-E,Affluent,Std
MAC005368,2,ACORN-Q,Adversity,ToU
MAC005369,2,ACORN-Q,Adversity,Std
MAC005370,1,ACORN-D,Affluent,Std
MAC005371,1,ACORN-L,Adversity,Std
MAC005372,2,ACORN-F,Comfortable,Std
MAC005373,2,ACORN-E,Affluent,Std
MAC005374,2,ACORN-G,Comfortable,Std
MAC005375,2,ACORN-E,Affluent,Std
MAC005376,1,ACORN-P,Adversity,Std
MAC005377,1,ACORN-P,Adversity,Std
MAC005378,1,ACORN-E,Affluent,Std
MAC005379,2,ACORN-F,Comfortable,Std
MAC005380,2,ACORN-D,Affluent,Std
MAC005381,2,ACORN-Q,Adversity,Std
MAC005382,1,ACORN-E,Affluent,Std
MAC005383,2,ACORN-E,Affluent,Std
MAC005384,2,ACORN-E,Affluent,ToU
MAC005385,0,ACORN-P,Adversity,Std
MAC005386,1,ACORN-P,Adversity,Std
MAC005387,2,ACORN-E,Affluent,Std
MAC005388,1,ACORN-P,Adversity,Std
MAC005389,2,ACORN-Q,Adversity,Std
MAC005390,2,ACORN-E,Affluent,Std
MAC005391,2,ACORN-E,Affluent,Std
MAC005392,2,ACORN-E,Affluent,Std
MAC005393,0,ACORN-E,Affluent,Std
MAC005394,2,ACORN-E,Affluent,Std
MAC005395,2,ACORN-E,Affluent,ToU
MAC005396,2,ACORN-F,Comfortable,ToU
MAC005397,1,ACORN-P,Adversity,Std
MAC005398,1,ACORN-P,Adversity,Std
MAC005399,1,ACORN-E,Affluent,Std
MAC005400,2,ACORN-E,Affluent,Std
MAC005401,2,ACORN-Q,Adversity,ToU
MAC005402,1,ACORN-P,Adversity,Std
MAC005403,2,ACORN-E,Affluent,Std
MAC005404,1,ACORN-E,Affluent,Std
MAC005405,2,ACORN-E,Affluent,Std
MAC005406,0,ACORN-A,Affluent,Std
MAC005407,1,ACORN-E,Affluent,Std
MAC005408,2,ACORN-E,Affluent,Std
MAC005409,2,ACORN-N,Adversity,Std
MAC005410,2,ACORN-G,Comfortable,Std
MAC005411,1,ACORN-E,Affluent,Std
MAC005412,0,ACORN-E,Affluent,Std
MAC005413,0,ACORN-E,Affluent,ToU
MAC005414,2,ACORN-Q,Adversity,Std
MAC005415,2,ACORN-E,Affluent,Std
MAC005416,2,ACORN-E,Affluent,Std
MAC005417,2,ACORN-E,Affluent,Std
MAC005418,2,ACORN-E,Affluent,Std
MAC005419,2,ACORN-E,Affluent,Std
MAC005420,2,ACORN-E,Affluent,Std
MAC005421,1,ACORN-A,Affluent,Std
MAC005422,1,ACORN-P,Adversity,Std
MAC005423,0,ACORN-E,Affluent,Std
MAC005424,1,ACORN-U,ACORN-U,Std
MAC005425,2,ACORN-F,Comfortable,Std
MAC005426,2,ACORN-E,Affluent,Std
MAC005427,1,ACORN-E,Affluent,ToU
MAC005428,1,ACORN-E,Affluent,Std
MAC005429,2,ACORN-F,Comfortable,ToU
MAC005430,1,ACORN-G,Comfortable,Std
MAC005431,2,ACORN-F,Comfortable,Std
MAC005432,2,ACORN-L,Adversity,ToU
MAC005433,2,ACORN-E,Affluent,Std
MAC005434,1,ACORN-M,Adversity,ToU
MAC005435,2,ACORN-Q,Adversity,Std
MAC005436,2,ACORN-L,Adversity,Std
MAC005437,2,ACORN-E,Affluent,Std
MAC005438,2,ACORN-F,Comfortable,Std
MAC005439,2,ACORN-L,Adversity,Std
MAC005440,1,ACORN-E,Affluent,Std
MAC005441,1,ACORN-F,Comfortable,Std
MAC005442,0,ACORN-E,Affluent,Std
MAC005443,2,ACORN-G,Comfortable,Std
MAC005444,2,ACORN-H,Comfortable,Std
MAC005445,2,ACORN-E,Affluent,ToU
MAC005446,1,ACORN-E,Affluent,Std
MAC005447,0,ACORN-E,Affluent,Std
MAC005448,2,ACORN-H,Comfortable,ToU
MAC005449,2,ACORN-K,Adversity,ToU
MAC005450,2,ACORN-I,Comfortable,Std
MAC005451,1,ACORN-F,Comfortable,Std
MAC005452,2,ACORN-Q,Adversity,Std
MAC005453,2,ACORN-D,Affluent,Std
MAC005454,2,ACORN-E,Affluent,Std
MAC005455,2,ACORN-E,Affluent,Std
MAC005456,2,ACORN-F,Comfortable,Std
MAC005457,2,ACORN-E,Affluent,Std
MAC005458,1,ACORN-Q,Adversity,Std
MAC005459,0,ACORN-E,Affluent,Std
MAC005460,2,ACORN-Q,Adversity,Std
MAC005461,2,ACORN-N,Adversity,Std
MAC005462,2,ACORN-E,Affluent,Std
MAC005463,2,ACORN-Q,Adversity,Std
MAC005464,1,ACORN-F,Comfortable,Std
MAC005465,2,ACORN-Q,Adversity,ToU
MAC005466,2,ACORN-F,Comfortable,Std
MAC005467,2,ACORN-F,Comfortable,Std
MAC005468,1,ACORN-A,Affluent,Std
MAC005469,2,ACORN-E,Affluent,Std
MAC005470,2,ACORN-E,Affluent,ToU
MAC005471,2,ACORN-F,Comfortable,Std
MAC005472,2,ACORN-M,Adversity,Std
MAC005473,2,ACORN-P,Adversity,ToU
MAC005474,2,ACORN-Q,Adversity,ToU
MAC005475,2,ACORN-M,Adversity,Std
MAC005476,1,ACORN-K,Adversity,Std
MAC005477,2,ACORN-F,Comfortable,ToU
MAC005478,2,ACORN-L,Adversity,Std
MAC005479,2,ACORN-E,Affluent,Std
MAC005480,2,ACORN-Q,Adversity,Std
MAC005481,2,ACORN-F,Comfortable,Std
MAC005482,2,ACORN-F,Comfortable,ToU
MAC005483,1,ACORN-O,Adversity,Std
MAC005484,1,ACORN-K,Adversity,Std
MAC005485,2,ACORN-J,Comfortable,Std
MAC005486,2,ACORN-L,Adversity,Std
MAC005487,2,ACORN-Q,Adversity,Std
MAC005488,1,ACORN-E,Affluent,ToU
MAC005489,2,ACORN-C,Affluent,ToU
MAC005490,1,ACORN-C,Affluent,Std
MAC005491,2,ACORN-E,Affluent,Std
MAC005492,2,ACORN-,ACORN-,ToU
MAC005493,2,ACORN-F,Comfortable,Std
MAC005494,1,ACORN-J,Comfortable,Std
MAC005495,1,ACORN-J,Comfortable,ToU
MAC005496,2,ACORN-E,Affluent,Std
MAC005497,1,ACORN-E,Affluent,Std
MAC005498,2,ACORN-L,Adversity,ToU
MAC005499,2,ACORN-Q,Adversity,Std
MAC005500,2,ACORN-Q,Adversity,Std
MAC005501,2,ACORN-M,Adversity,Std
MAC005502,2,ACORN-E,Affluent,Std
MAC005503,2,ACORN-Q,Adversity,Std
MAC005504,1,ACORN-D,Affluent,Std
MAC005505,2,ACORN-E,Affluent,Std
MAC005506,1,ACORN-C,Affluent,Std
MAC005507,1,ACORN-E,Affluent,ToU
MAC005508,2,ACORN-H,Comfortable,ToU
MAC005509,1,ACORN-C,Affluent,Std
MAC005510,2,ACORN-N,Adversity,ToU
MAC005511,2,ACORN-N,Adversity,Std
MAC005512,2,ACORN-K,Adversity,Std
MAC005513,1,ACORN-L,Adversity,Std
MAC005514,2,ACORN-G,Comfortable,ToU
MAC005515,2,ACORN-E,Affluent,ToU
MAC005516,2,ACORN-Q,Adversity,ToU
MAC005517,2,ACORN-D,Affluent,Std
MAC005518,1,ACORN-K,Adversity,Std
MAC005519,2,ACORN-Q,Adversity,Std
MAC005520,2,ACORN-O,Adversity,Std
MAC005521,1,ACORN-E,Affluent,Std
MAC005522,1,ACORN-J,Comfortable,ToU
MAC005523,2,ACORN-A,Affluent,Std
MAC005524,2,ACORN-Q,Adversity,ToU
MAC005525,2,ACORN-P,Adversity,Std
MAC005526,2,ACORN-E,Affluent,Std
MAC005527,2,ACORN-Q,Adversity,Std
MAC005528,2,ACORN-Q,Adversity,Std
MAC005529,2,ACORN-L,Adversity,ToU
MAC005530,2,ACORN-K,Adversity,Std
MAC005531,2,ACORN-E,Affluent,Std
MAC005532,1,ACORN-E,Affluent,Std
MAC005533,1,ACORN-G,Comfortable,ToU
MAC005534,2,ACORN-J,Comfortable,Std
MAC005535,2,ACORN-F,Comfortable,ToU
MAC005536,2,ACORN-F,Comfortable,ToU
MAC005537,2,ACORN-F,Comfortable,ToU
MAC005538,2,ACORN-F,Comfortable,ToU
MAC005539,1,ACORN-E,Affluent,Std
MAC005540,2,ACORN-N,Adversity,Std
MAC005541,1,ACORN-E,Affluent,ToU
MAC005542,2,ACORN-F,Comfortable,Std
MAC005543,1,ACORN-G,Comfortable,Std
MAC005544,2,ACORN-N,Adversity,Std
MAC005545,1,ACORN-Q,Adversity,Std
MAC005546,2,ACORN-P,Adversity,Std
MAC005547,2,ACORN-Q,Adversity,Std
MAC005548,2,ACORN-L,Adversity,Std
MAC005549,1,ACORN-K,Adversity,ToU
MAC005550,1,ACORN-C,Affluent,ToU
MAC005551,2,ACORN-F,Comfortable,ToU
MAC005552,2,ACORN-E,Affluent,Std
MAC005553,0,ACORN-E,Affluent,Std
MAC005554,2,ACORN-E,Affluent,Std
MAC005555,2,ACORN-E,Affluent,Std
MAC005557,2,ACORN-Q,Adversity,ToU
MAC005558,2,ACORN-E,Affluent,Std
MAC005561,2,ACORN-L,Adversity,Std
MAC005562,2,ACORN-F,Comfortable,Std
MAC005564,2,ACORN-Q,Adversity,ToU
MAC005566,1,ACORN-E,Affluent,Std
MAC005567,2,ACORN-Q,Adversity,Std
