LCLid,avg_daily_consumption,std_daily_consumption,avg_daily_mean,avg_daily_peak,avg_load_factor,weekday_avg,weekend_avg,weekend_weekday_ratio,coef_variation,cluster,Acorn,Acorn_grouped,stdorToU
MAC000002,12.070638,4.4945183,0.25458974,1.0860951,0.25610268,11.758204,12.8538885,1.0931846,0.37235135,1,ACORN-A,Affluent,Std
MAC000003,19.028193,11.606124,0.3968093,1.8655609,0.20717031,19.12866,18.774633,0.98149234,0.60994357,1,ACORN-P,Adversity,Std
MAC000004,1.6915997,0.4313768,0.035390552,0.23623413,0.15489578,1.6736941,1.7367446,1.0376714,0.25501117,2,ACORN-E,Affluent,Std
MAC000005,4.5627055,1.4705111,0.095362514,0.5892618,0.20221002,4.554494,4.58328,1.0063204,0.3222893,2,ACORN-C,Affluent,ToU
MAC000006,2.8481576,0.88217145,0.05945502,0.2489895,0.25654155,2.8928423,2.7354121,0.9455794,0.30973408,2,ACORN-Q,Adversity,Std
MAC000007,9.469782,3.8752604,0.19763952,1.0368317,0.21275617,8.99588,10.6705475,1.1861594,0.40922382,1,ACORN-H,Comfortable,Std
MAC000008,17.354137,4.969148,0.3632952,1.110785,0.369839,17.435513,17.151737,0.9837243,0.28633794,1,ACORN-H,Comfortable,Std
MAC000009,8.56496,1.7605664,0.17877588,0.8895446,0.23511142,8.493274,8.745133,1.029654,0.20555454,2,ACORN-L,Adversity,Std
MAC000010,26.348434,5.93172,0.5500506,1.9220937,0.29491422,25.91957,27.435081,1.0584698,0.22512609,0,ACORN-H,Comfortable,Std
MAC000011,15.042477,4.43202,0.31438217,1.0690969,0.31153476,14.894164,15.418556,1.0352079,0.2946337,1,ACORN-N,Adversity,Std
MAC000012,2.1094816,2.1527245,0.04403623,0.15941553,0.39744145,2.14445,2.0211027,0.9424807,1.0204993,2,ACORN-E,Affluent,Std
MAC000013,5.2713237,1.2580463,0.110047705,0.23197572,0.48450753,5.2752986,5.2613406,0.9973541,0.23865852,2,ACORN-K,Adversity,Std
MAC000014,6.2392926,1.5977178,0.13021967,1.0333028,0.13721462,6.186636,6.3727884,1.0300895,0.25607353,2,ACORN-L,Adversity,ToU
MAC000015,10.972761,4.6985455,0.22935888,0.72877204,0.36997736,11.177329,10.457814,0.9356273,0.42820084,1,ACORN-E,Affluent,ToU
MAC000016,1.3081765,1.8576858,0.027496472,0.09669853,0.35400257,1.3054795,1.3149655,1.0072663,1.4200574,2,ACORN-K,Adversity,Std
MAC000017,6.3718452,2.3564403,0.1333168,0.5896324,0.26689073,6.287118,6.585125,1.0473996,0.3698207,2,ACORN-C,Affluent,ToU
MAC000018,10.722882,3.6425154,0.22401807,0.6779276,0.41471478,10.673626,10.84666,1.0162114,0.33969554,2,ACORN-E,Affluent,Std
MAC000019,6.2081227,2.1837976,0.1297168,0.5813006,0.3064579,6.1149573,6.442241,1.0535219,0.35176456,2,ACORN-K,Adversity,Std
MAC000020,6.555169,2.287136,0.13675073,0.6341141,0.27943462,6.478753,6.747198,1.0414346,0.34890574,2,ACORN-J,Comfortable,Std
MAC000021,22.468618,5.884856,0.46933484,1.0012085,0.534165,23.58923,19.652594,0.83311725,0.26191446,1,ACORN-E,Affluent,Std
MAC000022,12.52341,6.8634543,0.2614761,0.63443923,0.41151157,12.520546,12.530608,1.0008037,0.54805,1,ACORN-Q,Adversity,Std
MAC000023,14.311153,5.8265347,0.29870266,1.102281,0.31888518,14.510414,13.810427,0.95175964,0.40713245,1,ACORN-U,ACORN-U,Std
MAC000024,20.763638,12.966457,0.4359088,2.224432,0.21378799,21.129478,19.844305,0.93917626,0.62447906,1,ACORN-E,Affluent,Std
MAC000025,4.759701,1.123916,0.09927464,1.2530748,0.08950988,4.7510276,4.7814956,1.006413,0.23613165,2,ACORN-P,Adversity,Std
MAC000026,12.437321,5.487298,0.2598157,0.8658012,0.4044971,13.919864,8.711789,0.62585306,0.44119614,1,ACORN-D,Affluent,Std
MAC000027,8.942148,2.023642,0.18666446,0.5635301,0.3651727,8.2279005,10.737005,1.3049508,0.2263038,2,ACORN-J,Comfortable,Std
MAC000028,4.7989373,2.1991704,0.10008718,0.28923994,0.48887864,4.865875,4.6319427,0.95192397,0.45826194,2,ACORN-E,Affluent,Std
MAC000029,3.390449,1.2571393,0.070800014,0.49681842,0.21451156,3.3248591,3.5552716,1.0692999,0.37078846,2,ACORN-P,Adversity,Std
MAC000030,11.378924,6.6347256,0.23730332,0.9497669,0.32012504,9.902786,15.088358,1.5236478,0.5830714,1,ACORN-A,Affluent,Std
MAC000031,19.988794,8.754606,0.4172429,1.571038,0.32789764,18.638208,23.382725,1.2545586,0.4379757,1,ACORN-Q,Adversity,ToU
MAC000032,12.788661,7.5305414,0.26953566,1.9263754,0.14431494,12.71871,12.964444,1.0193207,0.5888452,1,ACORN-Q,Adversity,Std
MAC000033,7.555491,1.8089174,0.15781587,0.54597795,0.319008,7.4572525,7.8023577,1.0462778,0.23941758,2,ACORN-E,Affluent,Std
MAC000034,27.118956,20.44795,0.57199883,2.818173,0.2682692,27.144644,27.054409,0.9966758,0.7540095,0,ACORN-E,Affluent,Std
MAC000035,22.655577,10.437034,0.4733773,1.3537043,0.36808124,23.442467,20.678177,0.8820819,0.46068275,1,ACORN-E,Affluent,Std
MAC000036,2.6655364,0.354565,0.055608727,0.27396074,0.20829038,2.610122,2.8047888,1.0745815,0.13301826,2,ACORN-E,Affluent,Std
MAC000037,0.08012638,0.22231884,0.0016700218,0.07561718,0.024385434,0.09528473,0.04203448,0.44114605,2.7746022,2,ACORN-E,Affluent,Std
MAC000038,11.371728,4.914942,0.23712319,1.0001917,0.2715349,10.449474,13.685314,1.3096653,0.4322071,1,ACORN-L,Adversity,Std
MAC000039,9.07232,3.2104833,0.18942098,0.9024017,0.25667807,9.134081,8.917383,0.9762759,0.35387677,2,ACORN-F,Comfortable,Std
MAC000040,26.630774,9.134635,0.5556849,1.5083416,0.39680308,26.855322,26.067469,0.9706631,0.34301051,0,ACORN-A,Affluent,Std
MAC000041,8.4168415,3.6293943,0.17655583,0.6887555,0.28422812,8.647112,7.839181,0.9065664,0.4312062,2,ACORN-Q,Adversity,Std
MAC000042,9.27619,3.1853046,0.19347447,0.89058846,0.2618467,9.119751,9.668638,1.0601866,0.343385,2,ACORN-Q,Adversity,Std
MAC000043,3.5341377,2.26448,0.07378983,0.18047175,0.4246809,3.5127525,3.5877845,1.0213599,0.64074475,2,ACORN-H,Comfortable,Std
MAC000044,14.192731,4.634536,0.29607052,0.9717445,0.30958503,13.212315,16.652224,1.2603563,0.3265429,1,ACORN-F,Comfortable,ToU
MAC000045,20.671076,8.075813,0.43121323,1.8708907,0.22809194,20.649267,20.725788,1.0037057,0.3906818,1,ACORN-E,Affluent,Std
MAC000046,13.185872,3.7125409,0.2752108,1.0255946,0.28427783,12.612044,14.625388,1.1596366,0.28155443,1,ACORN-N,Adversity,ToU
MAC000047,5.303569,1.2826992,0.110691465,0.2614177,0.44347757,5.2733383,5.379405,1.0201138,0.24185586,2,ACORN-Q,Adversity,Std
MAC000048,6.689236,3.652605,0.139562,0.69954425,0.3024511,6.8262563,6.3455043,0.9295731,0.54604214,2,ACORN-E,Affluent,ToU
MAC000049,36.962032,9.123825,0.7721386,3.0223587,0.26824394,36.34659,38.505955,1.0594105,0.24684316,0,ACORN-E,Affluent,Std
MAC000050,23.379087,7.280598,0.4883651,1.9111167,0.26441324,22.413897,25.792063,1.1507175,0.311415,1,ACORN-D,Affluent,Std
MAC000051,15.451041,5.1195045,0.32296038,1.4590061,0.2333074,15.680025,14.876608,0.94876176,0.33133718,1,ACORN-F,Comfortable,ToU
MAC000052,6.87929,4.681676,0.14376137,0.6253465,0.26418236,6.5485444,7.7090044,1.1772089,0.68054634,2,ACORN-D,Affluent,ToU
MAC000053,8.258142,2.4124885,0.17251535,0.7461488,0.2629716,8.493117,7.669694,0.90304816,0.29213452,2,ACORN-F,Comfortable,Std
MAC000054,9.537611,1.2876742,0.19904229,0.61439604,0.3480586,9.205124,10.370263,1.1265751,0.13501014,2,ACORN-Q,Adversity,Std
MAC000055,12.711297,4.191197,0.2655185,0.8239495,0.38522166,13.0107,11.961495,0.9193583,0.3297222,1,ACORN-K,Adversity,Std
MAC000056,6.099035,2.181281,0.12728792,0.4740246,0.2962997,5.8882256,6.6269655,1.1254605,0.35764366,2,ACORN-Q,Adversity,Std
MAC000057,10.7156725,4.789103,0.22356087,0.7205166,0.41483295,10.689867,10.780297,1.0084594,0.4469251,1,ACORN-E,Affluent,Std
MAC000058,3.3741426,0.92563194,0.070412725,0.33263713,0.24146587,3.4872375,3.090918,0.88635147,0.274331,2,ACORN-E,Affluent,Std
MAC000059,17.521217,2.8280203,0.3657604,1.0365523,0.39262453,17.322716,18.018328,1.040156,0.16140547,1,ACORN-H,Comfortable,Std
MAC000060,10.696516,3.1967187,0.22331417,0.837417,0.27631855,10.421521,11.38519,1.0924691,0.29885608,1,ACORN-F,Comfortable,Std
MAC000061,5.8303065,1.3336855,0.121698305,0.3762989,0.34003672,5.5125456,6.6260777,1.2019997,0.2287505,2,ACORN-Q,Adversity,Std
MAC000062,11.65316,1.8654923,0.24321137,0.72307503,0.38328353,11.458427,12.140837,1.0595552,0.16008468,1,ACORN-H,Comfortable,Std
MAC000063,12.776367,4.4958115,0.26643646,0.9743252,0.30686858,12.842585,12.611882,0.9820361,0.35188496,1,ACORN-D,Affluent,Std
MAC000064,13.287906,6.319798,0.27707788,1.1779693,0.26244563,12.723834,14.700513,1.1553525,0.47560528,1,ACORN-E,Affluent,ToU
MAC000065,7.4513016,4.7232103,0.15538114,0.7110728,0.24007612,7.1187277,8.274723,1.162388,0.6338772,2,ACORN-L,Adversity,ToU
MAC000066,6.760245,3.0444448,0.14122471,0.4473936,0.45188978,6.7081122,6.890802,1.0272342,0.45034534,2,ACORN-E,Affluent,Std
MAC000067,7.100802,2.025809,0.14826052,0.42340344,0.3964394,6.75364,7.970203,1.1801344,0.28529298,2,ACORN-N,Adversity,Std
MAC000068,19.302263,3.2333992,0.4031629,1.3138536,0.31737542,19.34394,19.197893,0.99244994,0.167514,1,ACORN-L,Adversity,Std
MAC000069,7.901369,4.4839892,0.1649382,0.49969617,0.4035658,7.8302975,8.079353,1.0318067,0.5674952,2,ACORN-G,Comfortable,Std
MAC000070,4.276559,0.9992439,0.08920069,0.5822919,0.16692638,4.1554947,4.57922,1.1019675,0.23365606,2,ACORN-H,Comfortable,Std
MAC000071,17.853897,5.978404,0.3723495,1.6316522,0.24662508,16.802643,20.446035,1.2168345,0.3348515,1,ACORN-J,Comfortable,ToU
MAC000072,4.418893,2.1979542,0.092250705,0.5654089,0.22200929,4.1806774,5.014431,1.1994302,0.4973993,2,ACORN-E,Affluent,Std
MAC000073,4.0116735,2.3790693,0.0838835,0.5360702,0.24921605,3.7655413,4.627004,1.2287753,0.59303665,2,ACORN-D,Affluent,Std
MAC000074,13.62987,2.8540342,0.28442568,0.92321056,0.32664898,13.373888,14.269828,1.0669917,0.20939554,1,ACORN-H,Comfortable,Std
MAC000075,5.1866245,3.1562023,0.10901873,0.38100985,0.35279223,4.8904037,5.9271765,1.2120014,0.60852724,2,ACORN-E,Affluent,ToU
MAC000076,18.508429,4.1824536,0.38621905,1.4933658,0.2752451,17.859106,20.13174,1.1272535,0.22597562,1,ACORN-E,Affluent,ToU
MAC000077,5.8408933,1.0850837,0.12185511,0.36544335,0.34544286,5.88136,5.739724,0.9759178,0.1857736,2,ACORN-Q,Adversity,Std
MAC000078,4.89266,3.392462,0.10211953,0.6292993,0.2392655,5.23665,4.0326853,0.77008873,0.6933778,2,ACORN-E,Affluent,Std
MAC000079,17.47075,10.605335,0.37303975,1.3006996,0.32122856,16.708029,19.367695,1.1591849,0.6070337,1,ACORN-D,Affluent,Std
MAC000080,3.75635,1.5491037,0.07851076,0.44654378,0.21877609,3.4198983,4.59311,1.3430547,0.412396,2,ACORN-E,Affluent,Std
MAC000081,12.663172,3.7889297,0.26419082,0.97882515,0.3127186,11.939628,14.47203,1.2121006,0.29920858,1,ACORN-K,Adversity,Std
MAC000082,3.9605837,2.1341124,0.08271256,1.0704656,0.11315822,3.9635758,3.9531035,0.99735785,0.53883785,2,ACORN-E,Affluent,ToU
MAC000083,14.452532,7.886815,0.3016946,1.0408928,0.30515867,13.801305,16.080599,1.1651506,0.5457047,1,ACORN-J,Comfortable,Std
MAC000084,13.464877,2.3683584,0.28115863,0.8049557,0.39421868,12.970372,14.7011385,1.13344,0.17589156,1,ACORN-D,Affluent,Std
MAC000085,27.510735,9.29247,0.5745073,1.8830924,0.31340232,26.23663,30.696001,1.1699674,0.33777615,0,ACORN-D,Affluent,Std
MAC000086,6.092246,2.277287,0.12752075,0.5337241,0.26718122,5.8078346,6.8032756,1.1713963,0.3738009,2,ACORN-E,Affluent,Std
MAC000087,15.796242,4.046217,0.32959828,0.891363,0.40280083,15.318894,16.999987,1.1097398,0.2561506,1,ACORN-E,Affluent,Std
MAC000088,15.903636,3.622623,0.33213347,0.9929086,0.3672763,15.380809,17.222069,1.1197115,0.22778583,1,ACORN-Q,Adversity,ToU
MAC000089,7.153122,3.792224,0.14931393,0.63618636,0.30457574,7.2725883,6.851861,0.9421489,0.53014946,2,ACORN-H,Comfortable,Std
MAC000090,16.238028,6.929415,0.33872083,1.6051556,0.20920083,16.08695,16.619009,1.0330739,0.42673996,1,ACORN-Q,Adversity,Std
MAC000091,6.295156,2.090435,0.13131098,0.43934816,0.37777,6.2765985,6.3419523,1.0104123,0.3320704,2,ACORN-H,Comfortable,Std
MAC000092,5.0725,2.6078737,0.10594822,0.7152753,0.17284663,5.516362,3.9531956,0.7166309,0.51412,2,ACORN-Q,Adversity,Std
MAC000093,11.46592,3.5139227,0.23931862,0.9155802,0.28871772,11.110597,12.361957,1.1126276,0.3064667,1,ACORN-H,Comfortable,Std
MAC000094,9.971637,4.762685,0.20845819,0.5941174,0.39794427,9.8320675,10.322988,1.0499305,0.47762316,2,ACORN-G,Comfortable,Std
MAC000095,7.5710077,2.960249,0.15800054,0.6709833,0.28160107,7.5759892,7.558527,0.997695,0.390998,2,ACORN-E,Affluent,Std
MAC000096,28.799633,9.094143,0.6014368,1.6465654,0.39578378,29.316551,27.496105,0.9379038,0.31577286,0,ACORN-C,Affluent,Std
MAC000097,19.518898,6.724549,0.40700683,1.7105666,0.25174892,19.094456,20.58923,1.0782832,0.3445148,1,ACORN-G,Comfortable,Std
MAC000098,11.311355,2.921049,0.23631278,0.80674446,0.31191322,11.217409,11.548262,1.0294945,0.25824043,1,ACORN-F,Comfortable,Std
MAC000099,4.3814073,0.734008,0.09143448,0.43338516,0.25005558,4.4135017,4.300474,0.9743905,0.16752791,2,ACORN-U,ACORN-U,Std
MAC000100,12.004678,4.287714,0.25045475,1.2259296,0.22269958,11.11771,14.241379,1.2809633,0.35717028,1,ACORN-N,Adversity,Std
MAC000101,11.230528,3.605589,0.23437873,1.1113482,0.25186118,11.075086,11.622513,1.0494287,0.3210525,1,ACORN-L,Adversity,Std
MAC000102,3.2812774,1.0134782,0.06841765,0.25032374,0.32870403,3.328444,3.1629472,0.95027804,0.30886695,2,ACORN-Q,Adversity,Std
MAC000103,24.0469,8.191697,0.5014348,1.4886502,0.35624132,23.06361,26.512384,1.1495332,0.34065503,1,ACORN-A,Affluent,Std
MAC000104,7.8854747,4.0820317,0.16454738,0.812628,0.23178689,7.5921006,8.624013,1.1359192,0.5176647,2,ACORN-Q,Adversity,Std
MAC000105,50.97881,19.564747,1.063563,2.5403442,0.43767542,51.084618,50.71334,0.9927321,0.38378194,0,ACORN-D,Affluent,Std
MAC000106,13.124796,3.531061,0.27391854,0.87893575,0.3387231,13.066565,13.271387,1.0156753,0.2690374,1,ACORN-L,Adversity,ToU
MAC000107,6.638333,1.8185732,0.13855675,0.6971038,0.23162004,6.609009,6.7121525,1.0156065,0.2739503,2,ACORN-N,Adversity,ToU
MAC000108,3.44733,0.63611776,0.071934976,0.21452905,0.3405647,3.4192264,3.5180783,1.0289106,0.18452476,2,ACORN-J,Comfortable,Std
MAC000109,6.588999,1.6437018,0.13761519,0.48194683,0.33129582,6.6520157,6.430361,0.96667856,0.24946155,2,ACORN-D,Affluent,ToU
MAC000110,16.374039,4.9272,0.34228852,1.4369653,0.250586,15.658532,18.17525,1.160725,0.30091536,1,ACORN-A,Affluent,Std
MAC000111,10.2444315,2.8245928,0.21363315,0.8330979,0.31218687,10.153504,10.47254,1.0314212,0.27571982,2,ACORN-M,Adversity,Std
MAC000112,12.8425865,4.589108,0.26787508,1.1742673,0.29048005,12.519569,13.654344,1.0906401,0.35733518,1,ACORN-A,Affluent,Std
MAC000113,24.656977,8.4706745,0.51987094,1.460573,0.3878342,24.957918,23.900696,0.9576398,0.34354067,1,ACORN-E,Affluent,Std
MAC000114,5.4748335,1.4100065,0.11483544,0.6873961,0.19371295,5.4414964,5.558458,1.0214944,0.25754327,2,ACORN-M,Adversity,Std
MAC000115,9.00084,2.7059152,0.18789771,1.0768292,0.2061668,8.697438,9.763305,1.1225494,0.30062917,2,ACORN-L,Adversity,Std
MAC000116,31.370783,10.581689,0.6545467,1.7646127,0.39432314,32.162262,29.38175,0.9135474,0.3373103,0,ACORN-E,Affluent,Std
MAC000117,8.250399,3.9885457,0.17225419,0.614672,0.33248913,7.805649,9.368073,1.2001659,0.48343673,2,ACORN-L,Adversity,Std
MAC000118,7.673901,3.7332633,0.1602091,0.59628713,0.30944178,7.409369,8.338682,1.125424,0.4864883,2,ACORN-G,Comfortable,Std
MAC000119,14.218911,4.5016847,0.29649264,1.1461695,0.2599561,14.482717,13.555592,0.935984,0.31659842,1,ACORN-H,Comfortable,Std
MAC000120,2.1220887,1.0795532,0.044340774,0.10155099,0.5760918,2.1409562,2.0750287,0.9692065,0.508722,2,ACORN-E,Affluent,Std
MAC000121,11.077237,2.3453698,0.23179223,0.77841586,0.31976944,11.01546,11.232482,1.0197016,0.21172877,2,ACORN-L,Adversity,Std
MAC000122,5.332,1.110009,0.11136938,0.6739021,0.18648812,5.2938766,5.4276395,1.0252675,0.20817873,2,ACORN-E,Affluent,Std
MAC000123,7.57999,1.2954181,0.15814766,0.47841635,0.37642717,7.560189,7.6296654,1.0091898,0.17089972,2,ACORN-K,Adversity,Std
MAC000124,10.940116,1.8737941,0.22906049,0.7343345,0.34996852,11.030292,10.713896,0.97131574,0.17127734,2,ACORN-H,Comfortable,ToU
MAC000125,10.236775,4.4670243,0.21362042,0.896886,0.2706968,9.355328,12.448061,1.3305852,0.43637025,1,ACORN-F,Comfortable,Std
MAC000126,5.2929296,2.6910417,0.11041969,0.6283284,0.20381872,5.1703205,5.6005173,1.0832051,0.50842196,2,ACORN-E,Affluent,Std
MAC000127,9.435118,2.9106174,0.19691777,0.6398389,0.38235584,9.286766,9.807287,1.0560498,0.30848765,2,ACORN-L,Adversity,Std
MAC000128,5.256393,1.3152854,0.10963168,0.5203073,0.28258857,4.8517594,6.2714953,1.2926229,0.25022587,2,ACORN-H,Comfortable,Std
MAC000129,10.354002,6.556154,0.21631192,0.8579703,0.35253683,12.425073,5.158317,0.4151539,0.6332,2,ACORN-E,Affluent,Std
MAC000130,3.749021,0.794856,0.07823227,0.29966915,0.29461506,3.737298,3.7784305,1.0110059,0.21201696,2,ACORN-K,Adversity,Std
MAC000131,10.260844,3.2557056,0.21415295,0.7467621,0.30870807,10.667054,9.241787,0.86638606,0.31729412,2,ACORN-E,Affluent,Std
MAC000132,13.967408,3.4150548,0.2914071,1.1914337,0.2660277,13.421274,15.337491,1.1427746,0.24450168,1,ACORN-E,Affluent,Std
MAC000133,21.868221,5.61688,0.45736662,2.3806098,0.2160557,21.114843,23.758213,1.1251901,0.25685126,1,ACORN-Q,Adversity,Std
MAC000134,20.897753,23.402224,0.43675166,0.64872116,0.64712685,19.670092,23.95614,1.2178967,1.1198441,0,ACORN-L,Adversity,Std
MAC000135,5.366531,0.7015786,0.11226806,0.32226437,0.37947637,5.3464565,5.416879,1.0131718,0.13073224,2,ACORN-Q,Adversity,Std
MAC000136,16.944351,4.710775,0.35448995,0.87592936,0.429951,15.600096,20.283651,1.3002261,0.27801448,1,ACORN-Q,Adversity,Std
MAC000137,13.97042,3.8845057,0.29178107,1.0457485,0.3047663,13.04491,16.292244,1.2489349,0.27805218,1,ACORN-H,Comfortable,Std
MAC000138,8.338088,5.0813127,0.17386657,1.1060247,0.15695077,8.322459,8.3772955,1.0065889,0.6094098,2,ACORN-E,Affluent,Std
MAC000139,18.714783,4.952851,0.39070377,1.416596,0.29048353,18.754663,18.615501,0.9925799,0.26464912,1,ACORN-D,Affluent,ToU
MAC000140,5.07347,2.0843675,0.10586686,0.39160421,0.33598116,5.3053594,4.4927387,0.84683025,0.41083667,2,ACORN-C,Affluent,Std
MAC000141,6.160685,2.2294629,0.12878135,0.63305086,0.2220816,6.096797,6.3206825,1.0367218,0.36188555,2,ACORN-E,Affluent,ToU
MAC000142,25.450846,8.033969,0.5306881,2.2758415,0.24723285,25.004765,26.56061,1.062222,0.31566608,0,ACORN-M,Adversity,Std
MAC000143,8.932549,2.7903779,0.18638687,0.67363274,0.30828282,9.061226,8.6103,0.95023566,0.31238315,2,ACORN-F,Comfortable,Std
MAC000144,6.258581,1.903587,0.13066667,0.9993364,0.14190336,5.9140744,7.1161036,1.203249,0.3041563,2,ACORN-E,Affluent,Std
MAC000145,12.512146,3.612659,0.2610196,0.9419759,0.31267157,12.31114,13.017216,1.0573525,0.28873217,1,ACORN-F,Comfortable,Std
MAC000146,6.508775,1.3562875,0.13584115,0.4763499,0.34480318,6.6993003,6.0277,0.89975065,0.2083783,2,ACORN-L,Adversity,ToU
MAC000147,6.6003127,1.6945984,0.1376215,0.6402184,0.27180603,6.319904,7.3048987,1.155856,0.25674516,2,ACORN-F,Comfortable,ToU
MAC000148,4.8884835,2.7143521,0.10205415,0.113359466,0.93749064,4.904032,4.8494153,0.9888629,0.55525446,2,ACORN-F,Comfortable,Std
MAC000149,2.419427,1.5304185,0.050455105,0.16520506,0.29385015,2.3884993,2.49714,1.0454849,0.6325541,2,ACORN-F,Comfortable,Std
MAC000150,9.7452545,4.0214763,0.20337673,0.9331339,0.25262058,8.330449,13.300255,1.5965831,0.41265994,1,ACORN-E,Affluent,Std
MAC000151,3.7399902,0.69776696,0.078040816,0.2545368,0.34148636,3.7210152,3.7876697,1.017913,0.1865692,2,ACORN-G,Comfortable,Std
MAC000152,9.3011,4.709816,0.1940861,0.817409,0.3167071,9.41676,9.010478,0.9568554,0.5063719,2,ACORN-E,Affluent,Std
MAC000153,30.707842,11.939188,0.64306045,2.1693294,0.2910666,30.284521,31.771526,1.0491011,0.3887993,0,ACORN-E,Affluent,Std
MAC000154,8.186768,2.5876386,0.17789486,0.7239414,0.3066649,8.06366,8.489307,1.0527859,0.31607574,2,ACORN-Q,Adversity,Std
MAC000155,13.940491,3.6597598,0.29106304,0.98362607,0.31021026,13.496905,15.055093,1.1154478,0.26252732,1,ACORN-D,Affluent,Std
MAC000156,11.420834,1.8049226,0.2383607,0.6367672,0.4014068,11.357159,11.580831,1.0196943,0.15803772,2,ACORN-F,Comfortable,Std
MAC000157,11.515736,2.6896386,0.24054821,0.6975609,0.39084616,10.977101,12.869169,1.172365,0.23356204,1,ACORN-G,Comfortable,Std
MAC000158,4.0013843,1.0242367,0.08356149,0.5123164,0.20217334,3.983706,4.0457287,1.0155691,0.2559706,2,ACORN-H,Comfortable,ToU
MAC000159,10.421443,3.6677313,0.21771191,0.6203925,0.36698607,10.45351,10.341004,0.9892375,0.35194084,2,ACORN-E,Affluent,Std
MAC000160,6.779041,2.6214733,0.14142154,1.0010036,0.17907894,6.5180407,7.433754,1.1404891,0.3867027,2,ACORN-F,Comfortable,Std
MAC000161,11.973329,2.0562415,0.25034994,0.66432774,0.4302117,11.917312,12.113367,1.0164514,0.17173517,1,ACORN-E,Affluent,Std
MAC000162,4.8698864,1.7341129,0.101599984,0.37005314,0.31566188,4.975723,4.6043983,0.9253727,0.35608897,2,ACORN-Q,Adversity,Std
MAC000163,12.682059,6.192373,0.26452005,1.1568817,0.24939597,12.346683,13.523343,1.0953017,0.48827818,1,ACORN-F,Comfortable,Std
MAC000164,15.384869,8.319238,0.32091844,0.896549,0.3656465,15.430703,15.27068,0.98962957,0.54074156,1,ACORN-E,Affluent,Std
MAC000165,10.543603,2.4624534,0.21995072,0.7852307,0.30139437,10.292771,11.17281,1.0855006,0.23354952,2,ACORN-E,Affluent,ToU
MAC000166,9.610762,2.3056757,0.2007184,0.6632971,0.33686268,9.587975,9.667923,1.0083385,0.23990563,2,ACORN-Q,Adversity,Std
MAC000167,6.133024,4.0327005,0.12798278,0.56678987,0.30016518,5.896034,6.7275085,1.1410227,0.65753865,2,ACORN-F,Comfortable,Std
MAC000168,2.0013852,1.4509387,0.041876152,0.2772971,0.31164116,1.9955001,2.0161483,1.0103474,0.72496724,2,ACORN-E,Affluent,Std
MAC000169,6.75976,2.5608575,0.14112577,0.49196014,0.33535472,6.3632483,7.7543983,1.2186226,0.37883854,2,ACORN-E,Affluent,Std
MAC000170,12.821051,4.444358,0.26763952,0.86278594,0.34929928,12.796621,12.882229,1.0066899,0.34664539,1,ACORN-F,Comfortable,ToU
MAC000171,3.3274076,2.6273162,0.069553375,0.41628176,0.21364902,3.398166,3.1502118,0.92703295,0.7895986,2,ACORN-O,Adversity,Std
MAC000172,4.26468,2.3638558,0.08916663,0.30008948,0.32427496,4.2196617,4.3772254,1.0373404,0.55428684,2,ACORN-E,Affluent,Std
MAC000173,5.820192,1.424052,0.121442765,0.48491174,0.2776709,5.7106414,6.094534,1.067224,0.24467441,2,ACORN-E,Affluent,ToU
MAC000174,20.726763,4.167984,0.43432784,1.7511111,0.26186594,20.349924,21.670458,1.0648913,0.2010919,1,ACORN-Q,Adversity,Std
MAC000175,7.995618,1.3883686,0.16714418,0.44591537,0.40849358,7.8872895,8.266898,1.0481292,0.17364119,2,ACORN-E,Affluent,Std
MAC000176,7.8366604,2.978547,0.16386342,0.42949453,0.39725718,7.8561406,7.787877,0.99131083,0.3800786,2,ACORN-E,Affluent,Std
MAC000177,5.6334977,2.7863204,0.11755147,0.52734625,0.2868527,5.453227,6.0841737,1.1157016,0.49459866,2,ACORN-F,Comfortable,Std
MAC000178,11.393418,3.3548682,0.2376866,1.0728317,0.2906566,11.058195,12.231479,1.1061008,0.2944567,1,ACORN-Q,Adversity,Std
MAC000179,7.496575,2.9908764,0.15653753,0.60720336,0.3008656,7.044673,8.62633,1.2245182,0.39896572,2,ACORN-E,Affluent,Std
MAC000180,10.766384,3.4994812,0.22462639,1.6594383,0.15503915,10.022571,12.625916,1.2597482,0.32503775,1,ACORN-F,Comfortable,Std
MAC000181,11.244486,4.3082185,0.23455064,1.2380205,0.24036022,11.091829,11.626127,1.0481704,0.38314053,1,ACORN-E,Affluent,Std
MAC000182,6.0604987,2.3333237,0.12642144,0.7781081,0.18436491,5.3479075,7.8352547,1.4651066,0.38500524,2,ACORN-E,Affluent,Std
MAC000183,10.528131,4.343661,0.22133562,1.0196121,0.26420966,10.519833,10.548966,1.0027695,0.41257665,1,ACORN-G,Comfortable,Std
MAC000184,9.440267,2.8034563,0.1972346,0.5242633,0.42508462,9.108479,10.262281,1.1266735,0.29696792,2,ACORN-F,Comfortable,Std
MAC000185,5.8660207,2.2665882,0.12274206,0.77181965,0.18098548,5.3247204,7.219271,1.3558029,0.3863928,2,ACORN-F,Comfortable,Std
MAC000186,4.005305,2.108217,0.08364671,0.32354006,0.2837617,3.915327,4.232171,1.080924,0.5263562,2,ACORN-E,Affluent,ToU
MAC000187,8.457846,2.7065167,0.17642596,0.73950005,0.27914098,8.306335,8.839859,1.0642309,0.32000074,2,ACORN-L,Adversity,ToU
MAC000188,4.5138655,1.1020154,0.09419361,0.3743471,0.26655677,4.4662457,4.6339316,1.0375452,0.24414006,2,ACORN-F,Comfortable,Std
MAC000189,13.000386,7.7097497,0.27143684,1.4370886,0.1894168,12.826761,13.438158,1.0476657,0.59304005,1,ACORN-E,Affluent,Std
MAC000190,6.757319,1.8321108,0.14104547,0.5352015,0.3048872,6.620939,7.101184,1.0725343,0.27112985,2,ACORN-F,Comfortable,Std
MAC000191,16.211718,6.5929747,0.33821726,1.9032062,0.20037173,15.5989685,17.756683,1.1383241,0.4066796,1,ACORN-E,Affluent,Std
MAC000192,7.495943,2.0214076,0.15641138,0.88637257,0.21423888,7.05703,8.602603,1.2190118,0.26966688,2,ACORN-F,Comfortable,Std
MAC000193,11.663071,5.3927207,0.24389882,1.3052827,0.2029682,11.609021,11.799347,1.0163946,0.46237573,1,ACORN-D,Affluent,ToU
MAC000194,9.421341,6.288598,0.19670045,0.8592136,0.29669386,9.181037,10.027235,1.092168,0.6674844,1,ACORN-D,Affluent,ToU
MAC000195,16.117111,9.615146,0.33674562,0.67528635,0.4588161,16.53759,15.0569315,0.9104671,0.59657997,1,ACORN-K,Adversity,ToU
MAC000196,2.6388571,1.3337115,0.058227308,0.3136018,0.24974445,2.632666,2.654431,1.0082673,0.5054125,2,ACORN-Q,Adversity,Std
MAC000197,0.020389564,0.34391552,0.00042869686,0.004274272,0.042062342,0.027138982,0.003371795,0.12424176,16.867233,3,ACORN-F,Comfortable,Std
MAC000198,12.772833,11.253607,0.26697198,0.9712002,0.26499468,12.948768,12.329235,0.9521551,0.88105804,1,ACORN-F,Comfortable,ToU
MAC000199,5.9986506,1.5600815,0.12524417,0.5342791,0.26843357,5.8865695,6.281248,1.0670474,0.26007208,2,ACORN-L,Adversity,Std
MAC000200,4.4546924,1.3190751,0.09297033,0.7060146,0.17013703,4.361963,4.6881027,1.074769,0.29610914,2,ACORN-F,Comfortable,Std
MAC000201,8.774891,2.0457437,0.18300207,0.84058684,0.23945592,8.66198,9.059099,1.0458462,0.23313609,2,ACORN-F,Comfortable,Std
MAC000202,16.862501,5.6834264,0.35167393,2.4969158,0.14566681,16.069,18.8413,1.1725247,0.33704528,1,ACORN-K,Adversity,Std
MAC000203,6.3099985,1.6327579,0.13170901,0.68577766,0.2165041,6.3548355,6.197141,0.97518516,0.25875726,2,ACORN-E,Affluent,Std
MAC000204,3.5367281,1.7613921,0.07399386,0.38088349,0.23352964,3.5269864,3.5613492,1.0097429,0.4980287,2,ACORN-Q,Adversity,Std
MAC000205,12.135353,2.9647121,0.25348374,1.4838614,0.19812787,12.107345,12.205854,1.0081364,0.24430373,1,ACORN-E,Affluent,Std
MAC000206,10.712097,3.445224,0.2234906,0.7393171,0.35754716,9.761034,13.106012,1.3426869,0.32161993,1,ACORN-F,Comfortable,Std
MAC000207,14.95654,5.145972,0.31247765,1.1624678,0.30606028,14.436245,16.26617,1.126759,0.34406164,1,ACORN-Q,Adversity,Std
MAC000208,8.700717,2.3638237,0.18254073,0.74597436,0.27307278,8.632384,8.871841,1.0277394,0.2716815,2,ACORN-Q,Adversity,Std
MAC000209,2.8306692,0.31854138,0.05902402,0.20334671,0.2996583,2.8416412,2.8030982,0.98643637,0.11253218,2,ACORN-F,Comfortable,Std
MAC000210,5.19806,0.8031886,0.10850998,0.5586338,0.21066032,5.2169333,5.150633,0.98729134,0.154517,2,ACORN-F,Comfortable,Std
MAC000211,9.421506,2.6017618,0.19656019,0.6662348,0.33207592,9.389864,9.501018,1.0118376,0.2761514,2,ACORN-F,Comfortable,Std
MAC000212,3.3927252,1.5075927,0.07089318,0.40443796,0.19622447,3.3886292,3.4030173,1.004246,0.44436038,2,ACORN-Q,Adversity,Std
MAC000213,7.100265,2.5963354,0.1481039,0.8146241,0.2032406,6.9591904,7.4547606,1.0712109,0.3656674,2,ACORN-O,Adversity,Std
MAC000214,7.621365,1.997124,0.15900403,0.7329672,0.23044494,7.2207894,8.62794,1.1948749,0.26204282,2,ACORN-E,Affluent,Std
MAC000215,5.790585,1.3243194,0.12087578,0.38668978,0.33610907,5.9001565,5.515252,0.93476367,0.22870217,2,ACORN-F,Comfortable,Std
MAC000216,24.809687,9.188445,0.5178867,2.008342,0.26261976,24.559668,25.437937,1.0357606,0.37035716,0,ACORN-Q,Adversity,Std
MAC000217,4.6841497,1.6910423,0.09784278,0.23346229,0.51098907,4.6814404,4.690957,1.0020329,0.3610137,2,ACORN-F,Comfortable,Std
MAC000218,15.671055,3.5474048,0.32746583,1.1372993,0.31136152,15.080949,17.153885,1.1374539,0.22636668,1,ACORN-E,Affluent,Std
MAC000219,6.5354156,1.364183,0.13636898,0.40518492,0.38753483,6.526689,6.557346,1.0046972,0.20873699,2,ACORN-E,Affluent,ToU
MAC000220,4.918517,2.7277355,0.10286178,0.42426157,0.29288152,4.8416123,5.111765,1.055798,0.5545849,2,ACORN-E,Affluent,Std
MAC000221,12.748269,6.3873262,0.26656038,1.076151,0.27875438,12.995016,12.129294,0.9333805,0.5010348,1,ACORN-E,Affluent,Std
MAC000222,14.030257,8.6094055,0.2925198,0.9989829,0.29482996,14.623375,12.542393,0.8576948,0.61363137,1,ACORN-F,Comfortable,Std
MAC000223,5.8044806,4.2359395,0.12106191,0.2464157,0.5520745,5.8570547,5.6734676,0.9686554,0.72977066,2,ACORN-Q,Adversity,Std
MAC000224,16.008245,5.5608,0.33364737,1.8839616,0.18100756,15.204781,18.016909,1.1849502,0.34737098,1,ACORN-E,Affluent,Std
MAC000225,7.8952737,2.9976387,0.16600534,0.69244355,0.2888412,7.8142548,8.099014,1.0364411,0.3796751,2,ACORN-G,Comfortable,Std
MAC000226,13.126675,3.1594026,0.27390113,1.7044495,0.18230389,13.130286,13.117616,0.999035,0.24068569,1,ACORN-F,Comfortable,Std
MAC000227,15.164366,3.8351722,0.31678274,1.3090086,0.25812265,14.590081,16.604982,1.1381007,0.25290686,1,ACORN-Q,Adversity,Std
MAC000228,7.015681,2.1509829,0.14634056,0.8094835,0.19763274,7.4084587,6.0303802,0.8139858,0.30659646,2,ACORN-E,Affluent,Std
MAC000229,8.018908,3.0685594,0.16739987,1.2796383,0.19414769,8.04039,7.965017,0.9906257,0.38266551,2,ACORN-F,Comfortable,Std
MAC000230,10.850746,3.08004,0.22630903,1.1290073,0.21457313,10.877642,10.783278,0.991325,0.28385514,1,ACORN-K,Adversity,Std
MAC000231,3.8654654,0.99422383,0.080666155,0.4588319,0.1914354,3.9518943,3.6486537,0.92326707,0.25720677,2,ACORN-Q,Adversity,Std
MAC000232,2.5353692,0.67719656,0.052913383,0.2029866,0.30531293,2.5774157,2.429893,0.9427633,0.2670998,2,ACORN-F,Comfortable,Std
MAC000233,2.7294958,0.61597466,0.056982853,0.2763508,0.2581377,2.7213595,2.749906,1.0104898,0.22567342,2,ACORN-Q,Adversity,Std
MAC000234,11.808305,3.6971784,0.24652696,0.8700962,0.3341824,11.885857,11.613761,0.9771076,0.31309983,1,ACORN-E,Affluent,Std
MAC000235,10.667651,14.923524,0.22490817,0.57485014,0.5266701,10.949177,9.9644575,0.9100645,1.3989513,1,ACORN-E,Affluent,Std
MAC000236,3.960167,0.8847944,0.082708605,0.33640924,0.2708298,4.0255127,3.7962434,0.943046,0.22342351,2,ACORN-Q,Adversity,ToU
MAC000237,27.679178,9.897571,0.5886854,2.3006518,0.29896644,26.142282,31.538193,1.2064055,0.3575818,0,ACORN-E,Affluent,Std
MAC000238,9.523503,3.6171677,0.19868158,0.9004902,0.24353994,8.799122,11.337556,1.2884872,0.37981483,2,ACORN-F,Comfortable,Std
MAC000239,7.4521155,1.0897768,0.15545341,0.6279366,0.26796857,7.4413686,7.47903,1.0050611,0.14623724,2,ACORN-H,Comfortable,Std
MAC000240,10.65523,3.976108,0.22233905,1.281634,0.21310157,10.444796,11.178097,1.0702074,0.37316024,1,ACORN-F,Comfortable,Std
MAC000241,9.326375,2.3849735,0.19469932,0.7683237,0.2678341,9.403738,9.132969,0.97120625,0.25572354,2,ACORN-G,Comfortable,Std
MAC000242,2.016839,1.8044513,0.042111084,0.27662805,0.27596372,1.9554352,2.1706111,1.11004,0.8946928,2,ACORN-E,Affluent,Std
MAC000243,13.480948,5.470735,0.2814321,1.2540257,0.2337725,11.977537,17.245901,1.4398537,0.40581232,1,ACORN-F,Comfortable,Std
MAC000244,7.183623,1.20162,0.1499748,0.40356952,0.43953508,7.2260685,7.077329,0.9794163,0.16727214,2,ACORN-F,Comfortable,Std
MAC000245,27.777391,10.463257,0.5798763,2.2914793,0.26473665,27.001194,29.721207,1.1007367,0.3766825,0,ACORN-L,Adversity,Std
MAC000246,16.816769,6.9924026,0.3506928,1.6435995,0.21768063,15.797322,19.365385,1.225865,0.4157994,1,ACORN-A,Affluent,Std
MAC000247,11.113032,3.0779018,0.23205751,0.8167143,0.33484975,10.856175,11.755171,1.0828096,0.27696326,1,ACORN-F,Comfortable,ToU
MAC000248,12.430993,3.9994614,0.2607285,1.6622149,0.22229047,12.410483,12.482265,1.005784,0.32173306,1,ACORN-F,Comfortable,Std
MAC000249,42.78818,15.317856,0.8925376,2.1682,0.42453983,42.45285,43.632717,1.0277925,0.35799268,0,ACORN-Q,Adversity,Std
MAC000250,7.1365423,3.2087893,0.14891177,0.62946033,0.29861674,6.5056067,8.713881,1.3394417,0.44962803,2,ACORN-G,Comfortable,Std
MAC000251,10.251924,3.539188,0.21396077,1.1681197,0.22590013,9.83609,11.291504,1.1479667,0.34522185,1,ACORN-H,Comfortable,Std
MAC000252,26.535505,15.031635,0.5546146,2.1560209,0.24701762,26.58311,26.416487,0.993732,0.56647253,0,ACORN-F,Comfortable,Std
MAC000253,11.885815,3.3032606,0.24811679,0.847757,0.32945287,10.857955,14.4554615,1.3313245,0.27791622,1,ACORN-E,Affluent,Std
MAC000254,11.410356,4.8438077,0.23838316,1.1549195,0.2172292,9.582228,15.980676,1.6677412,0.4245098,1,ACORN-H,Comfortable,Std
MAC000255,17.26342,3.077051,0.36011854,1.2714798,0.31284717,16.857944,18.277113,1.0841839,0.17824109,1,ACORN-K,Adversity,Std
MAC000256,24.955103,10.355464,0.5204944,1.2934003,0.4115063,24.52217,26.046764,1.0621722,0.41496378,0,ACORN-L,Adversity,Std
MAC000257,25.529003,8.382054,0.53317577,1.174497,0.4850585,25.320574,26.054565,1.028988,0.32833457,0,ACORN-E,Affluent,ToU
MAC000258,8.133418,1.420658,0.16963883,1.2331028,0.14584784,8.035323,8.380772,1.0429913,0.17466925,2,ACORN-K,Adversity,Std
MAC000259,10.8697605,3.4914818,0.22689758,0.92543995,0.26609728,10.314685,12.267021,1.1892774,0.32121056,1,ACORN-H,Comfortable,ToU
MAC000260,7.2838116,7.54285,0.1519293,0.46098286,0.5054949,7.415978,6.950547,0.93723947,1.0355636,2,ACORN-G,Comfortable,Std
MAC000261,7.3730216,1.5333028,0.15384938,0.52053,0.3354275,7.357116,7.413129,1.0076134,0.20796125,2,ACORN-F,Comfortable,ToU
MAC000262,17.014898,5.1287556,0.3551285,0.9941885,0.3974782,16.961334,17.149961,1.011121,0.30142733,1,ACORN-F,Comfortable,Std
MAC000263,4.591147,0.83168674,0.095928214,0.3376536,0.34197173,4.5128736,4.7885175,1.0610795,0.18115011,2,ACORN-E,Affluent,Std
MAC000264,8.590687,2.1496706,0.17938438,0.4119278,0.46087405,8.486036,8.854569,1.0434282,0.2502327,2,ACORN-E,Affluent,Std
MAC000265,8.155709,2.7810082,0.17061049,0.41410038,0.42879894,7.9966645,8.55675,1.0700399,0.34098914,2,ACORN-F,Comfortable,ToU
MAC000266,5.825572,1.5881263,0.121528946,0.7277381,0.2309955,6.2091556,4.8583446,0.78244853,0.27261293,2,ACORN-O,Adversity,ToU
MAC000267,10.759771,3.1801226,0.2257849,0.8591383,0.28717858,10.605278,11.149332,1.0513003,0.29555672,1,ACORN-K,Adversity,Std
MAC000268,4.567191,1.501964,0.09541784,0.45496082,0.28651315,4.485046,4.774323,1.0644982,0.32885945,2,ACORN-Q,Adversity,Std
MAC000269,2.9308066,0.5893996,0.061136313,0.21268053,0.29665112,2.9451675,2.894595,0.9828286,0.2011049,2,ACORN-Q,Adversity,Std
MAC000270,19.043392,2.9979162,0.39757252,1.10618,0.38735425,18.639338,20.062233,1.0763383,0.15742554,1,ACORN-E,Affluent,Std
MAC000271,8.859316,2.6552582,0.18510324,0.7375496,0.2817117,8.751484,9.13122,1.043391,0.29971367,2,ACORN-F,Comfortable,Std
MAC000272,10.663862,3.888014,0.22244681,1.0235037,0.25770852,10.533966,10.990845,1.0433719,0.36459717,1,ACORN-H,Comfortable,Std
MAC000273,4.4355307,7.7342277,0.092651024,0.48754045,0.42271596,4.736252,3.678543,0.7766781,1.7436984,2,ACORN-E,Affluent,Std
MAC000274,35.17184,17.650658,0.7353012,1.8250943,0.4001195,34.9225,35.799488,1.0251124,0.5018406,0,ACORN-E,Affluent,Std
MAC000275,7.6347504,2.757228,0.16196688,0.684272,0.26907527,7.7965393,7.227541,0.9270191,0.36114186,2,ACORN-E,Affluent,Std
MAC000276,15.116714,3.1454945,0.3156071,0.80091107,0.40613157,14.595584,16.427052,1.1254809,0.20808057,1,ACORN-F,Comfortable,Std
MAC000277,11.5453,3.027914,0.24129562,0.9326758,0.26980245,11.445218,11.796947,1.0307314,0.2622638,1,ACORN-F,Comfortable,Std
MAC000278,6.1390615,1.5996573,0.12822095,0.76870036,0.20881644,6.0585756,6.341438,1.046688,0.26057035,2,ACORN-G,Comfortable,ToU
MAC000279,4.708241,0.85964745,0.098414615,0.3498331,0.40025848,4.6238184,4.920514,1.0641668,0.18258357,2,ACORN-F,Comfortable,Std
MAC000280,17.24727,3.1235251,0.36021104,1.0944972,0.3504447,16.677534,18.677092,1.1198952,0.18110257,1,ACORN-E,Affluent,Std
MAC000281,8.600121,1.5085896,0.1795582,0.7329685,0.25987512,7.9206758,10.305265,1.3010589,0.17541493,2,ACORN-K,Adversity,Std
MAC000282,6.1035767,1.8621491,0.12747741,0.59448904,0.26164675,6.1046877,6.1007886,0.9993613,0.30509147,2,ACORN-E,Affluent,Std
MAC000283,6.88118,2.2487817,0.1435301,0.7319124,0.23252828,6.961808,6.678832,0.9593531,0.32680175,2,ACORN-P,Adversity,Std
MAC000284,2.2966306,0.97127515,0.04798089,0.1915666,0.31532928,2.2430797,2.4303417,1.0834844,0.42291307,2,ACORN-E,Affluent,Std
MAC000285,3.2833958,1.105729,0.06855728,0.24068357,0.3253893,3.3524482,3.110101,0.92771035,0.33676386,2,ACORN-Q,Adversity,Std
MAC000286,12.55309,2.0620134,0.26190028,0.8940699,0.32240835,12.346841,13.070698,1.0586269,0.16426341,1,ACORN-F,Comfortable,ToU
MAC000287,2.1674178,1.8972144,0.04527574,0.16012172,0.32221615,2.213488,2.0527365,0.92737633,0.87533396,2,ACORN-E,Affluent,Std
MAC000288,10.21373,3.0510406,0.21359886,1.1285561,0.19965588,10.328074,9.926769,0.9611442,0.29871953,1,ACORN-E,Affluent,ToU
MAC000289,6.536904,3.0288894,0.13642955,0.6277092,0.27252638,5.6064353,8.867548,1.5816731,0.4633523,2,ACORN-D,Affluent,Std
MAC000290,6.797901,1.1161507,0.14179564,0.44980657,0.33682337,6.631071,7.215779,1.088177,0.16419049,2,ACORN-K,Adversity,ToU
MAC000291,18.451183,7.259856,0.3851039,1.2078011,0.37576684,18.394758,18.592514,1.0107507,0.3934629,1,ACORN-D,Affluent,Std
MAC000292,5.09666,1.5187262,0.106306896,0.36418656,0.33636457,5.1372747,4.9949274,0.9722913,0.2979846,2,ACORN-Q,Adversity,ToU
MAC000293,6.8218713,1.7423261,0.14235394,0.53063923,0.33205837,6.714917,7.0897694,1.0558238,0.25540295,2,ACORN-Q,Adversity,ToU
MAC000294,12.995727,4.3594003,0.27116206,0.63305897,0.465354,12.804034,13.47588,1.0524714,0.33544874,1,ACORN-H,Comfortable,Std
MAC000295,10.625851,2.679869,0.22190107,0.7274582,0.32738438,10.472593,11.00973,1.0512898,0.25220278,2,ACORN-E,Affluent,Std
MAC000296,18.596083,6.5087686,0.38783568,1.8626022,0.2115774,18.584164,18.625938,1.0022478,0.3500075,1,ACORN-E,Affluent,Std
MAC000297,7.752406,7.7235503,0.16168685,0.6846214,0.254315,8.135075,6.7938943,0.83513606,0.9962778,2,ACORN-E,Affluent,Std
MAC000298,3.797579,0.9496925,0.079277754,0.24852674,0.35632747,3.6368637,4.2001395,1.1548796,0.2500784,2,ACORN-E,Affluent,ToU
MAC000299,14.162563,8.058434,0.3006237,0.86850905,0.3571522,14.167637,14.1498785,0.9987466,0.5689954,1,ACORN-E,Affluent,Std
MAC000300,8.516091,6.4120264,0.17847505,1.2404423,0.19108944,8.518559,8.509923,0.9989862,0.7529307,1,ACORN-E,Affluent,Std
MAC000301,9.521648,3.3103673,0.19886203,1.0858942,0.21318518,8.215929,12.785948,1.5562389,0.34766746,1,ACORN-E,Affluent,Std
MAC000302,7.57035,2.055233,0.1585035,0.5664063,0.31169927,7.5599346,7.5966406,1.0048553,0.27148452,2,ACORN-E,Affluent,Std
MAC000303,6.9424143,1.9343829,0.14486827,0.655073,0.24188554,6.768267,7.3820095,1.0906794,0.2786326,2,ACORN-L,Adversity,ToU
MAC000304,11.168608,3.5183113,0.23300591,0.92748487,0.27547622,11.591827,10.1002865,0.87132823,0.31501788,1,ACORN-E,Affluent,Std
MAC000305,5.627387,4.407465,0.11770935,0.3328292,0.31914446,5.542977,5.8404613,1.0536687,0.78321695,2,ACORN-Q,Adversity,Std
MAC000306,7.244083,2.9775674,0.15135847,0.7099215,0.29211923,7.5464,6.480952,0.8588137,0.41103444,2,ACORN-E,Affluent,Std
MAC000307,40.653458,20.551836,0.84825736,2.3188057,0.36608294,43.227116,34.156853,0.7901719,0.5055372,0,ACORN-E,Affluent,Std
MAC000308,4.528657,2.3356884,0.094505854,0.3065303,0.5217972,4.356925,4.9621553,1.1389123,0.5157574,2,ACORN-E,Affluent,Std
MAC000309,19.015297,8.499016,0.39704144,1.9977958,0.19939023,18.053972,21.437273,1.1873993,0.44695678,1,ACORN-E,Affluent,Std
MAC000310,6.1752257,1.7841209,0.12908669,0.62884986,0.25335568,5.841971,7.016452,1.2010419,0.2889159,2,ACORN-L,Adversity,Std
MAC000311,15.242768,5.594116,0.31925496,1.5729821,0.20804654,14.700367,16.609306,1.1298566,0.36700132,1,ACORN-D,Affluent,Std
MAC000312,21.411152,13.388905,0.45073098,2.5270524,0.16263269,21.19403,21.95817,1.0360545,0.6253239,0,ACORN-E,Affluent,Std
MAC000313,13.926491,2.1989307,0.2903744,0.7301583,0.43265706,14.060196,13.592875,0.9667628,0.15789554,1,ACORN-Q,Adversity,Std
MAC000314,5.5417213,1.2570751,0.115594596,0.4334152,0.29385245,5.496969,5.654471,1.0286524,0.22683838,2,ACORN-F,Comfortable,Std
MAC000315,4.672699,1.6610802,0.09817504,0.7292057,0.16787592,4.4143925,5.334121,1.2083478,0.35548624,2,ACORN-E,Affluent,Std
MAC000316,3.9599764,1.9072559,0.08277905,0.40707174,0.23199917,3.2518592,5.744019,1.76638,0.48163313,2,ACORN-Q,Adversity,Std
MAC000317,7.87866,1.3796473,0.16444124,0.5990179,0.31117395,7.898366,7.8290143,0.9912195,0.17511192,2,ACORN-D,Affluent,Std
MAC000318,8.071891,6.3433332,0.1687399,0.68249935,0.2823359,7.944011,8.394073,1.0566542,0.7858547,2,ACORN-Q,Adversity,Std
MAC000319,7.668892,4.105009,0.16051084,0.53902483,0.35661212,7.2985086,8.602044,1.1786029,0.5352806,2,ACORN-F,Comfortable,Std
MAC000320,12.429973,6.9202666,0.26112553,2.1024344,0.12898338,11.44601,14.908985,1.3025488,0.5567403,1,ACORN-E,Affluent,Std
MAC000321,38.218597,28.13358,0.7978248,2.198055,0.34607166,38.36936,37.838764,0.9861713,0.7361227,0,ACORN-E,Affluent,Std
MAC000322,5.092376,0.86708874,0.10656689,0.56788963,0.21452639,5.04416,5.2138543,1.0336418,0.17027193,2,ACORN-D,Affluent,Std
MAC000323,15.635775,6.8933663,0.32666335,1.1921821,0.30752698,15.152284,16.853893,1.1123005,0.44087142,1,ACORN-A,Affluent,Std
MAC000324,2.8410122,1.6540482,0.059374716,0.41652137,0.33412138,2.9172235,2.649005,0.9080569,0.5822038,2,ACORN-E,Affluent,Std
MAC000325,0.53359014,0.52895147,0.011134067,0.06661403,0.16024962,0.4520826,0.7375866,1.6315306,0.99130666,2,ACORN-E,Affluent,Std
MAC000326,16.170496,11.782063,0.33750367,1.4110552,0.2768237,17.812572,12.0413885,0.676005,0.7286148,1,ACORN-D,Affluent,Std
MAC000327,14.830165,7.1791434,0.309345,1.2029074,0.27282885,13.712338,17.64101,1.2865063,0.4840906,1,ACORN-E,Affluent,Std
MAC000328,4.366167,1.4537847,0.09111317,0.44540468,0.23347421,4.2586255,4.6365876,1.0887522,0.33296588,2,ACORN-F,Comfortable,ToU
MAC000329,9.824765,1.7196014,0.20502436,0.82752204,0.2682715,9.708065,10.118214,1.0422482,0.17502722,2,ACORN-Q,Adversity,Std
MAC000330,5.720354,1.0857197,0.12017554,0.30364314,0.40701476,5.706211,5.7558494,1.0086989,0.18979938,2,ACORN-E,Affluent,Std
MAC000331,18.064676,7.8221116,0.38134298,2.5791035,0.14432412,18.000244,18.226688,1.01258,0.4330059,1,ACORN-E,Affluent,Std
MAC000332,8.125731,1.9248707,0.16949132,0.62468785,0.2912602,7.9029093,8.686034,1.0990932,0.23688585,2,ACORN-E,Affluent,Std
MAC000333,4.552459,0.89218855,0.095051326,0.4003163,0.2742518,4.573521,4.499495,0.9838142,0.19597949,2,ACORN-Q,Adversity,Std
MAC000334,5.0337186,0.912981,0.10510645,0.43042126,0.33480603,5.042029,5.0128202,0.99420696,0.18137306,2,ACORN-Q,Adversity,Std
MAC000335,6.3515816,2.0336108,0.13271776,0.5098144,0.3172892,6.2761226,6.54099,1.0422024,0.32017392,2,ACORN-E,Affluent,Std
MAC000336,7.7247086,4.630461,0.1612287,0.9119353,0.19955364,7.570144,8.109231,1.0712122,0.5994351,2,ACORN-D,Affluent,ToU
MAC000337,3.004451,0.4070959,0.06269709,0.16951314,0.37379342,2.9809515,3.063427,1.0276675,0.1354976,2,ACORN-P,Adversity,Std
MAC000338,11.944176,4.2006683,0.24920842,0.9195943,0.29990032,11.8831005,12.096693,1.0179745,0.35169178,1,ACORN-E,Affluent,Std
MAC000339,14.038733,4.085798,0.2938476,0.96878976,0.3259362,13.47114,15.463228,1.1478782,0.2910375,1,ACORN-A,Affluent,ToU
MAC000340,8.935177,3.5676303,0.18661596,0.60838175,0.342387,8.903029,9.015859,1.0126731,0.3992792,2,ACORN-H,Comfortable,Std
MAC000341,10.709401,1.4745189,0.22347228,0.7904785,0.30836305,10.349551,11.612519,1.1220312,0.13768454,2,ACORN-H,Comfortable,Std
MAC000342,10.877009,1.7470894,0.22821648,0.9445062,0.25753865,10.784327,11.109617,1.0301633,0.16062222,1,ACORN-D,Affluent,ToU
MAC000343,5.0514774,1.0862646,0.10540604,0.3914827,0.29278952,4.972143,5.2505827,1.0559999,0.21503899,2,ACORN-K,Adversity,Std
MAC000344,3.4419293,0.32389408,0.07199355,0.30647442,0.23984073,3.3914604,3.5685923,1.0522288,0.09410248,2,ACORN-E,Affluent,ToU
MAC000345,9.542997,3.9317496,0.19938146,0.7434903,0.32546943,9.862488,8.742719,0.8864618,0.41200364,2,ACORN-E,Affluent,Std
MAC000346,9.484512,4.2853093,0.19783646,0.6571579,0.38439894,9.453051,9.56332,1.011665,0.45182177,2,ACORN-E,Affluent,Std
MAC000347,5.874187,1.0346096,0.1225878,0.49888366,0.27919292,5.7069554,6.293078,1.1027032,0.17612813,2,ACORN-F,Comfortable,Std
MAC000348,4.707841,1.2891251,0.09842147,0.33541968,0.33655557,4.6326027,4.896301,1.0569222,0.2738251,2,ACORN-G,Comfortable,Std
MAC000349,5.76086,2.6588624,0.12022138,0.6975291,0.27254978,5.5705967,6.2374415,1.119708,0.46153915,2,ACORN-E,Affluent,Std
MAC000350,8.346187,2.0640373,0.17604634,1.3149779,0.13653159,8.355634,8.322524,0.9960374,0.24730304,2,ACORN-P,Adversity,Std
MAC000351,5.73351,2.276301,0.119659096,0.69822437,0.21275517,5.6255307,6.00398,1.0672735,0.397017,2,ACORN-E,Affluent,Std
MAC000352,10.565685,3.9057531,0.2206419,0.96271884,0.2620597,9.884785,12.271242,1.2414273,0.36966395,1,ACORN-G,Comfortable,ToU
MAC000353,6.143403,1.1027079,0.12822922,0.5809764,0.24435818,6.093816,6.267612,1.0285201,0.17949463,2,ACORN-E,Affluent,Std
MAC000354,16.048935,13.196423,0.3364598,0.876018,0.35410658,16.15769,15.776519,0.9764093,0.8222616,1,ACORN-L,Adversity,ToU
MAC000355,9.937644,3.6189463,0.20742333,0.7101082,0.37661037,9.783236,10.323666,1.0552404,0.36416543,2,ACORN-E,Affluent,Std
MAC000356,9.284775,3.9492052,0.19391985,0.9773006,0.22471346,9.122048,9.68508,1.061722,0.42534205,2,ACORN-E,Affluent,Std
MAC000357,10.753422,4.344655,0.2244017,1.0442829,0.27025926,10.1557045,12.247714,1.2059935,0.40402535,1,ACORN-E,Affluent,Std
MAC000358,46.61682,38.8505,0.97185516,2.503271,0.38047644,46.983624,45.70565,0.9727996,0.83340085,0,ACORN-E,Affluent,Std
MAC000359,13.266986,4.590095,0.27692616,0.980939,0.35173213,12.55367,15.050277,1.1988747,0.34597874,1,ACORN-E,Affluent,Std
MAC000360,9.592638,2.4004822,0.20012513,0.6966352,0.30422786,9.143717,10.714942,1.1718366,0.25024214,2,ACORN-H,Comfortable,Std
MAC000361,6.7969093,2.7361488,0.14201634,0.8041193,0.19565931,6.0166464,8.747568,1.4538944,0.4025578,2,ACORN-E,Affluent,Std
MAC000362,4.1237926,0.86194783,0.08601438,0.32115856,0.34740728,3.9468622,4.570456,1.1579974,0.20901823,2,ACORN-Q,Adversity,Std
MAC000363,3.2134798,1.0337924,0.0671892,0.4178637,0.2212708,3.1586661,3.351858,1.0611625,0.32170495,2,ACORN-O,Adversity,Std
MAC000364,2.5773365,0.94647235,0.05385942,0.28896245,0.23209509,2.4665785,2.8569462,1.1582628,0.36722887,2,ACORN-Q,Adversity,Std
MAC000365,2.8721712,0.8807464,0.05994165,0.27942142,0.24652639,2.859532,2.9040785,1.0155782,0.3066483,2,ACORN-Q,Adversity,Std
MAC000366,6.6970572,1.7739193,0.13970363,1.14279,0.15380572,6.613328,6.908431,1.0446224,0.26488042,2,ACORN-F,Comfortable,ToU
MAC000367,3.7573156,0.5345818,0.07838124,0.3696064,0.23855956,3.7456467,3.7867746,1.0109802,0.14227758,2,ACORN-E,Affluent,Std
MAC000368,2.9012642,1.2066023,0.06069967,0.2536064,0.33983436,2.8227515,3.0994706,1.0980316,0.41588846,2,ACORN-E,Affluent,Std
MAC000369,14.317694,4.952236,0.29877478,0.7559986,0.42371464,14.584368,13.644475,0.9355548,0.34588227,1,ACORN-F,Comfortable,ToU
MAC000370,14.014182,3.4853303,0.29263994,1.0172254,0.31636593,14.000493,14.04874,1.0034461,0.24870023,1,ACORN-E,Affluent,Std
MAC000371,3.8857012,0.9450423,0.08118158,0.491815,0.22824381,3.8279378,4.031524,1.0531844,0.24321024,2,ACORN-F,Comfortable,Std
MAC000372,12.096605,5.004252,0.25287786,0.73258275,0.43926373,12.509031,11.055432,0.88379604,0.4136906,1,ACORN-E,Affluent,Std
MAC000373,11.888005,5.265847,0.2480149,1.1833268,0.24800475,11.772945,12.178475,1.0344459,0.44295466,1,ACORN-L,Adversity,Std
MAC000374,3.7979834,1.4365097,0.07927274,0.2997886,0.31798714,3.8702176,3.6156275,0.93421817,0.3782296,2,ACORN-E,Affluent,Std
MAC000375,4.9149375,1.1478581,0.10277387,0.27128512,0.4015703,4.9642215,4.7905197,0.9650093,0.23354481,2,ACORN-H,Comfortable,Std
MAC000376,9.127742,4.9789715,0.19069158,0.8046481,0.32055956,8.981529,9.496853,1.0573759,0.5454768,2,ACORN-E,Affluent,Std
MAC000377,6.0371013,1.2383648,0.1265771,0.44389015,0.32251102,5.9754114,6.192838,1.036387,0.20512573,2,ACORN-D,Affluent,Std
MAC000378,5.17852,1.5640588,0.108102396,0.59950626,0.23605022,5.168165,5.204662,1.0070618,0.30202812,2,ACORN-E,Affluent,Std
MAC000379,33.11065,6.8158484,0.6915235,1.8098067,0.40558776,32.829464,33.819477,1.0301563,0.20585065,0,ACORN-A,Affluent,Std
MAC000380,4.339536,1.2499448,0.09058229,0.36860725,0.29123786,4.327716,4.3693185,1.009613,0.2880365,2,ACORN-E,Affluent,Std
MAC000381,14.392804,4.222677,0.30021566,0.9219582,0.34289464,13.595247,16.402332,1.2064755,0.2933881,1,ACORN-H,Comfortable,Std
MAC000382,7.800727,2.248553,0.16268565,0.7112967,0.2499084,7.52528,8.494745,1.1288278,0.28824916,2,ACORN-H,Comfortable,Std
MAC000383,5.4603257,1.0013126,0.11382388,0.8955585,0.13556087,5.4506655,5.4846663,1.006238,0.18337965,2,ACORN-P,Adversity,ToU
MAC000384,4.0510364,0.8253442,0.08460609,0.5031281,0.20826042,4.0578,4.033995,0.9941336,0.20373656,2,ACORN-E,Affluent,ToU
MAC000385,2.6695,0.7069091,0.055743694,0.23041643,0.2809109,2.7316926,2.512799,0.9198689,0.26480955,2,ACORN-Q,Adversity,Std
MAC000386,11.451002,3.4791086,0.2389336,1.1118329,0.22510614,11.307805,11.811799,1.0445704,0.30382568,1,ACORN-A,Affluent,Std
MAC000387,10.410652,2.887871,0.21780205,0.73240393,0.34897715,10.347115,10.57074,1.0216123,0.27739578,2,ACORN-E,Affluent,Std
MAC000388,8.970366,7.0580277,0.18762864,0.9435682,0.3487286,8.949403,9.023181,1.0082439,0.78681606,1,ACORN-E,Affluent,Std
MAC000389,10.660318,4.968222,0.2242276,0.8518371,0.31329137,11.507303,8.52625,0.7409425,0.46604818,2,ACORN-E,Affluent,Std
MAC000390,11.360356,3.174321,0.23703882,0.8805111,0.28901535,11.128522,11.94449,1.0733223,0.27942088,1,ACORN-L,Adversity,Std
MAC000391,7.4211087,2.160468,0.15504745,0.47208497,0.39157203,7.1344223,8.143446,1.1414304,0.2911247,2,ACORN-Q,Adversity,Std
MAC000392,2.5875878,1.0450366,0.054068122,0.27349582,0.25194028,2.532459,2.72649,1.0766176,0.40386516,2,ACORN-Q,Adversity,ToU
MAC000393,16.91011,3.717123,0.35299286,1.2286571,0.2963433,16.69336,17.451988,1.045445,0.2198166,1,ACORN-D,Affluent,Std
MAC000394,8.856672,3.8521867,0.1850023,0.88124514,0.3279069,8.829889,8.924156,1.0106759,0.4349474,2,ACORN-H,Comfortable,Std
MAC000395,11.669095,1.7125593,0.24392775,0.65612257,0.39673957,11.563463,11.9352455,1.0321515,0.14676026,2,ACORN-L,Adversity,ToU
MAC000396,10.968446,3.6129565,0.22889,0.8932075,0.27399457,11.283373,10.174951,0.901765,0.32939547,1,ACORN-E,Affluent,Std
MAC000397,9.99133,1.0975212,0.208996,0.7404833,0.37038344,10.092934,9.735329,0.9645688,0.10984735,2,ACORN-F,Comfortable,Std
MAC000398,11.6335945,3.9162052,0.24481978,0.9639168,0.29101822,11.644359,11.606393,0.99673957,0.336629,1,ACORN-E,Affluent,Std
MAC000399,0.8455114,2.033043,0.018036649,0.12157143,0.41339168,0.92105,0.6566648,0.7129524,2.404513,2,ACORN-F,Comfortable,Std
MAC000400,4.854855,2.7368011,0.101471044,0.4842371,0.34174675,5.2194443,3.9380198,0.75449026,0.5637246,2,ACORN-E,Affluent,Std
MAC000401,8.766827,1.8473405,0.1831507,0.6940028,0.27772605,8.755067,8.796402,1.0047213,0.2107194,2,ACORN-K,Adversity,ToU
MAC000402,7.2314615,2.6368325,0.15109801,0.5351799,0.33485478,7.0674915,7.643799,1.0815434,0.3646334,2,ACORN-Q,Adversity,ToU
MAC000403,6.8539453,1.1923662,0.1430417,0.52977544,0.27959552,6.800419,6.988549,1.0276645,0.17396787,2,ACORN-E,Affluent,Std
MAC000404,1.2334268,1.0941843,0.025753263,0.23126638,0.23841792,1.5269805,0.4952255,0.32431683,0.8871092,2,ACORN-E,Affluent,Std
MAC000405,11.707662,2.343975,0.24426614,0.63713807,0.41499463,11.700002,11.72692,1.0023007,0.20020865,2,ACORN-H,Comfortable,Std
MAC000406,6.2466393,1.2195648,0.13035053,0.7043282,0.20239837,6.1646595,6.452807,1.0467418,0.19523534,2,ACORN-I,Comfortable,ToU
MAC000407,3.249083,1.1329913,0.067835614,0.72767043,0.18235642,3.1928563,3.390485,1.0618972,0.3487111,2,ACORN-F,Comfortable,Std
MAC000408,0.516869,0.23374249,0.010795401,0.030378874,0.45367524,0.51936024,0.51060396,0.98314023,0.4522277,2,ACORN-Q,Adversity,ToU
MAC000409,29.774279,16.06127,0.621371,2.0088859,0.34801465,29.600561,30.211153,1.0206277,0.5394344,0,ACORN-E,Affluent,Std
MAC000410,2.6827474,2.0403159,0.05635602,0.4632737,0.2812696,2.549941,3.0172222,1.1832517,0.76053226,2,ACORN-N,Adversity,Std
MAC000411,3.7764676,0.7132684,0.07880127,0.21277748,0.39317134,3.7482991,3.847307,1.026414,0.18887185,2,ACORN-F,Comfortable,Std
MAC000412,8.176123,1.4514968,0.17109305,0.3893859,0.47417316,8.100774,8.365614,1.0326931,0.17752875,2,ACORN-Q,Adversity,Std
MAC000413,6.6281757,1.7820922,0.13824008,1.0641197,0.14928783,6.919447,5.8956733,0.852044,0.26886618,2,ACORN-E,Affluent,Std
MAC000414,6.206731,3.0384216,0.13194454,0.35219297,0.40338397,6.2300963,6.14797,0.98681784,0.48953655,2,ACORN-E,Affluent,Std
MAC000415,17.081299,7.983506,0.36112502,2.4818747,0.13986552,16.992466,17.304703,1.018375,0.46738285,1,ACORN-E,Affluent,Std
MAC000416,9.439654,2.8884459,0.19722606,1.4911282,0.16891241,9.37751,9.595941,1.023293,0.30599064,1,ACORN-Q,Adversity,Std
MAC000417,3.904,0.9084429,0.08171826,0.35690564,0.24772392,3.8752775,3.9762325,1.026051,0.23269542,2,ACORN-Q,Adversity,Std
MAC000418,5.355759,5.4175572,0.1118773,0.49791127,0.2529874,4.9877915,6.2811437,1.2593036,1.0115386,2,ACORN-E,Affluent,ToU
MAC000419,6.976749,2.330515,0.14851542,0.43671933,0.3878287,7.0984435,6.671307,0.9398267,0.33404025,2,ACORN-E,Affluent,Std
MAC000420,16.65137,8.588595,0.34822422,1.2929535,0.28883496,16.711302,16.500645,0.98739433,0.51578915,1,ACORN-E,Affluent,Std
MAC000421,2.7985466,1.5437821,0.058449678,0.30595493,0.3271873,2.9165058,2.501896,0.8578402,0.5516371,2,ACORN-E,Affluent,ToU
MAC000422,5.911311,1.8914943,0.123763375,0.56257886,0.28475764,5.873242,6.007049,1.0227826,0.3199788,2,ACORN-E,Affluent,Std
MAC000423,2.7705593,0.3791902,0.057816025,0.21138167,0.2777234,2.8235414,2.6373167,0.9340457,0.13686414,2,ACORN-Q,Adversity,Std
MAC000424,6.7737083,1.902098,0.14134876,0.65262675,0.25139347,6.678746,7.012525,1.0499762,0.280806,2,ACORN-E,Affluent,Std
MAC000425,14.219584,2.6542249,0.29705605,0.90001696,0.38049346,13.856011,15.133916,1.0922275,0.18665981,1,ACORN-Q,Adversity,Std
MAC000426,6.984187,3.0201445,0.14611772,0.70643806,0.2373914,6.595079,7.9627376,1.2073756,0.43242607,2,ACORN-F,Comfortable,Std
MAC000427,1.4394394,0.48969978,0.03007885,0.24376902,0.1845865,1.3832165,1.5808316,1.1428664,0.34020174,2,ACORN-O,Adversity,Std
MAC000428,7.8842635,2.6025648,0.16482654,0.9999718,0.17662513,7.81926,8.047738,1.0292199,0.33009613,2,ACORN-L,Adversity,Std
MAC000429,6.917448,4.3859982,0.14538993,0.5234141,0.49599558,6.908872,6.939015,1.004363,0.6340486,2,ACORN-E,Affluent,Std
MAC000430,6.5727725,3.6394088,0.1429477,0.68468183,0.26042566,6.511551,6.7259803,1.0329306,0.55370986,2,ACORN-Q,Adversity,Std
MAC000431,20.726751,9.529384,0.43281212,1.3844203,0.3209808,20.033716,22.466202,1.1214195,0.45976254,1,ACORN-C,Affluent,Std
MAC000432,5.719175,1.7935113,0.1193726,0.6236006,0.248282,5.7324533,5.68598,0.99189293,0.31359616,2,ACORN-F,Comfortable,Std
MAC000433,8.358632,3.4108696,0.17474645,0.74422145,0.33407626,8.320703,8.453832,1.0159998,0.40806553,2,ACORN-N,Adversity,ToU
MAC000434,6.815152,2.1653316,0.14241353,0.9603244,0.15994895,6.7969036,6.860955,1.0094236,0.31772316,2,ACORN-Q,Adversity,Std
MAC000435,5.5610747,1.7226444,0.11621196,0.5201763,0.30187884,5.530848,5.6369405,1.019182,0.30976826,2,ACORN-Q,Adversity,Std
MAC000436,5.0020323,0.76329386,0.10437067,0.22222003,0.50185776,5.00942,4.98349,0.99482375,0.15259674,2,ACORN-L,Adversity,Std
MAC000437,21.5892,7.548729,0.4513956,1.311148,0.37835422,21.978132,20.613016,0.93788755,0.34965304,1,ACORN-E,Affluent,Std
MAC000438,4.3957744,1.6051866,0.0917158,0.44790444,0.3070805,4.101305,5.1285634,1.2504711,0.36516583,2,ACORN-E,Affluent,Std
MAC000439,12.388476,2.0875576,0.25892845,1.4280338,0.20026474,12.694099,11.621396,0.91549593,0.16850801,1,ACORN-F,Comfortable,ToU
MAC000440,18.118399,8.775601,0.37841788,1.4588349,0.27558032,17.709877,19.143753,1.0809648,0.48434752,1,ACORN-K,Adversity,Std
MAC000441,10.2591,7.4142985,0.2142663,0.66261494,0.34842077,10.619202,9.355282,0.88097787,0.7227046,2,ACORN-E,Affluent,Std
MAC000442,5.577678,1.6444284,0.11642311,0.46411425,0.30100664,5.5481796,5.6517177,1.0186616,0.2948231,2,ACORN-D,Affluent,Std
MAC000443,33.364372,10.153717,0.69683105,2.023189,0.37940598,33.280792,33.574154,1.0088147,0.30432814,0,ACORN-E,Affluent,Std
MAC000444,6.1739435,1.4808272,0.12985629,0.49063417,0.3001107,6.1255918,6.2959056,1.0278037,0.23985112,2,ACORN-E,Affluent,Std
MAC000445,8.024827,1.7889745,0.16746646,1.1292567,0.18747796,8.334732,7.246995,0.8694935,0.22292998,2,ACORN-F,Comfortable,Std
MAC000446,8.649024,2.9882393,0.18053702,0.9380607,0.22804691,8.048292,10.156802,1.2619823,0.34550017,2,ACORN-H,Comfortable,Std
MAC000447,9.6551,2.0944133,0.20169492,0.62476724,0.36277708,9.513331,10.010926,1.052305,0.216923,2,ACORN-G,Comfortable,ToU
MAC000448,4.328979,1.8074963,0.09040259,0.5638406,0.22373368,4.3184457,4.355416,1.008561,0.41753408,2,ACORN-E,Affluent,Std
MAC000449,3.823632,1.7554039,0.08008699,0.48167136,0.20744957,3.5985544,4.3885546,1.2195326,0.4590933,2,ACORN-Q,Adversity,Std
MAC000450,72.267395,18.54818,1.512942,3.060007,0.500655,71.89496,73.19848,1.0181309,0.2566604,0,ACORN-A,Affluent,Std
MAC000451,16.401785,7.9698997,0.3438422,1.0550919,0.3335617,16.65896,15.757574,0.9458918,0.4859166,1,ACORN-H,Comfortable,ToU
MAC000452,19.00208,7.973163,0.39680165,0.9797359,0.43116057,18.906818,19.240707,1.0176597,0.4195942,1,ACORN-H,Comfortable,Std
MAC000453,13.639976,5.6861134,0.28451958,1.2707373,0.29067296,13.497024,13.998064,1.0371222,0.41687122,1,ACORN-G,Comfortable,Std
MAC000454,9.519006,4.2726007,0.19918841,0.9265678,0.24879406,9.164012,10.408248,1.1357741,0.44884947,2,ACORN-E,Affluent,Std
MAC000455,25.001366,9.591583,0.5219619,1.37837,0.38037184,25.03188,24.924925,0.99572724,0.38364238,0,ACORN-D,Affluent,Std
MAC000456,7.182504,2.3490794,0.14979374,0.6452843,0.2735747,7.3930593,6.6610703,0.9009897,0.32705575,2,ACORN-D,Affluent,ToU
MAC000457,3.623339,1.0470089,0.07576572,0.30739972,0.3017188,3.5758479,3.742302,1.0465496,0.28896245,2,ACORN-Q,Adversity,Std
MAC000458,5.062444,2.7323942,0.10582568,0.6782315,0.20317945,4.892632,5.485558,1.1211876,0.5397381,2,ACORN-E,Affluent,Std
MAC000459,6.351528,1.2254728,0.13250501,0.37507203,0.37046072,6.3665257,6.3139606,0.9917435,0.19294141,2,ACORN-E,Affluent,Std
MAC000460,18.619226,13.857222,0.38885975,1.5578282,0.24249016,18.134348,19.831423,1.0935835,0.7442426,1,ACORN-Q,Adversity,Std
MAC000461,17.353807,3.8896132,0.3620928,1.2914492,0.3073052,16.881487,18.536945,1.0980636,0.22413601,1,ACORN-H,Comfortable,ToU
MAC000462,12.065862,3.8826692,0.25356498,1.5585176,0.16601823,12.006719,12.213717,1.0172403,0.32178962,1,ACORN-D,Affluent,Std
MAC000463,21.222832,8.647885,0.44288588,1.6602758,0.3355045,20.027836,24.203035,1.2084699,0.40748027,1,ACORN-E,Affluent,Std
MAC000464,5.5635834,1.2746209,0.11634718,0.42871612,0.3057924,5.4534187,5.83954,1.0708035,0.2291007,2,ACORN-A,Affluent,ToU
MAC000465,9.829038,3.0126991,0.20501825,0.8762133,0.24393111,9.637229,10.30951,1.0697588,0.3065101,2,ACORN-F,Comfortable,ToU
MAC000466,9.728857,1.7635366,0.20317492,0.59408474,0.37172207,9.379626,10.603663,1.1304996,0.18126863,2,ACORN-L,Adversity,Std
MAC000467,3.9529085,2.337049,0.08261483,0.5876345,0.18812835,3.644437,4.71683,1.2942547,0.59122264,2,ACORN-F,Comfortable,ToU
MAC000468,18.672005,2.3048172,0.3899037,0.86694205,0.47538197,18.0455,20.241371,1.1216853,0.123437054,1,ACORN-F,Comfortable,Std
MAC000469,10.137367,8.698852,0.21158782,0.63705045,0.3730199,10.368938,9.561215,0.9221017,0.85809773,1,ACORN-E,Affluent,Std
MAC000470,8.023514,1.8718005,0.16743813,0.4792853,0.3868266,8.09897,7.8345,0.9673452,0.23328938,2,ACORN-G,Comfortable,ToU
MAC000471,9.691,1.9275472,0.20244208,0.65736586,0.34100237,9.499235,10.171361,1.0707558,0.19890076,2,ACORN-Q,Adversity,Std
MAC000472,5.4950776,1.1873089,0.11478892,0.45378816,0.30584115,5.247267,6.1158314,1.1655271,0.21606772,2,ACORN-Q,Adversity,Std
MAC000473,15.087287,4.6474714,0.31492913,1.0925452,0.30684727,15.192978,14.8225355,0.9756175,0.30803892,1,ACORN-E,Affluent,Std
MAC000474,9.226349,2.1724608,0.19257368,0.62150145,0.34487525,9.225882,9.22752,1.0001776,0.23546268,2,ACORN-O,Adversity,Std
MAC000475,24.565615,5.8254056,0.5129741,1.3100226,0.42378512,24.2226,25.424847,1.0496333,0.23713657,1,ACORN-E,Affluent,ToU
MAC000476,7.02773,1.9295077,0.14687556,0.97046185,0.16400483,6.5490236,8.226867,1.2561975,0.27455634,2,ACORN-F,Comfortable,Std
MAC000477,6.3189464,1.3738427,0.131952,0.51970476,0.3094732,5.946006,7.253144,1.2198347,0.21741642,2,ACORN-M,Adversity,Std
MAC000478,11.492683,2.88745,0.24028538,1.0654068,0.25007442,11.185585,12.2619505,1.0962279,0.25124246,1,ACORN-E,Affluent,ToU
MAC000479,6.1612177,2.1175692,0.12858412,0.62043786,0.26004368,5.766043,7.151109,1.2402109,0.3436933,2,ACORN-F,Comfortable,Std
MAC000480,26.168612,9.076745,0.5461568,2.2603748,0.24503155,25.755571,27.208408,1.0564086,0.3468562,0,ACORN-E,Affluent,Std
MAC000481,10.539492,1.6271734,0.22010456,0.5048051,0.45307186,10.608141,10.36753,0.9773183,0.15438822,2,ACORN-P,Adversity,Std
MAC000482,9.066508,3.0305524,0.18944758,0.95703244,0.23450215,8.932609,9.40192,1.0525391,0.33425793,2,ACORN-E,Affluent,Std
MAC000483,7.9188476,2.7222285,0.16589497,0.51535165,0.35073766,7.7639227,8.306926,1.0699393,0.34376574,2,ACORN-N,Adversity,Std
MAC000484,8.191815,2.7333915,0.17090765,1.2209591,0.14614393,7.202275,10.670565,1.4815547,0.33367348,2,ACORN-L,Adversity,Std
MAC000485,3.8761935,1.0135719,0.080949664,0.345613,0.31123146,3.8638773,3.9070446,1.011172,0.26148638,2,ACORN-E,Affluent,Std
MAC000486,4.6532073,2.2763505,0.09699739,0.7567874,0.19108492,4.3243985,5.463273,1.2633603,0.48920032,2,ACORN-Q,Adversity,Std
MAC000487,11.281243,3.5391014,0.23550874,0.8981526,0.3071708,10.991905,12.006021,1.0922602,0.31371555,1,ACORN-A,Affluent,ToU
MAC000488,6.702623,3.8326483,0.14011222,0.46303532,0.30020672,6.655006,6.8219013,1.0250782,0.5718132,2,ACORN-E,Affluent,Std
MAC000489,4.471011,1.817446,0.09323775,0.5651641,0.21477064,4.2120614,5.118386,1.2151736,0.4064955,2,ACORN-E,Affluent,Std
MAC000490,13.430938,3.691129,0.28034595,1.3168995,0.23222947,12.423529,15.94946,1.2838107,0.2748229,1,ACORN-L,Adversity,Std
MAC000491,7.4607534,4.0704565,0.1559409,0.6258137,0.29412788,6.2699356,10.42589,1.6628385,0.5455825,2,ACORN-O,Adversity,Std
MAC000492,9.447904,2.2030268,0.19715722,0.80362374,0.2823461,9.095584,10.328703,1.1355734,0.23317625,2,ACORN-I,Comfortable,Std
MAC000493,3.6937084,2.079335,0.07719266,0.4986011,0.21891472,3.3058338,4.663396,1.4106565,0.56293964,2,ACORN-M,Adversity,Std
MAC000494,5.2237687,2.268322,0.10895386,0.64677477,0.2121193,4.924341,5.9656835,1.2114683,0.43423095,2,ACORN-F,Comfortable,ToU
MAC000495,5.548384,2.2787306,0.11630818,0.55603224,0.42865714,5.0784774,6.7135615,1.3219634,0.41070166,2,ACORN-E,Affluent,Std
MAC000496,4.7369432,2.5277212,0.09917098,0.30579007,0.44987103,4.7049522,4.81772,1.0239679,0.5336186,2,ACORN-E,Affluent,Std
MAC000497,12.969234,4.361609,0.27099392,0.84853196,0.36255985,12.881884,13.1898,1.0239031,0.33630428,1,ACORN-E,Affluent,ToU
MAC000498,14.413945,3.5363243,0.3006095,1.1338439,0.36085036,13.910239,15.6858,1.1276442,0.24534048,1,ACORN-H,Comfortable,Std
MAC000499,6.819071,3.8785226,0.14226368,0.7235702,0.26339105,6.797657,6.8731403,1.0111043,0.56877583,2,ACORN-E,Affluent,Std
MAC000500,3.3755107,1.3288122,0.07044676,0.3435532,0.26222435,3.341697,3.4608898,1.0356684,0.39366257,2,ACORN-E,Affluent,ToU
MAC000501,8.050132,2.4035497,0.16824186,0.7709277,0.264137,8.207003,7.654035,0.9326225,0.29857272,2,ACORN-F,Comfortable,Std
MAC000502,5.91041,1.6483747,0.12353298,0.5376411,0.28782386,5.7865644,6.22312,1.075443,0.27889347,2,ACORN-F,Comfortable,Std
MAC000503,6.3996563,2.579975,0.13369097,0.7175787,0.22458592,6.0036874,7.39948,1.2324892,0.40314272,2,ACORN-D,Affluent,Std
MAC000504,8.503708,8.093467,0.17810614,0.7016057,0.4124155,8.5950775,8.273,0.96252763,0.9517574,2,ACORN-E,Affluent,Std
MAC000505,8.267007,4.391667,0.17255257,0.83256817,0.22182135,8.112289,8.659633,1.0674709,0.5312282,2,ACORN-E,Affluent,Std
MAC000506,11.428362,3.5986013,0.23856312,1.0349078,0.25141189,11.548849,11.124129,0.96322405,0.31488338,1,ACORN-E,Affluent,Std
MAC000507,10.773939,1.6346147,0.22519587,0.551,0.44260344,10.659512,11.06287,1.0378402,0.15171932,2,ACORN-Q,Adversity,Std
MAC000508,12.114798,3.8610678,0.2536101,0.81968224,0.34566596,12.1135025,12.11807,1.000377,0.31870675,1,ACORN-E,Affluent,Std
MAC000509,8.949831,5.369886,0.18681939,0.7680978,0.2758796,8.34621,10.473974,1.2549379,0.5999986,2,ACORN-E,Affluent,Std
MAC000510,7.0910597,3.2186928,0.14807051,0.50307953,0.36718872,7.0006704,7.3188396,1.0454484,0.45390856,2,ACORN-Q,Adversity,Std
MAC000511,11.891763,3.119985,0.24832064,0.89297587,0.2961911,11.598163,12.631635,1.0891066,0.26236522,1,ACORN-Q,Adversity,Std
MAC000512,23.116749,14.242655,0.48402756,2.0933182,0.22576363,22.998302,23.412867,1.0180259,0.61611843,0,ACORN-J,Comfortable,ToU
MAC000513,2.0548964,2.0014207,0.043017607,0.33380115,0.44820786,2.0998728,1.941555,0.924606,0.9739765,2,ACORN-Q,Adversity,Std
MAC000514,6.9029512,1.8272159,0.14593957,0.8227388,0.27231467,6.9193454,6.861046,0.9915744,0.26470068,2,ACORN-O,Adversity,Std
MAC000515,4.9286532,2.942016,0.1028761,0.651098,0.1914863,4.82624,5.186735,1.0746948,0.59692085,2,ACORN-K,Adversity,Std
MAC000516,7.985534,3.0985057,0.16665171,0.5390227,0.40609998,8.191444,7.46664,0.9115169,0.38801482,2,ACORN-E,Affluent,Std
MAC000517,5.0329876,3.4315,0.1052882,0.49208575,0.28107095,5.1986723,4.6169944,0.8881103,0.6818018,2,ACORN-C,Affluent,Std
MAC000518,6.683763,2.009934,0.13942854,0.67768323,0.23849106,6.573518,6.9615803,1.0590342,0.3007189,2,ACORN-E,Affluent,Std
MAC000519,18.23082,5.818364,0.38316652,1.4492202,0.28028226,17.937357,18.970345,1.0575886,0.31914988,1,ACORN-G,Comfortable,Std
MAC000520,8.225764,6.003597,0.1715871,0.4687145,0.5375099,8.200108,8.29042,1.0110135,0.72985274,2,ACORN-J,Comfortable,Std
MAC000521,9.216378,3.583481,0.1927359,0.64218754,0.3396727,9.140333,9.4080105,1.0292853,0.38881662,2,ACORN-E,Affluent,ToU
MAC000522,21.451622,6.0280256,0.44791391,1.5563637,0.32486418,21.501593,21.325695,0.9918193,0.2810056,1,ACORN-D,Affluent,Std
MAC000523,10.049864,6.9545918,0.2096138,0.8897997,0.23785281,10.149109,9.799765,0.96557885,0.69200855,1,ACORN-E,Affluent,ToU
MAC000524,13.912179,8.917052,0.28994992,1.6083372,0.18447253,13.557484,14.804239,1.0919607,0.64095294,1,ACORN-G,Comfortable,Std
MAC000525,13.886958,3.9747245,0.2897007,1.2633045,0.25108173,14.2541485,12.96347,0.90945244,0.28621995,1,ACORN-E,Affluent,ToU
MAC000526,11.331262,4.249694,0.23682792,0.71521765,0.40562558,11.304396,11.39883,1.0083538,0.37504154,1,ACORN-E,Affluent,Std
MAC000527,17.542173,4.1158323,0.36607972,1.33465,0.28249493,16.680187,19.710064,1.1816453,0.234625,1,ACORN-Q,Adversity,Std
MAC000528,8.688829,9.41562,0.24747878,1.23351,0.3415051,7.2126145,12.453616,1.7266438,1.0836465,1,ACORN-O,Adversity,Std
MAC000529,6.9006658,1.03911,0.14404109,0.5943272,0.28374305,6.9012566,6.8991804,0.9996992,0.15058112,2,ACORN-Q,Adversity,ToU
MAC000530,21.118908,6.8867674,0.44121897,1.2475107,0.37096816,20.759203,22.02357,1.0609063,0.32609487,1,ACORN-F,Comfortable,Std
MAC000531,5.2449718,2.99937,0.10960553,0.4030541,0.29501054,5.2072167,5.339925,1.0254854,0.5718563,2,ACORN-D,Affluent,Std
MAC000532,8.2821,2.6828647,0.17290148,0.575515,0.3418456,7.9481792,9.12191,1.1476729,0.32393533,2,ACORN-K,Adversity,Std
MAC000533,7.1028566,1.245387,0.14835384,0.4734168,0.3453289,6.9417815,7.5079603,1.081561,0.17533606,2,ACORN-H,Comfortable,Std
MAC000534,3.4247034,1.5555304,0.07169509,0.267978,0.30308843,3.560567,3.0804272,0.86515075,0.45420882,2,ACORN-Q,Adversity,Std
MAC000535,27.613169,20.311575,0.57780397,1.4890869,0.45924476,31.226532,18.50601,0.59263736,0.7355757,0,ACORN-A,Affluent,Std
MAC000536,11.907346,1.8383852,0.24944809,0.6840696,0.38045368,11.817592,12.133561,1.0267372,0.15439084,1,ACORN-F,Comfortable,Std
MAC000537,4.38943,1.4914249,0.091631025,0.46168,0.25183213,4.374603,4.426326,1.0118234,0.33977643,2,ACORN-K,Adversity,ToU
MAC000538,5.1051607,1.5801533,0.10682372,0.37923044,0.31335,5.141316,5.0140357,0.9752436,0.30952078,2,ACORN-E,Affluent,Std
MAC000539,1.8142116,0.74772197,0.037840143,0.1458145,0.3010114,1.8370486,1.756653,0.9562365,0.41214705,2,ACORN-F,Comfortable,Std
MAC000540,10.240822,4.2802052,0.21418111,0.893085,0.278741,10.084754,10.633402,1.0544037,0.41795525,1,ACORN-E,Affluent,Std
MAC000541,2.1483948,1.7235105,0.044980533,0.21320173,0.45566517,2.4716864,1.3293897,0.5378472,0.8022317,2,ACORN-Q,Adversity,Std
MAC000542,7.790397,1.402977,0.16272305,0.6390797,0.30118138,7.692761,8.03648,1.0446808,0.18009056,2,ACORN-Q,Adversity,Std
MAC000543,4.5518637,1.2590284,0.0949933,0.6496913,0.264399,4.5417733,4.5772963,1.0078213,0.27659625,2,ACORN-Q,Adversity,Std
MAC000544,9.525802,3.576647,0.1989688,0.6190217,0.3681787,9.537038,9.497479,0.9958521,0.3754694,2,ACORN-E,Affluent,ToU
MAC000545,7.626572,1.6583967,0.15927497,0.59635514,0.2906088,7.594449,7.707047,1.0148263,0.21744981,2,ACORN-C,Affluent,Std
MAC000546,8.0255,5.7289023,0.1677433,1.2596852,0.15656172,7.3894353,9.629489,1.3031428,0.7138374,1,ACORN-E,Affluent,Std
MAC000547,29.304699,10.860072,0.61179495,1.466284,0.43380663,29.129019,29.747488,1.021232,0.3705915,0,ACORN-H,Comfortable,Std
MAC000548,22.00083,3.3447907,0.4603995,1.2824667,0.36597127,21.600225,23.010511,1.0652903,0.1520302,1,ACORN-L,Adversity,Std
MAC000549,3.5190437,1.2172934,0.07369609,0.4468505,0.21920362,3.5720952,3.385602,0.94779164,0.34591597,2,ACORN-Q,Adversity,ToU
MAC000550,20.863148,8.028952,0.43562967,1.086177,0.41395038,20.673815,21.339382,1.0321938,0.38483894,1,ACORN-F,Comfortable,Std
MAC000551,2.7925544,0.8531982,0.058272883,0.27507693,0.24794762,2.8055153,2.759954,0.9837601,0.30552608,2,ACORN-D,Affluent,Std
MAC000552,7.929989,2.5377512,0.16626468,0.8526444,0.22389762,7.327945,9.444311,1.2888075,0.3200195,2,ACORN-K,Adversity,Std
MAC000553,6.576549,1.9540905,0.1372534,0.9260261,0.20938115,6.4590993,6.871969,1.0639206,0.29713008,2,ACORN-F,Comfortable,Std
MAC000554,9.26497,2.408689,0.19354495,0.7614456,0.3208696,9.282143,9.221776,0.9934965,0.2599781,2,ACORN-H,Comfortable,Std
MAC000555,22.570337,5.1866975,0.47102937,1.4819884,0.34529588,22.321077,23.1973,1.0392554,0.2298015,1,ACORN-P,Adversity,Std
MAC000556,9.302984,3.1623592,0.19478673,0.7132453,0.31457198,9.210049,9.536745,1.0354717,0.33992955,2,ACORN-Q,Adversity,Std
MAC000557,64.819885,13.459162,1.3649495,1.957598,0.70755094,65.03233,64.28553,0.98851645,0.2076394,0,ACORN-A,Affluent,Std
MAC000558,8.65993,1.1698623,0.18097368,0.560407,0.36625057,8.692221,8.578873,0.9869598,0.13508911,2,ACORN-Q,Adversity,Std
MAC000559,4.896061,1.1999038,0.10256145,0.34239098,0.3262674,4.7944126,5.1512194,1.0744214,0.24507535,2,ACORN-L,Adversity,Std
MAC000560,6.854514,0.94440454,0.14310563,0.3696328,0.4181739,6.578223,7.5494695,1.1476457,0.13777848,2,ACORN-Q,Adversity,Std
MAC000561,8.717198,3.1734183,0.18216309,1.2300696,0.16031352,8.529571,9.189143,1.0773277,0.3640411,2,ACORN-E,Affluent,ToU
MAC000562,3.7771654,0.88610446,0.078878574,0.47048476,0.19513997,3.7530305,3.8378725,1.0226063,0.23459509,2,ACORN-E,Affluent,Std
MAC000563,4.771308,0.9226545,0.09968142,0.34243312,0.31351352,4.7106533,4.9246564,1.0454296,0.19337559,2,ACORN-F,Comfortable,Std
MAC000564,11.717893,7.5864196,0.24582067,0.8962917,0.32458785,11.496533,12.274678,1.0676851,0.64742184,1,ACORN-E,Affluent,Std
MAC000565,5.284241,1.1205215,0.11038411,0.31078666,0.38428998,5.272546,5.313658,1.0077975,0.21204966,2,ACORN-P,Adversity,ToU
MAC000566,13.531932,3.1014962,0.28228357,1.6506343,0.17802125,12.80384,15.363306,1.1998984,0.22919834,1,ACORN-K,Adversity,Std
MAC000567,7.9830275,2.433038,0.16663691,0.86604536,0.22031769,7.9119954,8.162117,1.031613,0.30477634,2,ACORN-E,Affluent,Std
MAC000568,6.008366,2.160905,0.12548745,0.47772133,0.28539494,5.9003773,6.27999,1.064337,0.35964933,2,ACORN-L,Adversity,Std
MAC000569,36.20793,24.538485,0.7559864,1.8639928,0.4038256,36.037994,36.635372,1.0165763,0.6777102,0,ACORN-A,Affluent,Std
MAC000570,10.385535,2.1570778,0.21721722,0.75720936,0.30933037,10.170675,10.928743,1.0745347,0.20770021,2,ACORN-P,Adversity,Std
MAC000571,3.4601963,0.68409336,0.07233326,0.23543894,0.32234207,3.413624,3.577102,1.0478898,0.19770363,2,ACORN-Q,Adversity,Std
MAC000572,8.493461,3.5979593,0.1774964,1.1863483,0.18740347,8.348898,8.857077,1.0608678,0.42361522,2,ACORN-D,Affluent,Std
MAC000573,14.629309,3.6441839,0.30555677,1.114167,0.31256405,13.771834,16.786123,1.2188735,0.24910158,1,ACORN-L,Adversity,Std
MAC000574,7.763015,2.3467014,0.16299015,0.601952,0.33149332,7.370988,8.747082,1.1866906,0.30229253,2,ACORN-K,Adversity,Std
MAC000575,6.419727,0.9007571,0.13402735,0.8360944,0.18548617,6.454235,6.3329287,0.98120517,0.14031081,2,ACORN-Q,Adversity,Std
MAC000576,12.19126,3.5658903,0.2545923,1.4331858,0.18840374,11.929322,12.850113,1.0771872,0.29249564,1,ACORN-Q,Adversity,Std
MAC000577,17.13216,6.757174,0.35741523,1.3757707,0.2849287,16.396156,18.983438,1.157798,0.3944146,1,ACORN-E,Affluent,Std
MAC000578,4.778299,1.1983179,0.09971885,0.7245196,0.1603892,4.7774687,4.780388,1.0006111,0.25078338,2,ACORN-H,Comfortable,Std
MAC000579,5.5834527,1.6437844,0.11654578,0.59438026,0.21664794,5.407823,6.025214,1.1141663,0.29440287,2,ACORN-Q,Adversity,Std
MAC000580,11.918674,5.8539047,0.24959092,0.8900203,0.2970172,11.705807,12.456846,1.0641595,0.49115402,1,ACORN-Q,Adversity,Std
MAC000581,8.258145,1.4979016,0.17235555,0.58530915,0.32998595,8.005702,8.893118,1.110848,0.18138474,2,ACORN-N,Adversity,Std
MAC000582,18.916292,6.0061054,0.39595348,1.3000493,0.33779874,17.831059,21.645983,1.2139482,0.31750965,1,ACORN-K,Adversity,ToU
MAC000583,8.527765,2.072631,0.18359953,0.7470497,0.29980943,8.434832,8.759611,1.0385046,0.24304502,2,ACORN-Q,Adversity,ToU
MAC000584,2.9778197,1.6024158,0.062153324,0.36053342,0.20533757,3.076636,2.7297702,0.88725805,0.5381171,2,ACORN-J,Comfortable,ToU
MAC000585,3.6086333,1.9835722,0.07544426,0.24451965,0.34316027,3.4909167,3.9056408,1.1188009,0.5496741,2,ACORN-Q,Adversity,Std
MAC000586,10.477589,3.4041622,0.21879926,0.5422849,0.47966373,11.659342,7.5111485,0.6442172,0.3248994,2,ACORN-F,Comfortable,ToU
MAC000587,2.9513242,0.90977377,0.06156521,0.27607122,0.2773869,2.9068801,3.0628877,1.0536684,0.30825952,2,ACORN-O,Adversity,ToU
MAC000588,8.229704,3.8851278,0.17158443,1.0962718,0.18273634,7.7279286,9.489261,1.2279178,0.47208598,2,ACORN-H,Comfortable,Std
MAC000589,7.136716,1.4029282,0.14887522,0.70358664,0.22807895,7.1399775,7.1284876,0.9983908,0.19657896,2,ACORN-H,Comfortable,Std
MAC000590,5.003574,2.0369768,0.10444296,0.3752369,0.28961176,5.0682564,4.8412094,0.95520216,0.40710437,2,ACORN-L,Adversity,ToU
MAC000591,7.636116,1.0885178,0.1595632,0.5387427,0.32539535,7.679598,7.5269694,0.9801255,0.14254862,2,ACORN-F,Comfortable,Std
MAC000592,9.093908,2.9199533,0.18972892,0.9552442,0.22464472,8.277745,11.142643,1.3460964,0.32108894,2,ACORN-L,Adversity,Std
MAC000593,8.297437,1.5052586,0.17361197,0.5084651,0.37086487,8.33975,8.191219,0.98219,0.18141247,2,ACORN-A,Affluent,ToU
MAC000594,7.085115,2.1689327,0.14795724,0.5385058,0.31093183,6.7580485,7.9061174,1.1698817,0.30612525,2,ACORN-F,Comfortable,Std
MAC000595,10.632728,3.1178513,0.22181194,1.0067558,0.25275713,10.225604,11.654695,1.1397561,0.29323155,1,ACORN-G,Comfortable,ToU
MAC000596,28.948679,7.1439815,0.60395163,2.1763692,0.27945554,28.6646,29.661776,1.0347877,0.24678092,0,ACORN-E,Affluent,Std
MAC000597,3.734511,0.9425986,0.0787914,0.27730542,0.31607556,3.7703571,3.644526,0.9666262,0.25240216,2,ACORN-P,Adversity,Std
MAC000598,5.995713,1.139389,0.12524189,0.40307996,0.37632653,5.822106,6.4315047,1.1046698,0.19003394,2,ACORN-C,Affluent,ToU
MAC000599,6.356727,2.9816978,0.13280529,0.7239227,0.2386153,6.1940246,6.7634845,1.091937,0.4690618,2,ACORN-Q,Adversity,Std
MAC000600,12.855584,9.93945,0.2683612,0.85114676,0.3033628,12.885659,12.780091,0.99180734,0.77316207,1,ACORN-E,Affluent,Std
MAC000601,5.1766105,1.5289458,0.10792996,0.4404971,0.2916418,5.1092033,5.3458166,1.0463111,0.29535654,2,ACORN-K,Adversity,Std
MAC000602,3.11209,2.8270507,0.06529975,0.17582609,0.4953865,3.1298478,3.0676956,0.9801421,0.908409,2,ACORN-E,Affluent,Std
MAC000603,1.653436,0.8281699,0.034551185,0.17992152,0.19968487,1.6430304,1.6795561,1.0222307,0.5008781,2,ACORN-E,Affluent,Std
MAC000604,12.868387,3.181796,0.26895267,0.7739796,0.3791764,12.807856,13.021112,1.0166504,0.24725679,1,ACORN-O,Adversity,Std
MAC000605,8.560122,4.1873803,0.17955838,0.65245783,0.28683513,8.822612,7.9012194,0.8955647,0.489173,2,ACORN-F,Comfortable,ToU
MAC000606,9.341463,2.9986722,0.1956147,0.5797061,0.39034653,9.084328,9.978589,1.09844,0.32100672,2,ACORN-B,Affluent,Std
MAC000607,7.343315,1.9185028,0.15364575,0.75754845,0.2187682,7.0948644,7.9670854,1.122937,0.2612584,2,ACORN-L,Adversity,Std
MAC000608,2.964109,0.41185546,0.062067233,0.08181541,0.76761734,2.9600692,2.97425,1.0047908,0.13894747,2,ACORN-L,Adversity,Std
MAC000609,6.931769,2.7464094,0.14461558,0.75915986,0.23725247,6.717811,7.4688473,1.1117978,0.39620614,2,ACORN-A,Affluent,ToU
MAC000610,12.630686,4.033837,0.26356533,0.851641,0.32988447,12.498383,12.962796,1.0371579,0.319368,1,ACORN-E,Affluent,Std
MAC000611,5.4354796,1.6229348,0.11347878,0.6621788,0.20988783,5.2789006,5.8285255,1.1041173,0.29858172,2,ACORN-H,Comfortable,ToU
MAC000612,16.346928,4.1044927,0.34144664,1.0472577,0.35756615,16.102352,16.964014,1.0535115,0.2510865,1,ACORN-E,Affluent,Std
MAC000613,4.413145,1.5555054,0.09225806,0.37775,0.32373077,4.3874454,4.477658,1.0205615,0.35247093,2,ACORN-F,Comfortable,Std
MAC000614,10.655129,3.436845,0.2224368,1.2804884,0.19892079,9.591806,13.324286,1.3891321,0.3225531,1,ACORN-H,Comfortable,Std
MAC000615,2.3626714,0.62043184,0.04931574,0.22741424,0.24822888,2.3584573,2.37325,1.0062722,0.2625976,2,ACORN-Q,Adversity,Std
MAC000616,3.756022,1.7650658,0.078422025,0.30228052,0.2800027,3.9197338,3.3450713,0.8533925,0.46992958,2,ACORN-Q,Adversity,Std
MAC000617,4.0166755,0.9616049,0.08392122,0.3171994,0.2790521,3.9997032,4.0594974,1.0149497,0.23940319,2,ACORN-P,Adversity,ToU
MAC000618,10.211577,3.182329,0.21371236,0.59987354,0.42728895,11.510331,6.951439,0.6039304,0.3116393,2,ACORN-E,Affluent,Std
MAC000619,7.7616677,2.8250895,0.16228381,0.7116808,0.26892352,7.545826,8.29175,1.0988525,0.3639797,2,ACORN-D,Affluent,Std
MAC000620,5.8391953,1.4930031,0.1225706,0.69959533,0.20250179,5.700404,6.1893744,1.0857782,0.25568646,2,ACORN-J,Comfortable,ToU
MAC000621,14.842007,11.151439,0.31057242,0.89427906,0.32038212,14.914262,14.660632,0.98299414,0.7513431,1,ACORN-K,Adversity,Std
MAC000622,9.315301,3.3287873,0.19504201,0.5225546,0.39252925,9.045277,9.991739,1.1046361,0.3573462,2,ACORN-Q,Adversity,Std
MAC000623,6.9804845,1.2753505,0.14560214,0.8603785,0.1791059,6.6064134,7.9175715,1.1984675,0.18270229,2,ACORN-K,Adversity,Std
MAC000624,7.474543,5.7979155,0.15593046,0.99974823,0.18691808,7.081395,8.459418,1.1945977,0.7756883,2,ACORN-E,Affluent,Std
MAC000625,14.641589,5.5382175,0.30563954,1.0039185,0.34962693,13.472225,17.57096,1.3042358,0.37825248,1,ACORN-E,Affluent,Std
MAC000626,3.1416166,1.3089339,0.06564122,0.49597812,0.14728896,3.2933135,2.7596514,0.8379559,0.4166434,2,ACORN-O,Adversity,Std
MAC000627,10.116716,2.5915153,0.21129145,0.6598545,0.34962633,9.779899,10.960479,1.120715,0.2561617,2,ACORN-Q,Adversity,Std
MAC000628,17.355227,12.438981,0.36432168,1.3287075,0.25678998,17.152336,17.86349,1.041461,0.71672827,1,ACORN-E,Affluent,ToU
MAC000629,14.657765,7.0766115,0.30576003,0.8579593,0.36097655,14.519102,15.005134,1.0334753,0.48278925,1,ACORN-L,Adversity,Std
MAC000630,15.9745865,3.5532882,0.3332813,1.6298356,0.21208806,15.811741,16.38253,1.0360991,0.22243382,1,ACORN-C,Affluent,Std
MAC000631,2.6780262,0.839882,0.05605016,0.19614556,0.31703037,2.657279,2.73,1.0273668,0.3136198,2,ACORN-E,Affluent,Std
MAC000632,13.754745,4.9398837,0.2871999,1.0041893,0.30418602,13.740472,13.7905,1.0036409,0.35914034,1,ACORN-D,Affluent,Std
MAC000633,10.890923,3.6595652,0.22725654,1.356607,0.18275924,10.478811,11.923306,1.1378491,0.33601975,1,ACORN-E,Affluent,ToU
MAC000634,3.5860522,1.6178932,0.074834436,0.28592867,0.39826533,3.5859103,3.5864081,1.0001389,0.45116276,2,ACORN-F,Comfortable,Std
MAC000635,9.129276,1.3817273,0.19043064,1.6209607,0.119234964,8.722239,10.148949,1.1635716,0.15135124,1,ACORN-Q,Adversity,ToU
MAC000636,2.0232434,2.4115548,0.04229503,0.12642673,0.3490099,2.032169,2.00103,0.9846769,1.1919252,2,ACORN-E,Affluent,Std
MAC000637,3.1813295,1.1198671,0.066403344,0.41140962,0.20837031,2.855503,4.001744,1.4014146,0.3520123,2,ACORN-E,Affluent,Std
MAC000638,10.193434,2.7773342,0.21287626,0.99737316,0.24475351,10.199725,10.177595,0.99783033,0.27246305,2,ACORN-H,Comfortable,Std
MAC000639,8.455378,2.517629,0.17631473,0.80971617,0.22999029,8.213917,9.060261,1.1030378,0.29775476,2,ACORN-E,Affluent,Std
MAC000640,7.0811334,3.0697935,0.14787513,0.53285444,0.3493688,7.2916355,6.5538063,0.8988116,0.43351725,2,ACORN-E,Affluent,ToU
MAC000641,25.007261,12.188789,0.5230946,1.673869,0.33038867,25.963795,22.611046,0.8708683,0.48741,0,ACORN-Q,Adversity,ToU
MAC000642,15.441566,4.477049,0.32235238,1.6835357,0.21422398,15.3130665,15.763469,1.029413,0.2899349,1,ACORN-F,Comfortable,Std
MAC000643,10.470115,6.072212,0.21850197,0.6986114,0.33919597,9.722965,12.341801,1.2693454,0.5799566,1,ACORN-F,Comfortable,Std
MAC000644,11.507547,5.9176764,0.2407678,0.67596656,0.37416127,11.40967,11.75274,1.0300684,0.51424307,1,ACORN-L,Adversity,Std
MAC000645,4.0847135,1.388677,0.08520353,0.5554934,0.21158905,3.9331872,4.464301,1.135034,0.33996925,2,ACORN-P,Adversity,Std
MAC000646,9.86708,3.9009516,0.20599572,0.7263624,0.38573694,9.43143,10.958428,1.1619053,0.39535016,2,ACORN-E,Affluent,Std
MAC000647,11.191674,2.2304087,0.23397139,0.76885587,0.33603236,11.19823,11.175251,0.997948,0.19929178,2,ACORN-D,Affluent,Std
MAC000648,8.255451,2.5376327,0.17233029,0.8558279,0.24240844,7.9567065,9.01085,1.1324849,0.30738872,2,ACORN-F,Comfortable,Std
MAC000649,5.475463,1.3207824,0.11437563,0.50061136,0.25350016,5.4178796,5.6197143,1.0372535,0.2412184,2,ACORN-P,Adversity,Std
MAC000650,15.960197,4.582241,0.3334925,1.111308,0.3363082,15.582299,16.903015,1.0847574,0.28710428,1,ACORN-F,Comfortable,Std
MAC000651,3.218462,0.8374002,0.06739674,0.36317492,0.23990536,3.2006843,3.2632256,1.01954,0.26018646,2,ACORN-E,Affluent,Std
MAC000652,1.410524,0.3527071,0.029504396,0.13786171,0.2458827,1.4331955,1.3537296,0.9445534,0.25005394,2,ACORN-E,Affluent,Std
MAC000653,2.8588123,1.0790285,0.059822127,0.56782824,0.17868203,2.8945255,2.769347,0.9567533,0.37743944,2,ACORN-Q,Adversity,ToU
MAC000654,15.531329,16.642845,0.3252795,0.75107276,0.44606605,15.778507,14.912122,0.9450908,1.0715661,1,ACORN-E,Affluent,Std
MAC000655,6.1305084,1.4482793,0.12801924,0.39144978,0.36754423,6.108845,6.1847754,1.0124296,0.2362413,2,ACORN-F,Comfortable,Std
MAC000656,17.421057,6.3480244,0.3638365,1.0573887,0.35608804,17.700665,16.720617,0.9446322,0.36438802,1,ACORN-O,Adversity,Std
MAC000657,6.1153274,3.7980716,0.12762749,0.4278981,0.3352503,6.0361915,6.3135715,1.0459528,0.62107414,2,ACORN-Q,Adversity,Std
MAC000658,7.12963,2.3176227,0.14885992,0.749424,0.21669285,6.9397917,7.605687,1.0959532,0.32506913,2,ACORN-L,Adversity,Std
MAC000659,9.75126,4.4162664,0.2035626,1.0176452,0.22117426,9.19455,11.140194,1.2116084,0.4528919,1,ACORN-L,Adversity,Std
MAC000660,5.5283895,1.5331041,0.11530561,1.2112551,0.115843005,5.411386,5.820898,1.075676,0.27731478,2,ACORN-K,Adversity,Std
MAC000661,19.717947,5.6563053,0.4115773,1.487328,0.2936017,19.05051,21.386541,1.122623,0.28686076,1,ACORN-F,Comfortable,Std
MAC000662,5.4936414,3.0050385,0.11458665,0.56206703,0.2324519,5.1728754,6.295556,1.2170322,0.54700303,2,ACORN-L,Adversity,Std
MAC000663,7.9057417,4.212144,0.16505733,0.8220627,0.21615474,7.7799654,8.220183,1.0565835,0.53279555,2,ACORN-E,Affluent,Std
MAC000664,16.382214,7.869698,0.34157506,1.3491837,0.33387798,15.886637,17.621153,1.1091808,0.48038062,1,ACORN-K,Adversity,Std
MAC000665,2.0120559,0.7612544,0.04207283,0.35002932,0.15041395,2.0125082,2.0109177,0.9992097,0.37834653,2,ACORN-E,Affluent,ToU
MAC000666,3.2307224,2.0078824,0.06775458,0.2650638,0.31030843,3.1636207,3.3980725,1.0741087,0.6214964,2,ACORN-E,Affluent,ToU
MAC000667,3.5560746,0.85712904,0.07423603,0.29663342,0.28776675,3.610492,3.4191906,0.94701517,0.24103235,2,ACORN-M,Adversity,Std
MAC000668,14.999894,9.430139,0.31304896,1.9474403,0.18347815,14.877699,15.306664,1.0288328,0.62868035,1,ACORN-J,Comfortable,Std
MAC000669,16.597795,6.291403,0.3478648,0.883324,0.4512679,16.86239,15.932212,0.9448371,0.37905052,1,ACORN-E,Affluent,Std
MAC000670,11.658142,4.9946227,0.24325491,1.09467,0.24122624,11.637808,11.709294,1.0061426,0.42842355,1,ACORN-L,Adversity,Std
MAC000671,9.973658,1.8299896,0.20849666,0.53745013,0.4197048,9.7811165,10.457985,1.0692016,0.18348229,2,ACORN-F,Comfortable,Std
MAC000672,7.866692,5.8415112,0.1646858,0.5591584,0.4397387,7.9022765,7.77718,0.9841696,0.7425626,2,ACORN-E,Affluent,ToU
MAC000673,14.94676,4.6128244,0.31278294,1.0289854,0.3288373,14.841967,15.2103615,1.0248212,0.308617,1,ACORN-E,Affluent,ToU
MAC000674,7.717195,1.4855852,0.16100638,0.4459032,0.37409744,7.737994,7.664876,0.99055076,0.19250326,2,ACORN-M,Adversity,Std
MAC000675,6.8407135,3.5242789,0.14300336,0.59997064,0.25564498,6.200234,8.460166,1.3644915,0.51519173,2,ACORN-F,Comfortable,Std
MAC000676,8.178576,1.6230432,0.1708298,0.475884,0.37072113,7.668456,9.459139,1.2335128,0.19845057,2,ACORN-F,Comfortable,Std
MAC000677,4.491598,1.9766893,0.09379644,0.5602962,0.23547389,4.428176,4.651134,1.0503498,0.44008598,2,ACORN-E,Affluent,Std
MAC000678,8.5648,5.118259,0.17878044,0.9791733,0.21321738,8.433074,8.895474,1.0548317,0.59759235,2,ACORN-F,Comfortable,Std
MAC000679,9.283468,3.6356022,0.19404192,0.71355426,0.29733074,9.329233,9.168345,0.98275447,0.3916211,2,ACORN-E,Affluent,Std
MAC000680,4.7912683,1.6088685,0.09993755,0.60900146,0.21489203,4.8869567,4.550567,0.9311658,0.33579177,2,ACORN-L,Adversity,ToU
MAC000681,13.082853,5.5186157,0.27347317,0.85399264,0.35909986,13.013429,13.25749,1.0187546,0.4218205,1,ACORN-E,Affluent,ToU
MAC000682,15.149427,6.5203767,0.31724554,1.0455894,0.3345886,15.361814,14.615175,0.95139647,0.43040416,1,ACORN-H,Comfortable,Std
MAC000683,7.2956305,2.207418,0.15266562,0.792022,0.21378055,7.30068,7.2829275,0.99756837,0.30256712,2,ACORN-Q,Adversity,ToU
MAC000684,4.5994997,1.2731214,0.0963172,0.28209528,0.37642434,4.6396904,4.498402,0.9695479,0.27679563,2,ACORN-Q,Adversity,Std
MAC000685,5.4950175,2.4545834,0.1146789,1.356214,0.10474224,5.712801,4.9471908,0.86598337,0.44669256,2,ACORN-H,Comfortable,Std
MAC000686,14.351848,6.3333335,0.2997216,1.1098241,0.3095611,14.174975,14.796763,1.0438652,0.44129047,1,ACORN-E,Affluent,Std
MAC000687,9.081465,2.4460766,0.18962261,0.41136947,0.48390663,8.991159,9.308624,1.0353086,0.26934823,2,ACORN-K,Adversity,ToU
MAC000688,9.901049,4.491234,0.20781337,1.0080645,0.25335598,10.056535,9.509928,0.9456466,0.45361194,1,ACORN-H,Comfortable,ToU
MAC000689,13.944193,7.7585588,0.29138005,1.0966226,0.28869778,13.861605,14.153015,1.0210228,0.5564007,1,ACORN-C,Affluent,Std
MAC000690,8.082095,4.624917,0.17044093,0.7175601,0.29655436,7.9272375,8.471634,1.0686742,0.5722423,2,ACORN-Q,Adversity,Std
MAC000691,4.1793356,0.92484814,0.08755999,0.20655572,0.4522868,4.2005286,4.1260257,0.98226345,0.22129071,2,ACORN-G,Comfortable,Std
MAC000692,18.927336,10.862772,0.3962105,1.2612214,0.39943752,18.762833,19.34113,1.0308214,0.5739198,1,ACORN-D,Affluent,Std
MAC000693,34.559006,20.973572,0.7226632,1.7437254,0.38861108,34.900597,33.6953,0.9654649,0.60689163,0,ACORN-E,Affluent,Std
MAC000694,8.19279,1.747211,0.17130047,0.5007915,0.37809658,8.428691,7.596316,0.90124506,0.21326202,2,ACORN-L,Adversity,Std
MAC000695,1.9490533,0.9863563,0.040904555,0.21125443,0.25469157,1.9633127,1.9133679,0.9745609,0.5060694,2,ACORN-Q,Adversity,Std
MAC000696,7.238962,2.6630847,0.15151158,0.57055277,0.31981316,7.2624984,7.179758,0.98860717,0.36788213,2,ACORN-Q,Adversity,Std
MAC000697,32.271347,7.893445,0.6744553,2.1285045,0.32736942,31.868595,33.284454,1.044428,0.24459608,0,ACORN-E,Affluent,Std
MAC000698,6.79045,2.5758107,0.1419977,0.65997505,0.24619761,6.7119384,6.987943,1.0411215,0.37932843,2,ACORN-F,Comfortable,Std
MAC000699,6.7764044,2.4041157,0.14163704,0.53312904,0.30540973,6.780338,6.7665105,0.9979607,0.3547775,2,ACORN-G,Comfortable,Std
MAC000700,2.1692696,2.204289,0.045703754,0.32832664,0.21620479,2.2321968,2.0112119,0.90100116,1.0161434,2,ACORN-E,Affluent,Std
MAC000701,4.217839,2.2823532,0.08856791,0.31590322,0.49825123,4.3135266,3.9771392,0.92201567,0.5411191,2,ACORN-E,Affluent,Std
MAC000702,5.6972427,1.2943581,0.11894865,0.63459647,0.21249488,5.658598,5.793856,1.0239031,0.22719027,2,ACORN-Q,Adversity,Std
MAC000703,12.015693,3.3064957,0.25110072,0.63537884,0.4173663,12.084877,11.842021,0.9799041,0.27518144,1,ACORN-Q,Adversity,Std
MAC000704,2.8613162,0.7611307,0.059936598,0.3054941,0.2251188,2.6418831,3.4150157,1.2926445,0.26600718,2,ACORN-Q,Adversity,ToU
MAC000705,4.3388114,0.7951375,0.090988636,0.24341236,0.39628482,4.3440924,4.325513,0.99572307,0.1832616,2,ACORN-L,Adversity,Std
MAC000706,11.381453,5.854181,0.23878571,0.91546404,0.33041632,10.383398,13.886876,1.3374115,0.5143615,1,ACORN-E,Affluent,Std
MAC000707,10.219319,2.1158838,0.21452168,0.6017681,0.40365812,10.264788,10.103623,0.9842993,0.20704743,2,ACORN-N,Adversity,Std
MAC000708,7.7445903,1.7166708,0.16186251,0.56022316,0.34166762,7.639152,8.009273,1.0484505,0.22166063,2,ACORN-Q,Adversity,ToU
MAC000709,11.048042,3.897653,0.23080952,0.7542893,0.396003,10.951669,11.2899685,1.0308902,0.35279128,1,ACORN-E,Affluent,ToU
MAC000710,5.9350424,1.5985075,0.124067016,0.40801618,0.32496697,5.9886985,5.80035,0.9685494,0.2693338,2,ACORN-F,Comfortable,ToU
MAC000711,12.5368805,2.7962196,0.2695554,0.94190663,0.31677014,12.552011,12.498822,0.9957626,0.22303951,1,ACORN-Q,Adversity,Std
MAC000712,4.0018353,1.0369871,0.08350437,0.40970337,0.23133357,4.0434375,3.897402,0.96388334,0.25912786,2,ACORN-L,Adversity,Std
MAC000713,11.863756,5.412251,0.2479028,0.9763084,0.30307484,11.532074,12.696381,1.1009625,0.45620045,1,ACORN-A,Affluent,Std
MAC000714,3.8314803,1.1146585,0.079953305,0.49270925,0.21098736,3.914349,3.6234536,0.92568487,0.2909211,2,ACORN-Q,Adversity,Std
MAC000715,20.700447,7.964858,0.43355724,1.4174654,0.32650983,19.604525,23.451551,1.1962316,0.38476744,1,ACORN-D,Affluent,Std
MAC000716,7.307602,1.9757545,0.15253857,0.71274745,0.25890926,7.332501,7.2450976,0.98808,0.27036974,2,ACORN-E,Affluent,ToU
MAC000717,4.290082,1.3462414,0.08965923,0.38512042,0.2970119,3.9571316,5.1258917,1.2953553,0.31380317,2,ACORN-Q,Adversity,Std
MAC000718,16.233288,5.2382827,0.35132578,1.1300929,0.3656404,16.039692,16.715765,1.04215,0.32268772,1,ACORN-Q,Adversity,Std
MAC000719,3.5670986,0.62798566,0.07447821,0.36806756,0.2988772,3.6024928,3.4782472,0.9655112,0.17604943,2,ACORN-E,Affluent,ToU
MAC000720,14.937546,3.5616891,0.31213737,1.1804861,0.28047675,14.650528,15.658052,1.0687705,0.23843871,1,ACORN-K,Adversity,Std
MAC000721,10.795879,2.9522355,0.22600771,0.8097812,0.3118309,10.278244,12.0953045,1.176787,0.27345946,1,ACORN-F,Comfortable,Std
MAC000722,4.75826,1.061726,0.09946297,0.60537297,0.19185182,4.5922484,5.175,1.126899,0.22313325,2,ACORN-E,Affluent,ToU
MAC000723,6.273376,4.5935516,0.13229065,0.907909,0.19468223,5.9080167,7.1905413,1.2170821,0.7322296,2,ACORN-H,Comfortable,Std
MAC000724,11.392236,6.2731075,0.23799053,0.84297794,0.29243195,11.189378,11.901474,1.0636404,0.5506476,1,ACORN-L,Adversity,Std
MAC000725,8.973807,2.7198272,0.18785721,0.77898973,0.2770255,8.547514,10.043939,1.1750714,0.3030851,2,ACORN-F,Comfortable,ToU
MAC000726,10.2684,2.286765,0.21445964,0.91171664,0.29272527,10.41078,9.910984,0.95199245,0.22269925,2,ACORN-I,Comfortable,Std
MAC000727,7.1978426,1.609485,0.1506673,0.5182805,0.31205547,7.110068,7.4181857,1.0433354,0.22360659,2,ACORN-D,Affluent,Std
MAC000728,13.920699,3.905197,0.2911032,0.9998678,0.30042627,13.813986,14.188582,1.0271173,0.28053167,1,ACORN-F,Comfortable,ToU
MAC000729,10.74693,3.4663172,0.22428638,0.38522375,0.6088174,10.869825,10.440109,0.96046704,0.32254022,2,ACORN-E,Affluent,Std
MAC000730,16.81077,3.965725,0.3527432,2.344571,0.16238311,16.370129,17.916912,1.0944881,0.23590383,1,ACORN-E,Affluent,Std
MAC000731,4.203317,1.2174741,0.08769053,0.3670235,0.26224935,3.8619118,5.0603504,1.3103226,0.28964603,2,ACORN-L,Adversity,Std
MAC000732,4.354659,1.6426367,0.09115175,0.38664314,0.31588486,4.259696,4.5930467,1.078257,0.3772136,2,ACORN-E,Affluent,Std
MAC000733,6.0245423,2.3644736,0.12576571,0.68823314,0.21211158,5.8557625,6.444458,1.1005327,0.39247355,2,ACORN-E,Affluent,Std
MAC000734,8.37795,2.5886266,0.17567651,0.4512144,0.4416453,8.480126,8.121453,0.95770425,0.3089809,2,ACORN-K,Adversity,Std
MAC000735,7.4123964,1.619486,0.15508746,0.56574315,0.3161763,7.2452097,7.833577,1.0812078,0.21848345,2,ACORN-Q,Adversity,Std
MAC000736,12.339414,4.16947,0.25778848,1.192047,0.2265637,12.078271,12.994964,1.075896,0.33789855,1,ACORN-H,Comfortable,Std
MAC000737,16.411396,7.461049,0.3432321,1.0793347,0.31453714,16.238565,16.845253,1.0373609,0.4546261,1,ACORN-D,Affluent,Std
MAC000738,7.151505,1.9389896,0.14926234,0.44383368,0.41040924,7.175169,7.0921803,0.9884339,0.2711303,2,ACORN-E,Affluent,ToU
MAC000739,3.8253818,1.0257126,0.07996304,0.39001173,0.25051984,3.7672524,3.971304,1.0541645,0.2681334,2,ACORN-L,Adversity,ToU
MAC000740,7.8678384,1.9394962,0.1642014,0.7480279,0.24709237,7.5967326,8.548397,1.1252729,0.2465094,2,ACORN-Q,Adversity,Std
MAC000741,8.233,4.5644493,0.17333671,0.7117055,0.27000552,8.377145,7.8710003,0.9395803,0.554409,2,ACORN-D,Affluent,Std
MAC000742,9.000125,2.0213625,0.18826532,0.5799221,0.34336326,8.72079,9.704974,1.112855,0.22459272,2,ACORN-E,Affluent,Std
MAC000743,13.521667,3.1809113,0.28252178,1.3787279,0.23100151,13.336288,13.986067,1.0487226,0.23524551,1,ACORN-Q,Adversity,Std
MAC000744,6.568517,2.2350628,0.13727987,0.9371601,0.1811179,6.541113,6.6373096,1.0147065,0.340269,2,ACORN-C,Affluent,Std
MAC000745,1.5457077,1.0993762,0.03233603,0.35495594,0.30369562,1.5359548,1.5701908,1.0222896,0.7112446,2,ACORN-E,Affluent,Std
MAC000746,7.2258706,3.3791368,0.15195289,0.56796914,0.33403647,7.096273,7.551201,1.064108,0.46764424,2,ACORN-Q,Adversity,Std
MAC000747,8.692096,1.3611008,0.18179911,0.4332555,0.44335485,8.656538,8.781356,1.014419,0.15659064,2,ACORN-E,Affluent,Std
MAC000748,5.740459,2.2146904,0.12016214,0.537925,0.2819179,5.884819,5.378814,0.91401523,0.38580373,2,ACORN-Q,Adversity,Std
MAC000749,15.67638,5.500342,0.32692358,1.5198544,0.22080235,15.60336,15.859304,1.0164032,0.3508681,1,ACORN-E,Affluent,Std
MAC000750,11.432753,2.4917512,0.2387984,1.1381441,0.22510192,11.171893,12.086247,1.0818442,0.2179485,1,ACORN-L,Adversity,Std
MAC000751,2.5657392,0.65576994,0.05360792,0.30410898,0.25238425,2.5026295,2.724658,1.088718,0.25558713,2,ACORN-K,Adversity,ToU
MAC000752,2.4642015,0.7559074,0.05149115,0.3225912,0.18920512,2.4470289,2.5072217,1.0245984,0.3067555,2,ACORN-Q,Adversity,Std
MAC000753,8.550277,3.3884294,0.17903854,0.67759943,0.30861047,8.741901,8.06774,0.92288166,0.3962947,2,ACORN-E,Affluent,Std
MAC000754,9.717149,2.6269042,0.20293769,1.1738192,0.25650302,9.700352,9.759227,1.0060694,0.27033693,1,ACORN-G,Comfortable,ToU
MAC000755,17.170034,7.1433363,0.35811418,1.2412412,0.33534107,18.510292,13.81248,0.7462054,0.41603506,1,ACORN-E,Affluent,ToU
MAC000756,8.560329,3.5090172,0.17878816,0.37677062,0.47639135,8.50414,8.701093,1.0231596,0.40991613,2,ACORN-E,Affluent,Std
MAC000757,4.1444325,2.2067122,0.08666071,0.29544118,0.47120106,4.0004425,4.50515,1.1261629,0.5324522,2,ACORN-O,Adversity,Std
MAC000758,4.1454663,2.00292,0.0866849,0.4205878,0.29172993,4.4953065,3.2687318,0.7271433,0.48315912,2,ACORN-Q,Adversity,Std
MAC000759,3.9953153,1.2971268,0.08352688,0.47026217,0.19975843,4.0004783,3.982407,0.99548274,0.32466194,2,ACORN-Q,Adversity,ToU
MAC000760,3.3596196,0.8885893,0.07034649,0.37795496,0.22961883,3.3219957,3.4536793,1.03964,0.26449105,2,ACORN-Q,Adversity,Std
MAC000761,7.635032,1.7864578,0.15947361,0.63208526,0.27774635,7.557842,7.828407,1.0357993,0.2339817,2,ACORN-K,Adversity,Std
MAC000762,3.5973544,1.9448705,0.07550886,0.47416764,0.24901006,3.5393353,3.742701,1.0574588,0.5406391,2,ACORN-E,Affluent,Std
MAC000763,6.9173756,1.4103462,0.14446068,0.5427114,0.31137535,6.89027,6.985139,1.0137686,0.20388457,2,ACORN-L,Adversity,Std
MAC000764,4.7646036,1.6464902,0.09965088,0.27090576,0.414986,4.7774057,4.732368,0.99057275,0.34556708,2,ACORN-E,Affluent,Std
MAC000765,9.581834,4.250345,0.19993582,0.81819004,0.25913885,9.543575,9.67748,1.0140308,0.4435837,2,ACORN-E,Affluent,Std
MAC000766,7.038746,1.7280092,0.14705475,0.70124704,0.24228366,6.7770395,7.694361,1.1353573,0.2454996,2,ACORN-E,Affluent,ToU
MAC000767,4.736028,4.1699786,0.09882526,0.4046397,0.35128564,4.8571725,4.4325414,0.9125765,0.8804801,2,ACORN-E,Affluent,Std
MAC000768,11.5641165,4.754158,0.24133615,0.87242943,0.2956547,11.0384445,12.881005,1.1669221,0.41111293,1,ACORN-A,Affluent,Std
MAC000769,2.5782459,1.1359658,0.053842437,0.46584535,0.1406009,2.457794,2.8793762,1.1715287,0.4405964,2,ACORN-F,Comfortable,Std
MAC000770,5.850454,2.5858848,0.123831265,0.56750184,0.24973899,6.0843735,5.2716537,0.86642504,0.4419973,2,ACORN-E,Affluent,Std
MAC000771,5.9947762,1.5129669,0.12524697,0.4779382,0.31093264,5.90299,6.224716,1.0545022,0.25238088,2,ACORN-Q,Adversity,Std
MAC000772,5.8495293,3.4998538,0.122183554,0.5160515,0.3362391,5.896558,5.7317166,0.9720445,0.59831375,2,ACORN-E,Affluent,ToU
MAC000773,6.1421576,2.0665665,0.12833041,0.5871676,0.2503135,5.8956647,6.75966,1.1465476,0.33645612,2,ACORN-H,Comfortable,Std
MAC000774,7.8737154,2.714861,0.1643499,1.2863791,0.19499063,7.7224956,8.250407,1.0683602,0.3448005,2,ACORN-E,Affluent,Std
MAC000775,11.745674,3.9622285,0.24588972,0.8670383,0.30593795,12.007631,11.086031,0.92324877,0.33733514,1,ACORN-E,Affluent,ToU
MAC000776,4.354727,0.68565434,0.09109589,0.29154265,0.33630267,4.306167,4.476376,1.0395268,0.1574506,2,ACORN-D,Affluent,Std
MAC000777,4.4474235,3.2947865,0.09301597,0.48228234,0.22897564,4.9788995,3.1159947,0.62584007,0.74083036,2,ACORN-E,Affluent,Std
MAC000778,19.494974,12.853252,0.40650532,1.543731,0.28257245,19.224857,20.171665,1.0492492,0.65931106,1,ACORN-A,Affluent,Std
MAC000779,3.6040883,2.5479493,0.07518104,0.5456294,0.33931124,2.8117263,5.5890775,1.9877744,0.70696086,2,ACORN-L,Adversity,Std
MAC000780,24.010107,8.765499,0.5014244,1.4932754,0.3586744,23.6482,24.921446,1.0538411,0.36507538,1,ACORN-E,Affluent,Std
MAC000781,6.3269353,1.6578382,0.13199255,0.83375,0.19357961,6.6487675,5.520696,0.83033377,0.26202863,2,ACORN-Q,Adversity,Std
MAC000782,6.386605,4.5419903,0.13385294,0.519775,0.3438821,6.4064116,6.3369846,0.98916286,0.7111745,2,ACORN-E,Affluent,Std
MAC000783,5.9589295,2.3326051,0.12488226,0.6386147,0.25592268,5.7465124,6.491067,1.1295663,0.391447,2,ACORN-F,Comfortable,Std
MAC000784,16.079767,5.358804,0.33655465,1.2286808,0.2983342,15.681188,17.078268,1.0890927,0.33326378,1,ACORN-H,Comfortable,Std
MAC000785,15.985017,4.60196,0.33405474,0.94554406,0.38487127,15.551311,17.07152,1.0977544,0.2878921,1,ACORN-E,Affluent,ToU
MAC000786,7.172662,1.2605011,0.14997579,0.43886176,0.3685488,6.885115,7.8930106,1.1463876,0.17573687,2,ACORN-O,Adversity,Std
MAC000787,12.690312,4.773109,0.26521087,0.7941236,0.3580913,12.445726,13.303037,1.0688839,0.37612227,1,ACORN-F,Comfortable,Std
MAC000788,7.101508,5.2772384,0.14824955,0.45009542,0.40805957,6.912941,7.5717177,1.0952961,0.7431152,2,ACORN-F,Comfortable,Std
MAC000789,6.3107853,3.132092,0.13177417,0.6862794,0.29726452,6.351778,6.2080927,0.9773787,0.49630782,2,ACORN-F,Comfortable,ToU
MAC000790,2.599569,2.2288158,0.05445551,0.17983088,0.39888787,2.6296008,2.5243351,0.959969,0.85737896,2,ACORN-L,Adversity,Std
MAC000791,13.042204,4.7308383,0.2724588,1.2664732,0.26354817,12.92729,13.32949,1.0311124,0.36273304,1,ACORN-E,Affluent,ToU
MAC000792,9.989337,2.5316675,0.20860864,0.46864358,0.47205943,9.387656,11.493542,1.224325,0.25343698,2,ACORN-L,Adversity,Std
MAC000793,4.7252855,1.726196,0.09928909,0.5518689,0.23749982,4.8319235,4.4586906,0.9227569,0.36531043,2,ACORN-J,Comfortable,Std
MAC000794,10.851768,1.9751786,0.22731225,0.6218343,0.4022891,10.59736,11.488445,1.0840856,0.18201447,2,ACORN-F,Comfortable,Std
MAC000795,10.599581,3.926505,0.22198518,0.9058044,0.28092054,10.28062,11.401969,1.1090741,0.37043965,1,ACORN-F,Comfortable,Std
MAC000796,1.835677,1.1470206,0.038430892,0.29401925,0.13625531,1.7777164,1.9814844,1.1146234,0.6248488,2,ACORN-Q,Adversity,Std
MAC000797,11.357298,3.8322492,0.23719342,0.9284424,0.2804186,11.787224,10.282484,0.87234145,0.33742613,1,ACORN-A,Affluent,ToU
MAC000798,4.3727984,1.59829,0.091300026,0.4346504,0.25008503,4.400004,4.3043594,0.97826266,0.36550733,2,ACORN-C,Affluent,Std
MAC000799,9.754711,3.051755,0.20346555,0.997,0.24881886,9.593367,10.160594,1.0591271,0.31284934,2,ACORN-F,Comfortable,Std
MAC000800,8.248072,2.513859,0.17216711,1.4502311,0.1921848,8.094399,8.634651,1.0667439,0.30478144,2,ACORN-H,Comfortable,Std
MAC000801,13.486936,3.2960825,0.2818458,1.3068726,0.22934681,12.683615,15.507792,1.2226635,0.24439077,1,ACORN-L,Adversity,ToU
MAC000802,14.272905,3.213417,0.29812557,0.91162515,0.36811313,13.891197,15.23314,1.0966039,0.22514106,1,ACORN-K,Adversity,Std
MAC000803,10.108337,4.3750505,0.2120638,0.85616446,0.27541608,10.45165,9.244693,0.88452,0.43281603,2,ACORN-D,Affluent,ToU
MAC000804,6.0176916,3.0045164,0.12573239,0.55178934,0.27312437,5.550203,7.1998744,1.2972273,0.49928054,2,ACORN-E,Affluent,Std
MAC000805,4.430307,2.5987203,0.092624135,0.42778075,0.31625608,4.2553663,4.8703904,1.1445291,0.58657795,2,ACORN-J,Comfortable,ToU
MAC000806,17.66475,9.018569,0.36957827,1.4386015,0.29354966,17.012918,19.304516,1.1346974,0.5105404,1,ACORN-K,Adversity,Std
MAC000807,8.778938,2.6689742,0.18324243,0.7796237,0.26952013,8.304463,9.972537,1.2008647,0.30402017,2,ACORN-J,Comfortable,Std
MAC000808,15.853828,9.604772,0.3322926,1.2419555,0.3038061,16.268436,14.810828,0.91040266,0.60583293,1,ACORN-D,Affluent,Std
MAC000809,3.336034,0.89727676,0.06970558,0.3199748,0.25403532,3.3320205,3.3461301,1.0042346,0.2689651,2,ACORN-H,Comfortable,Std
MAC000810,5.2703023,2.1230087,0.11012148,0.44689187,0.31399956,5.12153,5.6445575,1.1021233,0.40282485,2,ACORN-Q,Adversity,ToU
MAC000811,17.777372,7.438083,0.37105653,1.2321348,0.2989932,17.240593,19.127714,1.109458,0.41840172,1,ACORN-K,Adversity,Std
MAC000812,6.217253,1.6343633,0.13015953,0.5265111,0.30392972,6.1711326,6.3332763,1.0262746,0.26287547,2,ACORN-E,Affluent,Std
MAC000813,3.2173095,2.5041006,0.06713001,0.20742701,0.35093042,3.1746738,3.3240612,1.047056,0.7783213,2,ACORN-F,Comfortable,Std
MAC000814,6.672975,1.3425392,0.13959277,0.41674146,0.45346975,6.79639,6.361529,0.93601584,0.2011905,2,ACORN-D,Affluent,ToU
MAC000815,8.241297,2.6342535,0.17285833,0.64729077,0.30630597,8.274769,8.156654,0.98572594,0.31964067,2,ACORN-D,Affluent,Std
MAC000816,5.631646,1.0374172,0.117656864,0.43254316,0.31989416,5.5237527,5.903356,1.068722,0.18421206,2,ACORN-A,Affluent,Std
MAC000817,14.116844,9.8652,0.29468864,0.850437,0.33083722,14.180215,13.957427,0.9842888,0.69882476,1,ACORN-E,Affluent,ToU
MAC000818,4.406465,2.0353305,0.0922292,0.3634101,0.29013425,4.2657547,4.75863,1.1155423,0.46189645,2,ACORN-N,Adversity,Std
MAC000819,3.8190238,1.7350739,0.0798207,0.5781674,0.29957622,4.3256354,2.544578,0.58825535,0.45432392,2,ACORN-E,Affluent,ToU
MAC000820,7.378702,3.039593,0.15459508,0.7223778,0.2520608,7.266963,7.659797,1.0540576,0.4119414,2,ACORN-Q,Adversity,Std
MAC000821,6.4054646,1.8568468,0.13384365,0.5161513,0.30135584,6.7115893,5.6369634,0.839885,0.2898848,2,ACORN-F,Comfortable,ToU
MAC000822,6.6807733,1.869978,0.13961135,0.5429748,0.32659897,6.18259,7.9340158,1.2832835,0.27990443,2,ACORN-E,Affluent,ToU
MAC000823,15.274897,1.9917616,0.31947872,0.9904688,0.3561335,15.035086,15.876922,1.0559914,0.13039444,1,ACORN-E,Affluent,Std
MAC000824,9.595063,2.6192093,0.20029414,1.3101007,0.16543394,9.48794,9.864547,1.0396932,0.27297467,1,ACORN-I,Comfortable,Std
MAC000825,14.1911955,4.503949,0.29620513,1.3255955,0.24079436,13.316985,16.390379,1.2307875,0.31737632,1,ACORN-E,Affluent,Std
MAC000826,9.728583,4.008806,0.20316155,0.95978516,0.25491378,10.110903,8.766812,0.86706525,0.41206476,2,ACORN-F,Comfortable,Std
MAC000827,13.341411,3.3324103,0.2783696,1.68604,0.18195088,12.601139,15.203656,1.2065303,0.24977946,1,ACORN-K,Adversity,Std
MAC000828,24.126537,16.44862,0.5032997,2.1274815,0.2333416,23.096699,26.717224,1.1567551,0.6817646,0,ACORN-E,Affluent,ToU
MAC000829,1.6659912,0.7733769,0.03476793,0.23156232,0.19938011,1.7204472,1.5282828,0.88830554,0.46421427,2,ACORN-L,Adversity,Std
MAC000830,19.712526,6.9390182,0.4114169,1.3529096,0.3234814,18.492971,22.774115,1.2315011,0.3520106,1,ACORN-D,Affluent,ToU
MAC000831,10.324769,3.3255727,0.21585348,0.9860475,0.2414022,10.209126,10.615078,1.0397636,0.3220966,1,ACORN-E,Affluent,Std
MAC000832,11.909377,2.4688644,0.24865259,0.64983976,0.41673672,11.428195,13.117344,1.1478055,0.20730424,1,ACORN-K,Adversity,Std
MAC000833,12.410413,7.5539846,0.2589675,1.3468173,0.22672875,11.908164,13.677869,1.1486127,0.6086812,1,ACORN-I,Comfortable,Std
MAC000834,17.746317,15.518616,0.37205154,0.9810505,0.40348697,17.000013,19.619848,1.1541078,0.87446964,1,ACORN-F,Comfortable,ToU
MAC000835,14.6909075,6.4085073,0.30669916,0.9888264,0.3477233,15.609659,12.384458,0.79338425,0.4362227,1,ACORN-G,Comfortable,Std
MAC000836,9.782638,2.6231425,0.20419031,1.3589258,0.17178665,9.668695,10.068683,1.0413693,0.26814267,1,ACORN-Q,Adversity,Std
MAC000837,4.973874,1.9187822,0.10391935,0.36352375,0.32329714,5.011699,4.8789167,0.9735055,0.38577217,2,ACORN-E,Affluent,Std
MAC000838,6.363125,1.5753634,0.13363986,0.49636796,0.3119775,6.276971,6.5794063,1.0481818,0.24757701,2,ACORN-Q,Adversity,Std
MAC000839,10.175959,3.000683,0.2124819,1.4465653,0.16071019,9.826096,11.05426,1.1249901,0.29487965,1,ACORN-Q,Adversity,Std
MAC000840,13.399455,6.4707637,0.27983457,1.0930905,0.29065537,14.102735,11.633927,0.8249412,0.48291245,1,ACORN-E,Affluent,Std
MAC000841,7.434672,2.7428389,0.15555893,0.5619703,0.41600537,7.476164,7.329963,0.98044443,0.36892533,2,ACORN-F,Comfortable,ToU
MAC000842,5.7363844,3.859831,0.11969419,0.5587285,0.21762237,5.671419,5.8994737,1.0402112,0.67286825,2,ACORN-K,Adversity,Std
MAC000843,4.2423234,0.97554445,0.08848074,0.39317062,0.26252457,4.0936246,4.6156197,1.1275141,0.22995523,2,ACORN-Q,Adversity,Std
MAC000844,13.307509,6.1766872,0.27802643,1.1177845,0.27443534,13.072935,13.899471,1.063225,0.46415052,1,ACORN-H,Comfortable,Std
MAC000845,5.209944,0.91546875,0.108819604,0.5932626,0.22421695,5.0750313,5.54863,1.0933194,0.17571567,2,ACORN-F,Comfortable,ToU
MAC000846,5.061191,2.5862103,0.10575215,0.62009794,0.22268061,4.6375046,6.1248226,1.3207152,0.5109885,2,ACORN-J,Comfortable,Std
MAC000847,6.1586037,1.0478418,0.12887354,0.42234623,0.35412547,6.1957593,6.064838,0.9788692,0.17014275,2,ACORN-Q,Adversity,ToU
MAC000848,15.744191,12.303612,0.32935202,1.4575223,0.23933873,15.390091,16.633131,1.0807688,0.78146994,1,ACORN-E,Affluent,Std
MAC000849,6.6854825,2.1970615,0.13961272,0.8341514,0.20932381,6.2491245,7.780922,1.245122,0.3286317,2,ACORN-E,Affluent,Std
MAC000850,15.671355,3.8343678,0.32758456,1.2516305,0.2811807,15.336201,16.51273,1.0767158,0.24467365,1,ACORN-A,Affluent,Std
MAC000851,11.746148,6.36733,0.24516623,1.2294955,0.20785248,11.36135,12.712151,1.1188943,0.54207814,1,ACORN-E,Affluent,ToU
MAC000852,3.655356,1.1136116,0.07643084,0.3521721,0.2757932,3.652855,3.6616354,1.0024037,0.30465204,2,ACORN-K,Adversity,Std
MAC000853,4.4233694,1.4047252,0.09246013,0.321365,0.38212088,4.311635,4.70387,1.0909712,0.31756905,2,ACORN-Q,Adversity,Std
MAC000854,7.037239,2.524462,0.14704168,0.5947967,0.2912635,7.2270436,6.5607495,0.90780544,0.35872903,2,ACORN-I,Comfortable,Std
MAC000855,29.53741,9.510849,0.6165496,1.558503,0.41394234,29.034258,30.800531,1.0608342,0.32199332,0,ACORN-E,Affluent,Std
MAC000856,12.053006,3.9725833,0.25207385,1.0979168,0.24135698,11.916973,12.3945055,1.0400716,0.32959273,1,ACORN-F,Comfortable,Std
MAC000857,3.0898235,1.1277668,0.06477852,0.2876914,0.30086535,3.1318982,2.9841979,0.95284003,0.36499393,2,ACORN-D,Affluent,ToU
MAC000858,17.075895,4.002682,0.3564354,1.5678947,0.23472756,16.79124,17.790495,1.0595105,0.23440541,1,ACORN-K,Adversity,Std
MAC000859,4.6587105,1.1137642,0.09730209,0.33422256,0.30679685,4.6130667,4.773297,1.034734,0.23907134,2,ACORN-F,Comfortable,ToU
MAC000860,8.726584,1.6217865,0.18318132,0.6036202,0.34229764,8.705206,8.780255,1.0086212,0.18584436,2,ACORN-N,Adversity,Std
MAC000861,9.2539015,4.626468,0.19335963,0.69537836,0.35890287,9.47022,8.710855,0.9198155,0.49994785,2,ACORN-E,Affluent,Std
MAC000862,11.445082,3.8915808,0.23895095,0.91434175,0.2875218,10.899685,12.8214245,1.1763115,0.34002212,1,ACORN-H,Comfortable,Std
MAC000863,24.637735,10.902104,0.5141577,1.607866,0.3225943,25.31373,22.937809,0.906141,0.4424962,0,ACORN-D,Affluent,Std
MAC000864,7.9433312,1.3369426,0.16647762,0.43416342,0.4110383,8.015291,7.763057,0.9685309,0.16831006,2,ACORN-E,Affluent,Std
MAC000865,7.9989433,2.5580854,0.16756092,0.79222757,0.2592158,7.985391,8.0330305,1.0059658,0.3198029,2,ACORN-L,Adversity,Std
MAC000866,15.109657,3.5341692,0.3167256,1.1260386,0.29109216,14.827357,15.818349,1.0668354,0.23390135,1,ACORN-D,Affluent,Std
MAC000867,12.951024,2.5695264,0.27078763,0.7738709,0.3725083,12.211112,14.80851,1.2127078,0.19840334,1,ACORN-K,Adversity,Std
MAC000868,6.150064,2.5322466,0.12876824,0.66745615,0.22352931,6.3745594,5.587656,0.8765556,0.41174313,2,ACORN-E,Affluent,ToU
MAC000869,5.0534244,1.136303,0.10560183,0.39189765,0.33084267,4.8743258,5.5030365,1.1289841,0.22485802,2,ACORN-P,Adversity,Std
MAC000870,3.8744051,0.9658715,0.081074856,0.28421956,0.39414734,3.818193,4.0155206,1.0516809,0.24929543,2,ACORN-Q,Adversity,Std
MAC000871,2.991589,0.96107566,0.06252295,0.4231113,0.1640425,2.8810995,3.2689636,1.1346236,0.32125926,2,ACORN-D,Affluent,Std
MAC000872,12.1065855,2.6586843,0.25300163,0.4609184,0.58277386,12.103151,12.115209,1.0009962,0.21960644,2,ACORN-K,Adversity,Std
MAC000873,3.9963722,0.86958754,0.083727315,0.4027834,0.2909156,4.0151887,3.9491355,0.9835492,0.21759424,2,ACORN-P,Adversity,Std
MAC000874,3.7952614,1.8294045,0.079176195,0.34200296,0.2707996,3.845556,3.669,0.9540883,0.48202333,2,ACORN-F,Comfortable,Std
MAC000875,9.546289,2.2217731,0.19965386,0.6088232,0.36190546,9.536337,9.571408,1.0036776,0.23273683,2,ACORN-E,Affluent,Std
MAC000876,11.631901,4.072288,0.24349359,0.8998024,0.29532585,11.282702,12.506714,1.1084857,0.35009652,1,ACORN-J,Comfortable,Std
MAC000877,6.267109,2.4408023,0.13103902,0.4185052,0.36004713,5.9797754,6.986937,1.168428,0.38946226,2,ACORN-E,Affluent,ToU
MAC000878,10.159818,2.9850266,0.21294649,0.89432096,0.29917502,9.709868,11.287032,1.162429,0.2938071,2,ACORN-E,Affluent,ToU
MAC000879,10.601265,4.965336,0.22124842,0.87340784,0.31113526,10.22926,11.531276,1.1272835,0.46837202,1,ACORN-Q,Adversity,ToU
MAC000880,5.451575,0.82229805,0.11376582,0.37775782,0.3474006,5.45953,5.431646,0.9948926,0.1508368,2,ACORN-F,Comfortable,Std
MAC000881,11.301033,2.688551,0.23612134,0.5751705,0.44292,11.089527,11.825566,1.0663725,0.23790312,2,ACORN-K,Adversity,Std
MAC000882,9.024319,3.2762394,0.18886487,0.7083254,0.2955011,8.62183,10.032636,1.1636318,0.36304563,2,ACORN-H,Comfortable,Std
MAC000883,19.475948,5.4230785,0.4076589,1.4361011,0.30081034,18.903654,20.88007,1.104552,0.27845004,1,ACORN-D,Affluent,Std
MAC000884,16.95875,3.9732852,0.3543388,1.0260044,0.366676,16.291,18.6316,1.1436744,0.23429117,1,ACORN-D,Affluent,ToU
MAC000885,16.635263,5.9231033,0.346933,1.7960135,0.20618957,16.559443,16.825209,1.0160493,0.35605708,1,ACORN-J,Comfortable,Std
MAC000886,18.884226,5.9814663,0.39564458,1.4279852,0.29008275,19.070793,18.416834,0.96570885,0.31674406,1,ACORN-A,Affluent,Std
MAC000887,4.43263,1.0803537,0.09265132,0.26658544,0.37631184,4.3953037,4.5261407,1.0297674,0.24372748,2,ACORN-F,Comfortable,ToU
MAC000888,16.400229,5.6477675,0.3426174,1.2465239,0.31079382,16.086676,17.18411,1.0682201,0.34437126,1,ACORN-D,Affluent,Std
MAC000889,15.542068,13.33133,0.32398382,1.0470343,0.3033863,15.444212,15.788503,1.0222925,0.85775787,1,ACORN-Q,Adversity,Std
MAC000890,7.434377,2.4094627,0.15522757,1.0315275,0.16627789,7.222632,7.9648438,1.102762,0.32409745,2,ACORN-Q,Adversity,Std
MAC000891,6.2838826,2.0875502,0.13114876,0.6086205,0.2613324,6.1586776,6.5991883,1.0715269,0.33220705,2,ACORN-Q,Adversity,Std
MAC000892,22.538939,10.7255535,0.4718943,1.4027772,0.35742712,23.032013,21.303682,0.92495966,0.47586772,1,ACORN-E,Affluent,Std
MAC000893,9.319598,3.152111,0.19441624,0.9690164,0.22936116,9.724655,8.304849,0.8539993,0.33822393,2,ACORN-L,Adversity,Std
MAC000894,12.985577,5.983153,0.2712234,1.5684881,0.19495644,11.599988,16.474943,1.4202552,0.46075374,1,ACORN-Q,Adversity,Std
MAC000895,0.96468204,0.7463358,0.020237718,0.20161368,0.12385982,0.9359023,1.0367812,1.1077878,0.7736599,2,ACORN-E,Affluent,ToU
MAC000896,10.711203,2.6973035,0.22353736,0.98150516,0.25461662,10.543009,11.132562,1.0559188,0.2518208,1,ACORN-E,Affluent,Std
MAC000897,5.080358,1.7096075,0.106204644,0.40984544,0.31618547,4.7663226,5.867083,1.2309455,0.3365132,2,ACORN-B,Affluent,Std
MAC000898,5.9609046,0.93501127,0.124378115,0.14804506,0.84582466,5.9564114,5.9720488,1.0026253,0.15685728,2,ACORN-K,Adversity,ToU
MAC000899,18.530079,3.2336202,0.38684282,1.222468,0.3233378,18.441177,18.752798,1.016898,0.17450655,1,ACORN-H,Comfortable,Std
MAC000900,9.954572,1.9884726,0.20763001,1.0148381,0.21597603,9.792086,10.361635,1.0581642,0.19975471,2,ACORN-G,Comfortable,Std
MAC000901,10.94255,3.1941648,0.22885992,0.78629124,0.31297573,10.940856,10.946792,1.0005425,0.29190314,2,ACORN-F,Comfortable,ToU
MAC000902,20.006401,8.704532,0.41926524,1.3404695,0.33349288,17.881945,25.328604,1.4164345,0.43508732,1,ACORN-A,Affluent,Std
MAC000903,4.393147,1.2538971,0.09174769,0.31962407,0.38542208,4.3388376,4.529203,1.0438747,0.28542116,2,ACORN-E,Affluent,Std
MAC000904,16.71692,5.930692,0.34891745,1.0913403,0.3512827,16.16155,18.108234,1.1204516,0.3547718,1,ACORN-F,Comfortable,Std
MAC000905,8.153684,2.044573,0.17035474,0.46875185,0.5347973,8.625421,6.9718857,0.80829513,0.25075454,2,ACORN-E,Affluent,Std
MAC000906,12.624436,4.9494467,0.26411483,1.0869211,0.25790757,10.422079,18.130327,1.7396076,0.3920529,1,ACORN-Q,Adversity,Std
MAC000907,10.558432,4.484417,0.22043264,1.0137917,0.24864104,9.483743,13.264848,1.3986933,0.42472377,1,ACORN-H,Comfortable,Std
MAC000908,17.117762,7.011269,0.35779452,0.94685286,0.38969576,17.08248,17.206146,1.0072393,0.4095903,1,ACORN-H,Comfortable,Std
MAC000909,6.505334,1.4304419,0.13584682,0.6379138,0.24789734,6.5487404,6.3965936,0.976767,0.21988754,2,ACORN-I,Comfortable,Std
MAC000910,5.3471084,2.031714,0.11172914,0.60622287,0.21778613,5.3701415,5.2894063,0.9849659,0.37996498,2,ACORN-E,Affluent,ToU
MAC000911,9.450217,2.9878724,0.19774315,0.800558,0.28714493,9.202449,10.074178,1.0947279,0.3161697,2,ACORN-M,Adversity,Std
MAC000912,4.518618,4.249443,0.09449238,0.3435625,0.25636077,4.6201515,4.2665763,0.9234711,0.9404298,2,ACORN-K,Adversity,Std
MAC000913,6.1389446,2.2340648,0.12822697,0.5405973,0.2739111,5.934198,6.6518803,1.1209401,0.36391675,2,ACORN-N,Adversity,ToU
MAC000914,7.3936715,1.1888139,0.15458377,0.57862854,0.31389418,7.421686,7.3234897,0.98676896,0.16078803,2,ACORN-H,Comfortable,Std
MAC000915,4.8398914,1.8114197,0.101497315,0.4145052,0.30854675,4.9198813,4.6395,0.94301057,0.37426868,2,ACORN-Q,Adversity,Std
MAC000916,31.907324,17.940783,0.6669689,1.7212199,0.39347538,31.810112,32.15086,1.0107119,0.5622779,0,ACORN-E,Affluent,Std
MAC000917,11.413633,3.2406254,0.23944388,0.64775634,0.41005573,10.746068,13.086021,1.2177497,0.28392583,1,ACORN-F,Comfortable,Std
MAC000918,5.05507,1.9904464,0.10560299,0.30301335,0.37435654,5.0839815,4.9826407,0.98006666,0.39375252,2,ACORN-E,Affluent,Std
MAC000919,2.7594495,1.3385286,0.0577604,0.24615179,0.37814146,2.7795374,2.7092292,0.97470504,0.48507088,2,ACORN-P,Adversity,Std
MAC000920,2.9447026,1.0227517,0.06162976,0.22654504,0.2806938,2.9097981,3.0321476,1.0420474,0.3473192,2,ACORN-F,Comfortable,Std
MAC000921,9.087984,3.662325,0.18978348,0.8231848,0.32266188,8.886526,9.590578,1.0792269,0.4029854,2,ACORN-Q,Adversity,Std
MAC000922,6.8998756,2.3396409,0.14415522,0.80222285,0.21112272,6.226528,8.58675,1.3790591,0.3390845,2,ACORN-F,Comfortable,Std
MAC000923,6.339046,2.0273614,0.13667735,0.7414948,0.22315319,6.3610187,6.2842293,0.98792815,0.3198212,2,ACORN-M,Adversity,Std
MAC000924,5.0784917,1.3899112,0.1062335,0.3836716,0.31777835,4.843347,5.667578,1.170178,0.2736858,2,ACORN-K,Adversity,ToU
MAC000925,14.296335,3.932627,0.29928112,1.0440303,0.3268981,14.491404,13.805467,0.9526659,0.27507937,1,ACORN-K,Adversity,Std
MAC000926,4.6918178,0.97540975,0.09794438,0.33819583,0.30811977,4.565954,5.009126,1.0970601,0.20789592,2,ACORN-Q,Adversity,Std
MAC000927,13.906033,3.722011,0.2913675,0.8428491,0.37359625,13.857347,14.028774,1.012371,0.26765442,1,ACORN-H,Comfortable,Std
MAC000928,7.678703,2.9424872,0.16036242,1.2148101,0.15192087,6.8498354,9.768321,1.4260665,0.3832011,2,ACORN-Q,Adversity,Std
MAC000929,9.717828,3.5467763,0.20378526,1.4121435,0.17417316,9.463008,10.360242,1.0948149,0.36497626,1,ACORN-O,Adversity,Std
MAC000930,9.697756,2.7877066,0.20276889,0.73214203,0.3233678,9.328676,10.628226,1.139307,0.28745893,2,ACORN-N,Adversity,Std
MAC000931,3.9811316,1.218917,0.083157584,0.6588116,0.14952599,3.8056805,4.4234524,1.1623288,0.3061735,2,ACORN-D,Affluent,ToU
MAC000932,10.9091425,3.6145768,0.22891566,0.7071599,0.38293365,10.574041,11.750317,1.1112418,0.33133465,1,ACORN-H,Comfortable,ToU
MAC000933,6.937206,1.1960396,0.14758964,0.3404371,0.45163602,6.958056,6.884573,0.98943913,0.17240942,2,ACORN-F,Comfortable,Std
MAC000934,25.431562,9.116928,0.5322146,1.4306084,0.40220585,24.412455,28.000784,1.1469877,0.3584887,0,ACORN-F,Comfortable,Std
MAC000935,3.5055218,1.5206784,0.0733579,0.19769357,0.44670022,3.3779268,3.8271947,1.1330011,0.43379515,2,ACORN-E,Affluent,ToU
MAC000936,4.561354,1.1024841,0.09542336,0.29129148,0.4057844,4.5337415,4.630968,1.0214452,0.24170105,2,ACORN-E,Affluent,Std
MAC000937,2.3338132,0.8668214,0.049410857,0.25764424,0.23777127,2.3635387,2.2588737,0.9557168,0.3714185,2,ACORN-P,Adversity,ToU
MAC000938,10.293327,2.5124722,0.21527293,1.0662291,0.2488163,10.211762,10.500048,1.0282307,0.24408746,1,ACORN-N,Adversity,ToU
MAC000939,12.230746,6.462723,0.2556141,0.9646412,0.3030706,13.4117775,9.253305,0.6899388,0.5283997,1,ACORN-E,Affluent,ToU
MAC000940,15.6376295,7.451601,0.32931417,1.2750992,0.31554806,15.360394,16.346283,1.0641838,0.4765173,1,ACORN-E,Affluent,Std
MAC000941,11.346413,5.203846,0.23698984,0.8591988,0.2976999,11.08283,12.010916,1.0837408,0.4586336,1,ACORN-E,Affluent,Std
MAC000942,9.243596,4.116005,0.19426854,0.95242304,0.23003389,8.582985,10.909032,1.2710067,0.44528177,2,ACORN-E,Affluent,ToU
MAC000943,7.2262588,1.5416704,0.15114695,0.49475336,0.3439146,7.181215,7.3398156,1.0220855,0.21334282,2,ACORN-Q,Adversity,ToU
MAC000944,6.142386,1.6539507,0.12881435,0.37523952,0.37316877,5.6784477,7.309558,1.2872458,0.26926845,2,ACORN-Q,Adversity,ToU
MAC000945,7.963311,3.3038216,0.1665866,0.59627056,0.39780772,7.4572425,9.239137,1.2389481,0.41488037,2,ACORN-E,Affluent,ToU
MAC000946,7.402637,3.3122625,0.15459898,0.5146448,0.37113136,7.4105864,7.382764,0.99624556,0.4474436,2,ACORN-H,Comfortable,ToU
MAC000947,12.632345,4.809706,0.26417404,0.99719584,0.28584072,12.770881,12.28309,0.96180445,0.38074532,1,ACORN-Q,Adversity,Std
MAC000948,12.834515,5.123211,0.26829398,0.8510359,0.349941,12.427816,13.859821,1.1152258,0.39917448,1,ACORN-A,Affluent,Std
MAC000949,11.834774,2.6788766,0.24700376,0.9188356,0.3258817,11.783111,11.965021,1.0154382,0.22635639,1,ACORN-Q,Adversity,Std
MAC000950,8.882852,1.4374831,0.18589003,0.47518682,0.43161052,8.924707,8.777331,0.9834867,0.16182676,2,ACORN-E,Affluent,Std
MAC000951,11.961459,4.97004,0.24990198,0.9777365,0.29427764,11.908246,12.093554,1.0155612,0.4155045,1,ACORN-E,Affluent,Std
MAC000952,5.103003,1.3630862,0.10660505,0.7464448,0.16954891,5.047287,5.2436485,1.0389044,0.26711452,2,ACORN-Q,Adversity,Std
MAC000953,5.4228745,0.77768064,0.11338162,0.29815695,0.41749012,5.4768143,5.2868896,0.965322,0.14340746,2,ACORN-L,Adversity,Std
MAC000954,9.0479965,1.7892776,0.1889476,0.7069806,0.2897022,8.829408,9.599073,1.0871707,0.19775401,2,ACORN-Q,Adversity,Std
MAC000955,5.7879763,1.6564379,0.12092427,0.4103393,0.3366696,5.8153567,5.7189474,0.9834216,0.286186,2,ACORN-H,Comfortable,Std
MAC000956,4.811305,3.402252,0.10055428,0.50290865,0.32198182,5.3951836,3.3315291,0.6175006,0.70713705,2,ACORN-E,Affluent,Std
MAC000957,22.678236,5.980271,0.47322217,1.7777728,0.2902172,22.078222,24.190895,1.0956904,0.26370087,1,ACORN-D,Affluent,Std
MAC000958,4.9126654,6.624931,0.10255359,0.45650223,0.23828608,5.1017995,4.4358473,0.8694672,1.348541,2,ACORN-E,Affluent,Std
MAC000959,13.296219,5.1590996,0.28731316,1.1244076,0.28561765,13.08014,13.845173,1.0584881,0.38801253,1,ACORN-L,Adversity,Std
MAC000960,8.611432,5.815548,0.17968488,0.7499133,0.25010306,8.714127,8.354696,0.95875317,0.6753288,2,ACORN-E,Affluent,Std
MAC000961,10.699356,2.9342334,0.2245358,1.0620881,0.25740182,10.390513,11.477963,1.104658,0.27424392,1,ACORN-Q,Adversity,ToU
MAC000962,5.6738296,1.3102053,0.118691646,0.31500897,0.41345045,5.724367,5.5464206,0.9689142,0.23092082,2,ACORN-F,Comfortable,Std
MAC000963,11.942551,3.8672798,0.2505856,0.7836093,0.3496432,11.51503,13.018105,1.1305315,0.3238236,1,ACORN-Q,Adversity,Std
MAC000964,9.503214,8.34825,0.20029125,0.55571604,0.45851448,10.323701,7.434349,0.7201244,0.878466,2,ACORN-E,Affluent,Std
MAC000965,8.503908,1.9330789,0.1777272,0.9183877,0.21125291,8.345775,8.904682,1.0669689,0.22731653,2,ACORN-H,Comfortable,ToU
MAC000966,35.174763,9.992134,0.7353048,1.7230314,0.44287875,35.322598,34.802063,0.9852634,0.28407112,0,ACORN-H,Comfortable,Std
MAC000967,7.9687414,2.2090518,0.16657707,0.70550674,0.2560089,7.6710334,8.719278,1.1366497,0.27721465,2,ACORN-Q,Adversity,Std
MAC000968,10.063773,3.0053434,0.21059935,0.77257395,0.30444166,9.26204,12.084984,1.3047863,0.29862988,2,ACORN-E,Affluent,Std
MAC000969,4.65968,1.144499,0.09727297,0.6959507,0.17721273,4.6699333,4.6338315,0.99226934,0.24561751,2,ACORN-F,Comfortable,Std
MAC000970,3.360132,0.59201264,0.07010642,0.7386527,0.108385906,3.335866,3.4211788,1.0255744,0.17618732,2,ACORN-J,Comfortable,Std
MAC000971,2.6896727,1.2826943,0.05629368,0.30765173,0.24978985,2.4626555,3.2619946,1.3245842,0.47689608,2,ACORN-Q,Adversity,Std
MAC000972,6.328416,1.6572948,0.13219288,0.43612313,0.34797096,6.331769,6.319952,0.9981337,0.26188144,2,ACORN-E,Affluent,Std
MAC000973,5.2170644,2.0079403,0.10889397,0.53840274,0.245747,5.100774,5.5096264,1.080155,0.38487935,2,ACORN-E,Affluent,Std
MAC000974,6.337569,1.7310426,0.13247925,0.70756584,0.21051013,6.254808,6.5457788,1.0465195,0.27313983,2,ACORN-A,Affluent,Std
MAC000975,7.6042905,2.892816,0.15890293,0.44768712,0.43960238,7.5537176,7.731521,1.0235386,0.38041893,2,ACORN-E,Affluent,Std
MAC000976,7.8398633,2.0731735,0.16363187,0.5682575,0.3507422,7.3884435,8.975542,1.2148082,0.26444,2,ACORN-O,Adversity,ToU
MAC000977,6.3198195,2.4413416,0.132158,1.0637951,0.14128037,6.2462792,6.5036697,1.041207,0.38629928,2,ACORN-E,Affluent,Std
MAC000978,7.047434,1.9600894,0.14772822,0.8174688,0.21924727,6.950749,7.290842,1.048929,0.27812812,2,ACORN-Q,Adversity,Std
MAC000979,6.6939383,2.3448143,0.13992836,0.5251437,0.31220704,6.764163,6.5172687,0.96349967,0.3502892,2,ACORN-L,Adversity,Std
MAC000980,5.2987003,2.761986,0.1141518,0.58644533,0.28899002,4.9263544,6.236535,1.2659534,0.5212573,2,ACORN-F,Comfortable,Std
MAC000981,17.99429,4.6827745,0.37686288,1.4984881,0.2789405,17.86337,18.323658,1.0257671,0.2602367,1,ACORN-Q,Adversity,Std
MAC000982,8.782253,3.4553251,0.18369082,0.7924865,0.27142563,9.087224,8.015011,0.88200873,0.39344403,2,ACORN-E,Affluent,ToU
MAC000983,14.291827,7.282687,0.29897246,1.0724615,0.30168784,14.11729,14.731033,1.0434747,0.50957006,1,ACORN-D,Affluent,Std
MAC000984,5.210772,1.1603538,0.109011374,0.4072084,0.2946427,5.30349,4.978,0.9386272,0.22268365,2,ACORN-F,Comfortable,Std
MAC000985,64.417885,30.465084,1.3504864,2.5907829,0.58256936,65.07312,62.769447,0.9645987,0.47292897,0,ACORN-D,Affluent,ToU
MAC000986,19.11885,7.2656975,0.40207422,0.9978727,0.41701877,19.193563,18.930895,0.9863148,0.38002795,1,ACORN-F,Comfortable,Std
MAC000987,13.390022,4.2827196,0.28272727,1.3092635,0.24565142,13.077906,14.175241,1.0839076,0.3198441,1,ACORN-J,Comfortable,Std
MAC000988,5.409733,4.3367786,0.113144614,0.90473,0.21986315,4.958025,6.5603995,1.3231881,0.80166227,2,ACORN-F,Comfortable,Std
MAC000989,6.7456098,1.2427232,0.14093147,0.4316297,0.34999207,6.6910334,6.8836403,1.0287858,0.18422696,2,ACORN-Q,Adversity,Std
MAC000990,11.775239,7.4320283,0.24723153,1.0070105,0.28968686,12.36892,10.281663,0.83124983,0.63115734,1,ACORN-E,Affluent,Std
MAC000991,4.8786287,0.44665292,0.10188486,1.3698728,0.07738416,4.886496,4.858837,0.9943397,0.091552965,2,ACORN-E,Affluent,ToU
MAC000992,10.692741,2.5867305,0.22373396,1.1137171,0.23460732,10.640759,10.823516,1.0171751,0.24191462,1,ACORN-F,Comfortable,Std
MAC000993,9.466646,2.824509,0.19786751,0.5446942,0.41363186,8.967819,10.718964,1.1952698,0.29836425,2,ACORN-E,Affluent,ToU
MAC000994,8.708701,3.542861,0.18199465,0.6038698,0.35402355,9.4755945,6.779358,0.71545464,0.40681854,2,ACORN-E,Affluent,ToU
MAC000995,20.820177,4.3672895,0.4344977,1.3948128,0.3251808,20.99715,20.374952,0.9703675,0.20976236,1,ACORN-H,Comfortable,Std
MAC000996,14.2584095,4.408815,0.29796976,0.8829414,0.3759018,12.894595,17.675125,1.3707391,0.30920804,1,ACORN-F,Comfortable,Std
MAC000997,5.701537,1.7263618,0.119589046,0.48188326,0.31965673,5.5301023,6.1328316,1.1089907,0.30278882,2,ACORN-Q,Adversity,Std
MAC000998,5.086197,1.1857291,0.106422536,0.46483842,0.25788942,5.0075192,5.284233,1.0552597,0.23312686,2,ACORN-H,Comfortable,Std
MAC000999,3.1965148,0.48985392,0.06673768,0.2538443,0.30975828,3.2220564,3.132258,0.97213006,0.15324625,2,ACORN-P,Adversity,ToU
MAC001000,8.078969,2.7637959,0.1686296,0.6832216,0.28447568,7.733161,8.948948,1.1572174,0.34209758,2,ACORN-D,Affluent,Std
MAC001001,7.62156,2.4369566,0.15903752,0.6208084,0.27765852,7.5653663,7.762932,1.0261145,0.31974512,2,ACORN-E,Affluent,Std
MAC001002,2.1829011,0.8012202,0.04573269,0.0935997,0.6310757,2.182587,2.1836896,1.0005052,0.36704373,2,ACORN-Q,Adversity,Std
MAC001003,7.593994,2.6944392,0.1590008,0.6956677,0.27022296,7.48223,7.8751683,1.0525162,0.35481185,2,ACORN-Q,Adversity,Std
MAC001004,41.22205,9.808392,0.8615702,1.7456156,0.5562012,42.308132,38.48099,0.90954125,0.23794042,0,ACORN-E,Affluent,ToU
MAC001005,7.7098184,2.3972905,0.16209209,0.57407576,0.33626026,7.7302628,7.6584897,0.9907153,0.31093994,2,ACORN-K,Adversity,Std
MAC001006,6.738434,2.6784136,0.14093694,0.37463623,0.43258935,6.7137823,6.8004527,1.0129093,0.3974831,2,ACORN-L,Adversity,Std
MAC001007,6.6268682,1.8698541,0.13883063,0.5009925,0.32738099,6.605759,6.6799736,1.0112348,0.28216255,2,ACORN-Q,Adversity,Std
MAC001008,6.166672,1.9948387,0.12942103,0.6525569,0.22526443,6.4231005,5.5215526,0.85963976,0.32348707,2,ACORN-Q,Adversity,Std
MAC001009,29.884012,6.832453,0.62533444,1.6018128,0.4058466,31.430155,25.994244,0.8270479,0.22863238,0,ACORN-H,Comfortable,Std
MAC001010,5.111729,1.9806604,0.10701852,0.55270064,0.26841366,5.0447006,5.280358,1.0467138,0.38747367,2,ACORN-L,Adversity,Std
MAC001011,14.051329,9.669726,0.295991,0.9650682,0.41564688,14.259804,13.530142,0.94883084,0.6881717,1,ACORN-E,Affluent,Std
MAC001012,2.124609,1.3532308,0.04442607,0.26022404,0.18079692,2.109834,2.1618202,1.02464,0.6369317,2,ACORN-G,Comfortable,ToU
MAC001013,2.7458696,0.6164202,0.05743508,0.22732185,0.3061248,2.71505,2.8234053,1.0399091,0.22448997,2,ACORN-E,Affluent,ToU
MAC001014,37.4513,26.343792,0.7827802,1.3896122,0.5020837,37.217094,38.040504,1.0221245,0.7034146,0,ACORN-E,Affluent,ToU
MAC001015,3.5570838,0.97839355,0.07448043,0.2803503,0.342831,3.5239708,3.6403894,1.0330362,0.27505496,2,ACORN-E,Affluent,ToU
MAC001016,9.20831,2.3674276,0.1922328,0.5860494,0.35201934,8.829584,10.161105,1.1508023,0.25709686,2,ACORN-H,Comfortable,ToU
MAC001017,3.8631096,0.9000944,0.08095787,0.25350377,0.33193097,3.8962324,3.7793386,0.96999824,0.23299737,2,ACORN-N,Adversity,Std
MAC001018,3.8329654,0.52979183,0.08028501,0.23076947,0.3598513,3.808458,3.8946211,1.0226241,0.13821983,2,ACORN-Q,Adversity,Std
MAC001019,3.8006542,1.0069404,0.079901464,0.18076646,0.48908502,3.8057888,3.7877367,0.99525666,0.26493868,2,ACORN-F,Comfortable,Std
MAC001020,12.665046,7.10379,0.2647948,0.70453775,0.38237882,12.430148,13.251,1.0660372,0.5608973,1,ACORN-Q,Adversity,Std
MAC001021,3.4212606,0.9796631,0.07144395,0.5113982,0.16381069,3.2722864,3.7960474,1.1600597,0.28634563,2,ACORN-F,Comfortable,Std
MAC001022,4.7839627,3.0158122,0.10061041,0.41352692,0.27911952,4.840611,4.6414475,0.95885575,0.6304004,2,ACORN-E,Affluent,Std
MAC001023,7.5016527,1.2868615,0.15672353,0.41365272,0.41716382,7.517425,7.4619737,0.9926236,0.17154373,2,ACORN-F,Comfortable,ToU
MAC001024,2.952623,0.9446866,0.061646238,0.25685778,0.27517945,2.9219477,3.0297947,1.0369092,0.3199483,2,ACORN-E,Affluent,ToU
MAC001025,3.5712214,1.0602254,0.07450912,0.29879493,0.29070944,3.592726,3.517121,0.9789561,0.29688033,2,ACORN-F,Comfortable,ToU
MAC001026,10.475627,4.0558248,0.21936142,0.6713054,0.3453431,10.238819,11.071384,1.0813146,0.38716772,2,ACORN-N,Adversity,Std
MAC001027,7.6161904,1.6940022,0.15930726,0.8526317,0.21255712,7.584764,7.695253,1.0145673,0.22242118,2,ACORN-E,Affluent,Std
MAC001028,12.064532,3.8550913,0.2515931,0.7661176,0.3405865,12.031733,12.14643,1.0095329,0.31953922,1,ACORN-F,Comfortable,Std
MAC001029,11.05704,5.144775,0.23150578,1.0505629,0.24276052,10.262563,13.0557785,1.2721753,0.46529403,1,ACORN-E,Affluent,Std
MAC001030,2.1596463,1.7149976,0.04507229,0.29085907,0.16174254,2.1827574,2.1011958,0.9626337,0.7941104,2,ACORN-E,Affluent,ToU
MAC001031,14.08696,4.1513357,0.29516932,1.6647846,0.2141446,14.007589,14.286636,1.0199212,0.29469353,1,ACORN-Q,Adversity,Std
MAC001032,22.583055,10.165818,0.47148788,1.4955089,0.3262943,21.598969,25.048449,1.1597058,0.45015246,1,ACORN-E,Affluent,Std
MAC001033,11.915776,6.9380074,0.24885443,0.91505384,0.29405198,11.990583,11.727579,0.9780658,0.58225393,1,ACORN-F,Comfortable,ToU
MAC001034,7.8005867,1.2905473,0.16298573,0.55957574,0.3312385,7.7380486,7.958751,1.0285218,0.16544233,2,ACORN-N,Adversity,ToU
MAC001035,5.9573045,1.9618669,0.125026,0.48531634,0.29645684,5.8323584,6.2709846,1.0752057,0.32932124,2,ACORN-Q,Adversity,Std
MAC001036,38.03436,8.011961,0.7944792,2.1182399,0.39296734,36.893955,40.897377,1.1085116,0.21065061,0,ACORN-G,Comfortable,Std
MAC001037,7.492535,1.830389,0.15684709,0.42166266,0.49130866,7.8433857,6.6117153,0.842967,0.24429502,2,ACORN-Q,Adversity,Std
MAC001038,5.167826,0.8763438,0.10823422,0.3355862,0.37429383,5.1695724,5.163442,0.99881417,0.16957687,2,ACORN-Q,Adversity,Std
MAC001039,8.701936,6.0680895,0.18244734,0.74491304,0.30865952,8.696056,8.716695,1.0023733,0.6973264,2,ACORN-E,Affluent,Std
MAC001040,13.8757105,2.8583367,0.29163423,0.87437934,0.352122,13.645412,14.453879,1.0592482,0.2059957,1,ACORN-Q,Adversity,Std
MAC001041,6.0540614,1.629816,0.12657729,0.4917841,0.29999048,5.976977,6.2475843,1.045275,0.26921037,2,ACORN-Q,Adversity,Std
MAC001042,6.3686085,1.8813107,0.13330708,0.50696856,0.30784145,6.514266,6.0029316,0.92150545,0.29540372,2,ACORN-E,Affluent,Std
MAC001043,0.9284738,0.5203237,0.019432677,0.09858171,0.26214686,0.93153876,0.92077893,0.9884494,0.5604075,2,ACORN-E,Affluent,Std
MAC001044,22.514122,7.9794226,0.4709231,1.2747676,0.38156688,21.882433,24.099995,1.1013398,0.35441855,1,ACORN-H,Comfortable,Std
MAC001045,5.7279267,1.6372917,0.1196481,0.75788414,0.21264334,5.5694146,6.1225214,1.0993115,0.28584367,2,ACORN-H,Comfortable,Std
MAC001046,19.756819,13.274678,0.41216683,1.3133976,0.29788148,19.77766,19.70493,0.9963226,0.6719036,1,ACORN-M,Adversity,Std
MAC001047,10.28972,2.0929205,0.21488619,0.5768725,0.4041738,10.319805,10.21419,0.98976576,0.20339918,2,ACORN-Q,Adversity,Std
MAC001048,11.88748,2.595964,0.24895206,0.6848501,0.39508414,11.392672,13.12971,1.1524699,0.21837799,1,ACORN-Q,Adversity,Std
MAC001049,4.3324857,0.8544849,0.09073837,0.2792084,0.40644276,4.3242493,4.3531632,1.0066864,0.1972274,2,ACORN-Q,Adversity,Std
MAC001050,10.715775,3.0165832,0.22498375,0.8997001,0.2678959,10.525215,11.19418,1.0635582,0.28150865,1,ACORN-Q,Adversity,Std
MAC001051,3.5818837,2.8871517,0.07514894,0.43640542,0.20375702,3.6676593,3.3682547,0.9183663,0.80604285,2,ACORN-Q,Adversity,Std
MAC001052,11.687955,3.058679,0.2451904,1.0142399,0.25630045,11.289434,12.688452,1.1239227,0.26169497,1,ACORN-E,Affluent,Std
MAC001053,5.5938096,1.6574047,0.11718805,0.3775592,0.42506036,5.774004,5.141426,0.8904438,0.29629266,2,ACORN-E,Affluent,Std
MAC001054,13.567254,5.2596574,0.2831923,1.1202594,0.26988244,12.533751,16.16189,1.2894696,0.38767296,1,ACORN-K,Adversity,Std
MAC001055,7.867722,2.7121694,0.16487968,0.54377186,0.36351657,7.9428396,7.67833,0.96669835,0.34472105,2,ACORN-F,Comfortable,Std
MAC001056,6.949811,2.4512064,0.14544034,0.66871,0.2735642,7.1453815,6.4567237,0.903622,0.35270116,2,ACORN-E,Affluent,Std
MAC001057,4.17539,1.6164556,0.08720618,0.3996979,0.26982313,4.0867066,4.398984,1.0764129,0.38713884,2,ACORN-L,Adversity,ToU
MAC001058,5.8688097,1.75683,0.12250136,0.59083384,0.26767176,5.89904,5.79259,0.9819547,0.2993503,2,ACORN-P,Adversity,Std
MAC001059,8.471025,1.6249394,0.17700753,0.951435,0.200345,8.305378,8.88867,1.0702306,0.19182323,2,ACORN-M,Adversity,Std
MAC001060,16.643589,4.292057,0.34839645,1.2688776,0.28464693,16.564297,16.843506,1.0168561,0.2578805,1,ACORN-E,Affluent,Std
MAC001061,5.095041,1.120878,0.10649398,0.36398035,0.32136476,5.000964,5.3322344,1.0662413,0.21999392,2,ACORN-K,Adversity,Std
MAC001062,9.021197,2.526272,0.18906839,0.6390832,0.31338423,8.3997555,10.596401,1.2615131,0.28003734,2,ACORN-Q,Adversity,Std
MAC001063,7.217246,1.494602,0.15111746,0.4419864,0.36022946,7.3302,6.9324574,0.94573915,0.20708758,2,ACORN-K,Adversity,Std
MAC001064,9.075782,2.8638127,0.18988879,0.486182,0.50035286,9.04218,9.159543,1.0129795,0.31554446,2,ACORN-C,Affluent,ToU
MAC001065,7.911973,2.5386455,0.16601351,0.51750445,0.34976682,7.9146814,7.9052033,0.9988025,0.32086125,2,ACORN-K,Adversity,Std
MAC001066,16.075443,3.1043525,0.33620638,1.0964063,0.31880924,15.967449,16.347723,1.0238155,0.19311146,1,ACORN-E,Affluent,Std
MAC001067,4.5265303,1.3424067,0.09456496,0.2872447,0.43664423,4.524823,4.530835,1.0013287,0.2965642,2,ACORN-Q,Adversity,Std
MAC001068,5.364632,1.5518308,0.11233804,0.40398487,0.30080548,5.302985,5.520893,1.0410916,0.28927067,2,ACORN-K,Adversity,Std
MAC001069,5.218879,2.4168375,0.10898238,0.6096813,0.27088842,5.4613338,4.607585,0.84367394,0.4630951,2,ACORN-G,Comfortable,Std
MAC001070,11.693838,6.5915346,0.24756137,1.6541132,0.16444679,10.657224,14.30743,1.3425101,0.5636759,1,ACORN-D,Affluent,Std
MAC001071,7.7522354,3.189359,0.1619562,0.8519456,0.250994,7.675926,7.9446325,1.0350064,0.41141152,2,ACORN-G,Comfortable,Std
MAC001072,5.7453084,1.5881841,0.120153144,0.37979758,0.40677708,5.7627153,5.70142,0.98936343,0.27643147,2,ACORN-P,Adversity,Std
MAC001073,9.2750635,3.3942564,0.19444542,0.6680257,0.31846195,9.002842,9.96141,1.1064739,0.36595505,2,ACORN-E,Affluent,Std
MAC001074,23.02116,5.245808,0.48218006,2.2675285,0.22556645,22.568491,24.174047,1.0711415,0.22786897,1,ACORN-,ACORN-,ToU
MAC001075,4.001502,2.9914823,0.08393376,0.39935222,0.2553683,3.9346795,4.170546,1.0599456,0.7475898,2,ACORN-E,Affluent,ToU
MAC001076,13.380091,3.9093528,0.2794734,1.1700937,0.27052033,12.657034,15.203117,1.2011596,0.29217684,1,ACORN-H,Comfortable,Std
MAC001077,9.541482,1.8877416,0.19941337,0.74310124,0.30226642,9.431569,9.818601,1.0410358,0.19784574,2,ACORN-E,Affluent,Std
MAC001078,12.322573,8.561785,0.2583782,0.5766027,0.4467708,12.217527,12.58742,1.0302756,0.69480497,1,ACORN-F,Comfortable,Std
MAC001079,1.3223585,0.44386533,0.028054923,0.126118,0.2640974,1.3104017,1.3524415,1.0320817,0.3356619,2,ACORN-F,Comfortable,Std
MAC001080,4.2541533,1.1782151,0.08886367,0.42305177,0.26950842,4.223295,4.331622,1.0256499,0.27695644,2,ACORN-F,Comfortable,Std
MAC001081,14.3850565,6.8065844,0.30082035,1.8891919,0.16233294,14.040783,15.253063,1.08634,0.4731705,1,ACORN-E,Affluent,Std
MAC001082,1.7420069,3.376122,0.036728814,0.15310885,0.253046,1.652081,1.9668214,1.1905115,1.9380647,2,ACORN-E,Affluent,Std
MAC001083,6.4777417,1.6660125,0.13515787,0.37629455,0.39606017,6.475004,6.484644,1.0014888,0.25719032,2,ACORN-Q,Adversity,Std
MAC001084,4.0293946,1.1980131,0.084396526,0.29712805,0.32245275,4.042189,3.9970644,0.9888365,0.29731837,2,ACORN-F,Comfortable,Std
MAC001085,11.7889,9.059109,0.24792928,0.7460589,0.349737,11.917808,11.463888,0.9619125,0.76844394,1,ACORN-K,Adversity,Std
MAC001086,7.4650073,2.0333176,0.1563131,0.70451057,0.26772395,7.3098226,7.8562713,1.0747554,0.27237985,2,ACORN-Q,Adversity,Std
MAC001087,9.02378,3.7076938,0.18833712,1.3307085,0.17026204,8.826762,9.520515,1.0785966,0.41088036,1,ACORN-E,Affluent,ToU
MAC001088,3.3135104,0.4102996,0.06915939,0.21820393,0.3468654,3.3104873,3.321133,1.0032157,0.12382626,2,ACORN-H,Comfortable,Std
MAC001089,3.128553,0.8798115,0.06535633,0.27501512,0.25593197,3.1409578,3.0972767,0.98609304,0.28121996,2,ACORN-Q,Adversity,Std
MAC001090,11.826032,2.5396936,0.2466335,0.99252266,0.26563066,11.554169,12.511474,1.0828537,0.2147545,1,ACORN-F,Comfortable,Std
MAC001091,6.459543,4.338671,0.1349064,0.45109516,0.43532592,6.312732,6.829697,1.0818924,0.6716684,2,ACORN-H,Comfortable,ToU
MAC001092,1.6682405,1.0726026,0.03496117,0.09598033,0.5672137,1.8286856,1.2615508,0.6898675,0.6429544,2,ACORN-Q,Adversity,ToU
MAC001093,11.803876,4.0944886,0.24709661,0.9927916,0.29664567,11.763937,11.904574,1.0119549,0.34687662,1,ACORN-H,Comfortable,Std
MAC001094,5.5969863,2.1345026,0.117359474,0.40817675,0.32929805,5.662386,5.432096,0.9593299,0.38136643,2,ACORN-Q,Adversity,Std
MAC001095,17.219078,14.826862,0.35995865,1.2200333,0.25082186,17.09536,17.529692,1.0254064,0.86107177,1,ACORN-M,Adversity,Std
MAC001096,4.3736753,2.3822412,0.09123822,0.31845468,0.35771906,4.387291,4.339346,0.98907185,0.5446772,2,ACORN-E,Affluent,ToU
MAC001097,6.0266166,4.0499825,0.12598707,0.63145167,0.32555142,5.967555,6.1755266,1.0348504,0.67201596,2,ACORN-E,Affluent,ToU
MAC001098,16.07361,8.380337,0.3364013,1.6415709,0.2341726,16.160784,15.853814,0.98100525,0.5213724,1,ACORN-D,Affluent,Std
MAC001099,18.096886,4.8450017,0.3780605,1.1646072,0.34044614,17.642347,19.242899,1.0907222,0.2677257,1,ACORN-E,Affluent,Std
MAC001100,5.6693773,1.9777912,0.11845012,0.7604985,0.22199148,5.4622135,6.1916966,1.1335509,0.3488551,2,ACORN-Q,Adversity,Std
MAC001101,2.4456913,1.224642,0.050996162,0.31491357,0.25912565,2.3892868,2.5879292,1.0831388,0.5007345,2,ACORN-P,Adversity,Std
MAC001102,8.124323,1.6593763,0.1695744,0.92602724,0.2065136,7.85169,8.8117075,1.1222689,0.20424795,2,ACORN-Q,Adversity,ToU
MAC001103,5.0990863,1.1420683,0.106418,0.35479304,0.36234522,5.0106454,5.322069,1.0621524,0.22397508,2,ACORN-F,Comfortable,ToU
MAC001104,16.524763,4.8791676,0.34639317,0.9217145,0.39590308,16.095226,17.60775,1.0939734,0.295264,1,ACORN-K,Adversity,Std
MAC001105,5.8753114,2.514314,0.122997135,0.46374926,0.32061937,5.92215,5.7572184,0.97215,0.42794564,2,ACORN-E,Affluent,ToU
MAC001106,3.5935388,1.2400619,0.07513037,0.49881393,0.16685821,3.5894072,3.6040108,1.0040685,0.34508097,2,ACORN-Q,Adversity,Std
MAC001107,15.474529,8.349353,0.324272,1.1866415,0.30929524,16.208233,13.628564,0.84084207,0.53955454,1,ACORN-E,Affluent,ToU
MAC001108,6.5953436,1.2759652,0.13802904,0.5263389,0.29894102,6.608686,6.561524,0.99286366,0.19346456,2,ACORN-E,Affluent,ToU
MAC001109,10.451427,2.8224614,0.22159484,1.4876783,0.20703392,10.521289,10.275288,0.9766187,0.27005512,1,ACORN-E,Affluent,Std
MAC001110,14.16881,15.885041,0.29579285,0.8639879,0.321011,14.014688,14.557394,1.0387241,1.1211274,1,ACORN-E,Affluent,ToU
MAC001111,7.7434015,3.6750548,0.16218008,0.67543656,0.3516806,7.480922,8.405187,1.1235496,0.4746047,2,ACORN-E,Affluent,Std
MAC001112,10.675249,2.471127,0.22295278,0.5458595,0.4319485,10.625371,10.801005,1.0165297,0.23148191,2,ACORN-L,Adversity,Std
MAC001113,9.218664,2.0143075,0.19247292,0.6513897,0.3145776,8.654902,10.640064,1.2293684,0.21850319,2,ACORN-L,Adversity,Std
MAC001114,8.729873,3.2198339,0.18248019,0.9189501,0.2101404,8.570097,9.132712,1.0656487,0.36882943,2,ACORN-L,Adversity,Std
MAC001115,4.624966,3.5467153,0.09673379,0.42833108,0.542753,4.6988726,4.438441,0.94457567,0.766863,2,ACORN-E,Affluent,Std
MAC001116,18.575903,4.5386896,0.3876933,1.5086231,0.27154,18.850227,17.890095,0.9490652,0.24433212,1,ACORN-D,Affluent,ToU
MAC001117,7.911088,1.3411717,0.16509095,0.45949095,0.38231754,7.895006,7.951633,1.0071725,0.16953063,2,ACORN-E,Affluent,Std
MAC001118,10.199805,2.687197,0.21394943,0.88941544,0.27575907,9.890784,10.978931,1.1100162,0.26345572,2,ACORN-H,Comfortable,ToU
MAC001119,8.336636,4.3430753,0.17487332,0.81979305,0.2698616,8.354861,8.290687,0.99231887,0.5209626,2,ACORN-N,Adversity,Std
MAC001120,3.2875566,1.2540576,0.068677895,0.3605189,0.2202169,3.2530699,3.3743243,1.0372739,0.38145584,2,ACORN-H,Comfortable,Std
MAC001121,11.025997,1.7526433,0.2305042,0.76950306,0.3191855,10.712315,11.816877,1.1031115,0.15895554,2,ACORN-F,Comfortable,Std
MAC001122,9.640366,9.255557,0.20101765,0.76008993,0.24341542,9.653719,9.606834,0.99514335,0.9600836,1,ACORN-Q,Adversity,Std
MAC001123,10.892272,1.9069985,0.22737716,0.96324927,0.252078,10.808046,11.104628,1.0274408,0.17507812,1,ACORN-E,Affluent,Std
MAC001124,16.342253,4.0330462,0.3417428,1.1877146,0.30115175,15.74573,17.84625,1.1334025,0.24678643,1,ACORN-F,Comfortable,Std
MAC001125,11.456643,5.2759786,0.2393973,1.0710695,0.23505257,10.696095,13.374197,1.2503812,0.46051696,1,ACORN-F,Comfortable,Std
MAC001126,7.2119746,5.0125566,0.1510557,0.49983966,0.31111148,7.2653193,7.0777607,0.9741844,0.6950325,2,ACORN-K,Adversity,Std
MAC001127,10.238191,2.9677532,0.21465363,0.7983343,0.3023901,9.639519,11.744425,1.2183622,0.28987086,2,ACORN-L,Adversity,Std
MAC001128,3.3725402,0.53636605,0.07042703,0.22678214,0.36068583,3.4519238,3.172814,0.9191437,0.15903918,2,ACORN-Q,Adversity,Std
MAC001129,3.592247,0.9722863,0.07507396,0.21573484,0.3642932,3.5928266,3.5907807,0.9994306,0.27066243,2,ACORN-Q,Adversity,ToU
MAC001130,5.9201126,1.623652,0.12373828,0.39047778,0.34439477,5.531491,6.891667,1.2458968,0.2742603,2,ACORN-E,Affluent,Std
MAC001131,10.49195,1.7812711,0.21906304,0.60438126,0.4111239,10.2602825,11.074814,1.0793868,0.16977502,2,ACORN-Q,Adversity,Std
MAC001132,12.478647,2.366267,0.26118815,0.65649545,0.43414542,12.1615305,13.280765,1.0920306,0.18962528,1,ACORN-Q,Adversity,ToU
MAC001133,12.122327,2.7616339,0.25385663,1.1117232,0.2711362,12.296015,11.685335,0.95033514,0.22781384,1,ACORN-O,Adversity,ToU
MAC001134,5.21915,4.146031,0.10957329,0.4176905,0.3278829,5.204351,5.256771,1.0100724,0.7943881,2,ACORN-E,Affluent,Std
MAC001135,4.4718165,0.5439586,0.09364753,0.26673183,0.37840742,4.4630656,4.493952,1.0069203,0.12164153,2,ACORN-D,Affluent,Std
MAC001136,5.737596,2.589682,0.11987574,0.33008626,0.42589727,5.677085,5.888459,1.0372329,0.45135316,2,ACORN-F,Comfortable,ToU
MAC001137,10.433079,5.5205636,0.21810125,0.9039015,0.30668,10.358203,10.622471,1.0255129,0.5291404,1,ACORN-Q,Adversity,Std
MAC001138,12.2828665,2.6705647,0.2567761,0.939103,0.29053977,12.057918,12.847632,1.0654935,0.21742193,1,ACORN-E,Affluent,Std
MAC001139,7.4791245,1.5130583,0.15619425,0.4377574,0.3908586,7.41825,7.6316614,1.0287684,0.2023042,2,ACORN-F,Comfortable,Std
MAC001140,6.631151,1.7637823,0.13915102,0.49603328,0.3209467,6.7389746,6.3598723,0.94374484,0.26598433,2,ACORN-C,Affluent,Std
MAC001141,9.463226,1.2586482,0.19851366,0.43548107,0.49490264,9.3913765,9.644,1.0268996,0.13300413,2,ACORN-F,Comfortable,ToU
MAC001142,4.2075925,1.7925795,0.088007614,0.32194698,0.38872746,4.167,4.3102674,1.0343815,0.42603448,2,ACORN-E,Affluent,ToU
MAC001143,7.157814,1.958132,0.15056282,0.86062783,0.24843878,7.0951333,7.315516,1.031061,0.27356565,2,ACORN-E,Affluent,ToU
MAC001144,7.932425,2.0526173,0.16606875,0.93036157,0.19608901,7.482818,9.063617,1.2112571,0.2587629,2,ACORN-E,Affluent,Std
MAC001145,64.436165,34.739597,1.3497759,3.5226505,0.35748407,64.4436,64.41744,0.99959403,0.539132,0,ACORN-A,Affluent,Std
MAC001146,8.413782,1.2294904,0.17646763,0.4901997,0.38372895,8.288937,8.727888,1.0529563,0.14612815,2,ACORN-Q,Adversity,Std
MAC001147,6.1733346,2.6029122,0.12903897,0.8319694,0.17124121,6.0811877,6.402473,1.0528326,0.42163795,2,ACORN-U,ACORN-U,ToU
MAC001148,6.5220046,2.1697462,0.13624458,0.84920156,0.21199882,6.5244823,6.515738,0.9986598,0.33268088,2,ACORN-E,Affluent,Std
MAC001149,4.715029,1.2712201,0.09841724,0.49906355,0.2245158,4.7381945,4.656745,0.98281,0.26961026,2,ACORN-E,Affluent,Std
MAC001151,7.882485,2.5869012,0.1645155,0.66327727,0.28461978,7.745518,8.22893,1.0624119,0.32818347,2,ACORN-H,Comfortable,Std
MAC001152,10.778431,8.622523,0.22636482,1.1310394,0.21053971,10.670753,11.049346,1.0354795,0.79997945,1,ACORN-E,Affluent,Std
MAC001153,5.2108154,1.2204185,0.10892321,0.4732466,0.2774353,5.148956,5.366452,1.0422409,0.23420873,2,ACORN-Q,Adversity,Std
MAC001154,7.951298,2.4386146,0.16627899,0.69257945,0.2915581,7.7391076,8.485159,1.0964001,0.30669388,2,ACORN-E,Affluent,Std
MAC001155,7.6595097,3.8545597,0.17944956,0.7287188,0.35235474,7.465116,8.13627,1.0899053,0.50323844,2,ACORN-H,Comfortable,Std
MAC001156,5.957333,1.2136652,0.124644965,0.43074584,0.37838358,5.8946004,6.1151648,1.037418,0.20372628,2,ACORN-Q,Adversity,ToU
MAC001157,8.883439,1.3904425,0.18594688,0.7003591,0.27599266,8.839102,8.994756,1.0176097,0.15652074,2,ACORN-D,Affluent,Std
MAC001158,7.629183,2.288972,0.15918799,0.65498996,0.28760225,7.1528525,8.820009,1.2330757,0.30002844,2,ACORN-E,Affluent,Std
MAC001159,4.633752,1.4094001,0.09671936,0.3107065,0.36756173,4.7607565,4.314213,0.9062032,0.3041596,2,ACORN-L,Adversity,Std
MAC001160,36.377335,23.439676,0.7585388,2.2650921,0.31722668,36.138424,36.97842,1.0232439,0.6443484,0,ACORN-E,Affluent,Std
MAC001161,6.3248043,1.2266121,0.13476655,0.4930747,0.32154304,6.332729,6.3050795,0.9956339,0.19393677,2,ACORN-E,Affluent,Std
MAC001162,7.778118,2.4457858,0.16249028,0.66761416,0.28326347,7.6004386,8.22379,1.0820152,0.31444442,2,ACORN-Q,Adversity,Std
MAC001163,6.9248824,1.744787,0.14530556,0.75791377,0.23109427,6.5800004,7.79259,1.1842841,0.2519591,2,ACORN-E,Affluent,Std
MAC001164,13.163401,5.645951,0.27578038,1.1654841,0.2529954,12.517311,14.788937,1.1814787,0.4289128,1,ACORN-E,Affluent,Std
MAC001165,2.3186188,0.85075134,0.04842756,0.47519213,0.15313788,2.3246722,2.303388,0.99084425,0.3669216,2,ACORN-P,Adversity,ToU
MAC001166,11.417991,2.1578324,0.23834372,0.7272375,0.35356462,11.335235,11.626203,1.0256693,0.1889853,2,ACORN-D,Affluent,ToU
MAC001167,10.125098,2.7769277,0.21178849,1.0733237,0.22097683,10.289915,9.710425,0.94368374,0.2742618,2,ACORN-O,Adversity,Std
MAC001168,11.29975,2.2172182,0.23627767,1.5802238,0.18764882,11.197612,11.556729,1.0320709,0.19621833,1,ACORN-Q,Adversity,Std
MAC001169,1.8108654,0.4011214,0.037970144,0.11877005,0.36405253,1.7455412,1.975218,1.1315792,0.22150813,2,ACORN-F,Comfortable,ToU
MAC001170,5.2248034,3.18375,0.109030485,0.9107716,0.14863372,5.344539,4.923553,0.9212306,0.60935307,2,ACORN-F,Comfortable,Std
MAC001171,12.826889,5.133299,0.26774302,1.2035303,0.22952463,11.005126,17.434877,1.5842506,0.40019828,1,ACORN-H,Comfortable,Std
MAC001172,5.4676065,2.0718422,0.11426391,0.5656762,0.22314873,5.4282455,5.566638,1.0254949,0.37893036,2,ACORN-J,Comfortable,Std
MAC001173,5.4714103,3.2931013,0.11439844,0.45538726,0.30770543,5.762945,4.7379203,0.8221352,0.6018743,2,ACORN-E,Affluent,Std
MAC001174,13.08593,4.3292933,0.27457616,0.9665056,0.31658202,12.399982,14.808506,1.194236,0.33083573,1,ACORN-L,Adversity,Std
MAC001175,1.9211407,1.1698385,0.04025847,0.16205505,0.34434214,1.8844163,2.01217,1.0677948,0.60892916,2,ACORN-E,Affluent,Std
MAC001176,3.7360651,1.0930221,0.0783831,0.2464947,0.38498512,3.6195562,4.0291967,1.1131742,0.2925597,2,ACORN-Q,Adversity,Std
MAC001177,5.368683,1.4641052,0.112969324,0.7400288,0.18467195,5.411212,5.261337,0.97230285,0.2727122,2,ACORN-P,Adversity,Std
MAC001178,5.599502,1.0087334,0.11730636,0.49092132,0.3200722,5.622552,5.5415106,0.9855864,0.18014698,2,ACORN-K,Adversity,Std
MAC001179,11.408532,3.3620486,0.23815325,0.8559864,0.31158504,10.36541,14.032984,1.3538282,0.29469597,1,ACORN-Q,Adversity,ToU
MAC001180,4.029867,3.0003397,0.08412604,0.35388398,0.308692,3.9973164,4.1113315,1.028523,0.74452573,2,ACORN-E,Affluent,Std
MAC001181,2.6594832,1.7469436,0.055510927,0.40935537,0.16611305,2.7592156,2.4106882,0.8736861,0.65687335,2,ACORN-E,Affluent,Std
MAC001182,4.8009267,2.970468,0.10051873,0.29287115,0.5446483,5.065322,4.138516,0.8170292,0.61872804,2,ACORN-E,Affluent,ToU
MAC001183,14.553945,4.3080263,0.30443615,1.8340923,0.17589915,14.862577,13.777436,0.92698836,0.29600403,1,ACORN-L,Adversity,Std
MAC001184,8.538533,3.4824092,0.17833513,0.6851316,0.29259494,8.672222,8.202176,0.94579864,0.4078463,2,ACORN-E,Affluent,Std
MAC001185,6.56939,2.34202,0.13736215,0.68061763,0.24242704,6.467639,6.8243084,1.0551468,0.35650495,2,ACORN-M,Adversity,Std
MAC001186,5.2950335,1.9666823,0.11087609,0.28838545,0.42173696,5.079032,5.8361864,1.1490746,0.37142017,2,ACORN-F,Comfortable,Std
MAC001187,10.106916,2.3230224,0.21153225,0.6637026,0.33339474,9.815084,10.838048,1.1042236,0.22984482,2,ACORN-L,Adversity,Std
MAC001188,5.599897,1.9377248,0.11695305,0.5561654,0.2508327,5.477448,5.90667,1.0783617,0.34602866,2,ACORN-Q,Adversity,Std
MAC001189,3.8844051,2.1438837,0.08223996,0.42653567,0.24824165,3.293416,5.365021,1.6290141,0.5519207,2,ACORN-E,Affluent,Std
MAC001190,10.08674,2.1571016,0.21191096,0.5370182,0.430358,9.581508,11.352506,1.184835,0.21385519,2,ACORN-Q,Adversity,Std
MAC001191,6.9875417,1.4047091,0.14595383,0.45501214,0.37055683,7.062828,6.7989254,0.962635,0.20103051,2,ACORN-E,Affluent,Std
MAC001192,22.283865,5.5704036,0.46560603,1.7988893,0.28975096,21.615028,23.959507,1.1084652,0.24997476,1,ACORN-M,Adversity,Std
MAC001193,8.83858,2.0733266,0.18492042,0.5921244,0.33580026,8.54041,9.58559,1.1223806,0.23457688,2,ACORN-Q,Adversity,Std
MAC001194,6.184631,2.8974097,0.12901734,0.68572533,0.27801487,5.9363055,6.806766,1.1466334,0.46848547,2,ACORN-E,Affluent,Std
MAC001195,14.822675,4.611738,0.30957893,1.3520153,0.25414506,14.69791,15.13525,1.0297552,0.31112728,1,ACORN-K,Adversity,Std
MAC001196,10.938944,9.593863,0.23019454,1.3153245,0.20560718,10.568847,11.859316,1.1221012,0.87703735,1,ACORN-E,Affluent,Std
MAC001197,5.7063313,2.3129225,0.11936677,0.4429483,0.32453433,5.7422824,5.615781,0.9779702,0.40532565,2,ACORN-F,Comfortable,Std
MAC001198,48.93045,37.35487,1.0205599,2.3925037,0.42677185,50.94626,43.880222,0.8613041,0.76342785,0,ACORN-E,Affluent,Std
MAC001199,3.6693172,0.73139906,0.076706685,0.54657054,0.1568121,3.6473184,3.7244308,1.0211422,0.19932838,2,ACORN-E,Affluent,Std
MAC001200,3.2204142,1.1342027,0.06720418,0.2411214,0.31547236,3.1812546,3.3185213,1.0431486,0.35219157,2,ACORN-F,Comfortable,Std
MAC001201,4.5347714,1.3093321,0.09505713,0.45500338,0.3026332,4.531813,4.542131,1.0022768,0.28873166,2,ACORN-I,Comfortable,Std
MAC001202,28.434572,11.311112,0.5933875,1.9292367,0.32344884,27.768332,30.103718,1.0841025,0.39779437,0,ACORN-E,Affluent,ToU
MAC001203,17.64701,7.689241,0.3690879,1.3152989,0.31707942,18.193434,16.278048,0.89472103,0.43572482,1,ACORN-E,Affluent,Std
MAC001204,4.1200895,1.7591466,0.08617774,0.3755623,0.26309565,4.0594945,4.2727113,1.052523,0.42696804,2,ACORN-Q,Adversity,Std
MAC001205,9.586326,6.3878937,0.20003827,1.1815213,0.19771963,8.597991,12.05716,1.402323,0.6663548,1,ACORN-N,Adversity,Std
MAC001206,4.9639635,2.0752723,0.103736445,0.43691185,0.35307327,5.067615,4.7048354,0.92841214,0.4180676,2,ACORN-E,Affluent,ToU
MAC001207,2.397012,1.1631234,0.04998455,0.28888994,0.1963073,2.34947,2.515075,1.0704862,0.48523885,2,ACORN-Q,Adversity,Std
MAC001208,4.2795334,2.4594626,0.08941675,0.48114437,0.3091195,3.8509872,5.3508987,1.3894875,0.57470345,2,ACORN-F,Comfortable,Std
MAC001209,4.230745,1.7808682,0.08839969,0.48689514,0.26705363,4.0675235,4.6387978,1.1404477,0.42093492,2,ACORN-E,Affluent,ToU
MAC001210,5.8748784,2.0106008,0.12260506,0.56016564,0.2607367,5.8747444,5.875213,1.0000798,0.342237,2,ACORN-F,Comfortable,Std
MAC001211,9.910765,4.6367955,0.20788278,0.9786003,0.23313302,9.148491,11.811799,1.2911199,0.46785447,1,ACORN-F,Comfortable,Std
MAC001212,6.753102,2.6612608,0.14102912,0.40069148,0.39008877,6.664311,6.9750795,1.0466318,0.39407977,2,ACORN-N,Adversity,Std
MAC001213,7.6741533,2.0087283,0.16071992,1.1347675,0.15607716,7.2979536,8.614655,1.1804205,0.26175243,2,ACORN-Q,Adversity,Std
MAC001214,9.992181,4.8547344,0.21010831,0.9032326,0.2819821,9.211115,11.944846,1.2967862,0.48585334,1,ACORN-F,Comfortable,Std
MAC001215,29.324944,12.483196,0.6136522,2.0376065,0.30682504,28.273516,31.953512,1.130157,0.42568526,0,ACORN-E,Affluent,Std
MAC001216,6.400439,1.3888973,0.13362223,0.3704924,0.43149522,6.110621,7.124984,1.166,0.21700032,2,ACORN-F,Comfortable,Std
MAC001217,8.919498,2.9420013,0.18615383,0.89439213,0.22877416,9.067376,8.549804,0.94291925,0.32983932,2,ACORN-F,Comfortable,Std
MAC001218,1.3116946,1.15004,0.027681159,0.11865958,0.33912766,1.2835957,1.3819414,1.0766174,0.876759,2,ACORN-Q,Adversity,Std
MAC001219,16.90801,3.7320023,0.35363886,1.6119208,0.230178,16.785784,17.21293,1.0254469,0.22072391,1,ACORN-C,Affluent,ToU
MAC001220,14.054336,5.898477,0.2934821,1.3370334,0.24397507,12.091445,18.961563,1.5681801,0.41969094,1,ACORN-H,Comfortable,Std
MAC001221,13.565586,5.7017503,0.2835086,1.1707195,0.26396775,12.879561,15.299086,1.1878576,0.4203099,1,ACORN-D,Affluent,Std
MAC001222,4.4734926,1.0924652,0.09365337,0.2641951,0.37225813,4.5200067,4.355957,0.9637059,0.24420856,2,ACORN-Q,Adversity,ToU
MAC001223,4.676151,1.187987,0.09775462,0.27436584,0.40976962,4.500458,5.1201077,1.137686,0.2540523,2,ACORN-E,Affluent,Std
MAC001224,36.683327,10.026213,0.76837385,2.0125217,0.40582523,37.834087,33.76218,0.89237463,0.273318,0,ACORN-E,Affluent,Std
MAC001225,10.282904,3.118485,0.21555142,0.48867226,0.4642849,10.215902,10.452209,1.0231313,0.3032689,2,ACORN-K,Adversity,Std
MAC001226,8.291416,4.5672717,0.17420624,0.7444253,0.29152718,9.036747,6.4080534,0.7091106,0.55084336,2,ACORN-Q,Adversity,Std
MAC001227,10.840026,2.0369737,0.22614868,1.2914618,0.18336715,10.691725,11.214764,1.0489199,0.18791226,1,ACORN-G,Comfortable,Std
MAC001228,4.2341876,1.3001785,0.08865376,0.30194968,0.32815668,4.068002,4.6541185,1.1440797,0.30706683,2,ACORN-F,Comfortable,ToU
MAC001229,9.764464,3.0985816,0.20519446,0.8792,0.2694283,9.756868,9.783999,1.0027807,0.31733248,2,ACORN-H,Comfortable,Std
MAC001230,7.3302746,2.9495726,0.15323314,0.6832881,0.23252428,7.346515,7.2892365,0.9922033,0.40238228,2,ACORN-Q,Adversity,Std
MAC001231,6.2443676,1.092444,0.13071707,0.34971938,0.4267832,6.3160405,6.063557,0.9600251,0.17494869,2,ACORN-Q,Adversity,Std
MAC001232,10.209129,2.0128531,0.21331568,0.68795425,0.3616423,10.258532,10.084295,0.9830155,0.19716208,2,ACORN-D,Affluent,ToU
MAC001233,7.2641892,2.4225008,0.15167047,0.6531296,0.26125723,7.073987,7.744807,1.0948291,0.33348536,2,ACORN-H,Comfortable,Std
MAC001234,4.0631094,0.9852562,0.08486473,0.3561875,0.27249563,4.0151405,4.1843224,1.042136,0.24248822,2,ACORN-Q,Adversity,Std
MAC001235,18.178175,4.2826304,0.37958303,1.0927973,0.36041898,17.488907,19.919876,1.1390007,0.23559189,1,ACORN-D,Affluent,Std
MAC001236,5.494294,1.8976228,0.11458092,1.0489101,0.15970148,5.1802726,6.287791,1.2137953,0.34538063,2,ACORN-E,Affluent,Std
MAC001237,3.2872136,1.9855105,0.06878219,0.22037958,0.4239934,3.2187023,3.4603333,1.075071,0.60401016,2,ACORN-Q,Adversity,Std
MAC001238,6.26066,2.3440058,0.13093287,0.5753033,0.2526986,6.337634,6.0661564,0.95716417,0.37440234,2,ACORN-Q,Adversity,Std
MAC001239,11.478645,3.9023416,0.24045381,0.7877698,0.3742598,11.716589,10.877387,0.9283749,0.33996534,1,ACORN-A,Affluent,Std
MAC001240,18.599733,5.233058,0.38808036,1.2953277,0.30689812,18.717287,18.302689,0.9778494,0.28135124,1,ACORN-H,Comfortable,Std
MAC001241,4.544024,2.284823,0.09514317,0.5841479,0.26317418,4.5569873,4.511269,0.98996747,0.5028193,2,ACORN-E,Affluent,Std
MAC001242,4.308223,1.2851311,0.08996634,0.37195274,0.287803,4.128549,4.7622366,1.1534891,0.2982973,2,ACORN-F,Comfortable,Std
MAC001243,9.057338,2.1631312,0.1906845,0.8067408,0.2630571,8.824832,9.644855,1.0929222,0.23882638,2,ACORN-Q,Adversity,Std
MAC001244,5.9404154,1.9901984,0.12409018,0.4907084,0.27259025,6.1302214,5.458205,0.8903765,0.3350268,2,ACORN-N,Adversity,Std
MAC001245,10.353479,3.10311,0.21648948,1.8550272,0.13760926,9.459648,12.645726,1.3368073,0.29971665,1,ACORN-E,Affluent,ToU
MAC001246,7.9573402,1.9931103,0.16626965,0.8606707,0.26500732,7.741215,8.503463,1.0984662,0.25047442,2,ACORN-J,Comfortable,ToU
MAC001247,6.749236,1.8501905,0.14114766,0.62160367,0.25967702,6.317281,7.8407364,1.2411568,0.27413332,2,ACORN-Q,Adversity,Std
MAC001248,2.8605099,0.9033461,0.059790716,0.23086412,0.2929037,2.7594085,3.117362,1.1297212,0.315799,2,ACORN-F,Comfortable,Std
MAC001249,3.1974819,1.2484691,0.06677287,0.29778352,0.2406295,3.0133703,3.6627095,1.215486,0.39045385,2,ACORN-F,Comfortable,Std
MAC001250,14.266085,8.634356,0.2981996,0.8606041,0.3949474,14.11891,14.635637,1.0365982,0.60523653,1,ACORN-J,Comfortable,Std
MAC001251,17.703314,5.778425,0.36981022,1.4863613,0.26740623,17.510912,18.18949,1.0387517,0.3264036,1,ACORN-A,Affluent,Std
MAC001252,39.530132,18.088488,0.82735753,2.1060197,0.41121784,39.9924,38.355724,0.95907533,0.45758733,0,ACORN-E,Affluent,Std
MAC001253,9.068394,4.3888,0.18923323,1.0664718,0.20296207,8.661944,10.100994,1.1661347,0.48396665,2,ACORN-G,Comfortable,Std
MAC001254,5.2942715,1.5490258,0.1104065,0.6593857,0.20896305,5.2977214,5.2855535,0.9977032,0.29258525,2,ACORN-P,Adversity,ToU
MAC001255,13.894,3.233714,0.29150394,1.0646951,0.29567814,13.960581,13.725758,0.98317957,0.23274176,1,ACORN-D,Affluent,Std
MAC001256,3.2894604,0.6147844,0.06875755,0.23723018,0.3160989,3.2980106,3.2678547,0.99085635,0.18689522,2,ACORN-U,ACORN-U,Std
MAC001257,3.5859282,1.4438375,0.07484515,0.28558078,0.30303088,3.3885086,4.084785,1.2054816,0.40263984,2,ACORN-Q,Adversity,Std
MAC001258,31.437513,13.308683,0.658451,1.7585558,0.39529872,31.791428,30.527836,0.9602537,0.42333767,0,ACORN-D,Affluent,Std
MAC001259,4.1607575,0.9854887,0.08699441,0.37895122,0.25806132,4.2118487,4.031656,0.95721763,0.2368532,2,ACORN-I,Comfortable,Std
MAC001260,5.4185977,1.2766117,0.113412365,0.4605945,0.29986966,5.409666,5.441167,1.005823,0.23559816,2,ACORN-E,Affluent,Std
MAC001261,2.743907,0.72379607,0.05729693,0.37461126,0.20586954,2.652234,2.9755538,1.1219046,0.263783,2,ACORN-H,Comfortable,Std
MAC001262,4.569001,1.8408873,0.095369644,0.39444053,0.30489603,4.525479,4.6789784,1.033919,0.40290803,2,ACORN-F,Comfortable,Std
MAC001263,4.477648,1.2455322,0.093672805,1.214718,0.089358255,4.5169897,4.3782363,0.9692819,0.27816662,2,ACORN-J,Comfortable,Std
MAC001264,7.3912406,1.9833328,0.15445764,0.61912346,0.2706073,7.2866535,7.6555214,1.0506223,0.26833558,2,ACORN-F,Comfortable,ToU
MAC001265,14.819341,6.9164553,0.30973947,0.73029727,0.4217655,14.676315,15.178899,1.0342445,0.46671814,1,ACORN-F,Comfortable,Std
MAC001266,7.018965,4.234264,0.1471595,0.7016692,0.21605094,7.006328,7.050898,1.0063614,0.60326046,2,ACORN-Q,Adversity,Std
MAC001267,1.3830732,0.21544287,0.028941687,0.14096037,0.21930586,1.4208021,1.2877365,0.9063448,0.15577112,2,ACORN-P,Adversity,Std
MAC001268,3.0860062,0.8396901,0.06463243,0.34585977,0.23645894,3.0434916,3.1934354,1.049267,0.27209604,2,ACORN-F,Comfortable,Std
MAC001269,5.5443482,4.7692075,0.116195306,0.39821222,0.3251507,5.5464115,5.539145,0.9986899,0.86019266,2,ACORN-Q,Adversity,Std
MAC001270,3.4997683,2.3881202,0.073253416,0.5064253,0.17804472,3.4049766,3.7392955,1.0981854,0.68236524,2,ACORN-F,Comfortable,ToU
MAC001271,16.201773,4.527524,0.33865428,1.2471082,0.28945673,15.665785,17.55615,1.1206684,0.2794462,1,ACORN-A,Affluent,Std
MAC001272,3.3085306,1.9525771,0.06912529,0.4833049,0.20415436,3.4737403,2.8910644,0.8322627,0.5901644,2,ACORN-H,Comfortable,Std
MAC001273,5.64959,2.9240212,0.11820575,0.46658233,0.3372349,5.2950277,6.545527,1.2361648,0.51756346,2,ACORN-N,Adversity,Std
MAC001274,7.1373234,0.6456456,0.14931192,0.28814504,0.5265752,7.127979,7.1608872,1.0046169,0.09046047,2,ACORN-E,Affluent,ToU
MAC001275,3.4787729,1.5858575,0.07256926,0.31459147,0.32668296,3.4887872,3.4534676,0.9898763,0.45586693,2,ACORN-Q,Adversity,Std
MAC001276,7.7878003,4.682497,0.16274114,1.7567042,0.09911502,7.8213954,7.7029085,0.98485094,0.60126054,1,ACORN-E,Affluent,Std
MAC001277,6.2472,3.36719,0.13100176,0.43701982,0.42893973,5.9426084,7.0168653,1.180772,0.53899187,2,ACORN-E,Affluent,Std
MAC001278,7.513727,1.2655205,0.16557743,0.7247273,0.25413203,7.1153336,9.3064995,1.3079499,0.1684278,2,ACORN-I,Comfortable,Std
MAC001279,8.352186,2.685144,0.17455173,0.59929657,0.35927126,8.288317,8.5130825,1.0271184,0.32148996,2,ACORN-E,Affluent,ToU
MAC001280,3.4447196,1.7330005,0.07205957,0.41256857,0.2631259,3.405317,3.544285,1.0408092,0.503089,2,ACORN-F,Comfortable,Std
MAC001281,3.4731,1.9470203,0.07266542,0.2750588,0.34320804,3.456398,3.5147054,1.0168694,0.56060016,2,ACORN-F,Comfortable,ToU
MAC001282,3.4423218,2.174333,0.07216653,0.3533369,0.22922519,3.5200596,3.245887,0.9221114,0.6316472,2,ACORN-Q,Adversity,Std
MAC001283,21.267199,6.267691,0.4439727,1.4730656,0.31851286,21.133436,21.607027,1.0224096,0.29471165,1,ACORN-E,Affluent,Std
MAC001284,8.473385,6.122727,0.17776817,0.6639091,0.42155743,8.487279,8.438295,0.9942286,0.72258335,2,ACORN-E,Affluent,Std
MAC001285,5.0111127,1.5403166,0.105167404,0.4755686,0.2435525,4.9584403,5.14421,1.0374653,0.30738014,2,ACORN-N,Adversity,ToU
MAC001286,12.26238,2.2844527,0.25608796,3.423523,0.082779646,12.11304,12.639742,1.0434822,0.18629767,1,ACORN-K,Adversity,Std
MAC001287,5.0202966,1.4080931,0.10553232,0.47899312,0.29843026,4.7635674,5.671512,1.1906018,0.28048006,2,ACORN-E,Affluent,Std
MAC001288,9.388922,2.8570192,0.1962329,0.8510018,0.25695348,9.11096,10.088195,1.1072593,0.30429685,2,ACORN-H,Comfortable,Std
MAC001289,10.518132,3.4534292,0.22021075,0.8314985,0.3044182,10.401151,10.813731,1.0396668,0.32833102,2,ACORN-Q,Adversity,Std
MAC001290,2.3199525,1.1279266,0.04870196,0.21650988,0.347966,2.1332211,2.789375,1.3075883,0.48618522,2,ACORN-F,Comfortable,ToU
MAC001291,3.714901,1.2572556,0.07759888,0.5001372,0.16876754,3.7077575,3.7329514,1.0067949,0.33843583,2,ACORN-O,Adversity,Std
MAC001292,8.179058,2.64718,0.17085221,0.846689,0.2302179,8.127345,8.3097315,1.022441,0.32365343,2,ACORN-I,Comfortable,Std
MAC001293,2.4506967,0.7837685,0.051229913,0.3323186,0.1897862,2.4445534,2.4662204,1.0088633,0.31981456,2,ACORN-Q,Adversity,Std
MAC001294,4.1210012,1.7724537,0.08628545,0.5341585,0.19698161,3.8287914,4.8593817,1.2691686,0.43010268,2,ACORN-E,Affluent,Std
MAC001295,10.68805,4.0285587,0.22396111,1.4563507,0.18680146,11.274015,9.207387,0.816691,0.37692177,1,ACORN-H,Comfortable,Std
MAC001296,1.819311,0.86247814,0.03795109,0.2907134,0.18061636,1.8598384,1.7169032,0.9231465,0.47406855,2,ACORN-F,Comfortable,Std
MAC001297,5.163358,1.8947133,0.10784226,0.6374573,0.21535924,5.264317,4.9082475,0.93236166,0.36695367,2,ACORN-H,Comfortable,ToU
MAC001298,7.8635006,2.3518631,0.16423014,0.6989817,0.26577088,7.4377894,8.945038,1.2026473,0.29908603,2,ACORN-Q,Adversity,Std
MAC001299,10.159905,5.5760255,0.2124387,0.9113003,0.29889727,10.356506,9.663118,0.93304807,0.5488265,1,ACORN-E,Affluent,ToU
MAC001300,8.858334,3.7724977,0.2113461,0.9813333,0.3040148,7.884,12.2685,1.5561264,0.4258699,1,ACORN-F,Comfortable,Std
MAC001301,8.169449,3.3308403,0.1707875,0.8270275,0.27580392,8.202639,8.085581,0.9857293,0.4077191,2,ACORN-F,Comfortable,Std
MAC001302,5.598968,1.9135578,0.11711218,0.48700458,0.2718305,5.5533853,5.714151,1.0289491,0.34176973,2,ACORN-H,Comfortable,Std
MAC001303,3.8709252,1.6436845,0.08081933,0.38890854,0.26610228,3.8447,3.9371934,1.0240574,0.42462316,2,ACORN-E,Affluent,ToU
MAC001304,14.203451,4.5732036,0.29660687,1.056212,0.31986642,13.9472275,14.846994,1.0645123,0.32197833,1,ACORN-E,Affluent,Std
MAC001305,11.722932,2.8321202,0.24524291,0.54453206,0.5058873,11.627205,11.964823,1.0290369,0.24158804,2,ACORN-E,Affluent,ToU
MAC001306,12.272762,3.2246952,0.25647423,1.444596,0.18773961,12.308519,12.182408,0.98975414,0.2627522,1,ACORN-H,Comfortable,Std
MAC001307,4.7990336,1.4979061,0.100192964,0.522692,0.22156774,4.8435235,4.686613,0.9676041,0.3121266,2,ACORN-L,Adversity,Std
MAC001308,10.058812,3.2977908,0.20997669,0.6972973,0.36787185,9.707039,10.947704,1.127811,0.3278509,2,ACORN-F,Comfortable,Std
MAC001309,0.033369467,0.12867813,0.0006951972,0.010148091,0.09495186,0.03751386,0.022919355,0.61095697,3.8561637,2,ACORN-K,Adversity,Std
MAC001310,21.66339,6.627348,0.45462897,1.1313466,0.45536634,21.295528,22.590952,1.0608308,0.30592388,1,ACORN-F,Comfortable,Std
MAC001311,9.103339,11.467722,0.19086266,1.4100554,0.2800155,9.455952,8.213207,0.8685754,1.259727,1,ACORN-E,Affluent,Std
MAC001312,4.0568123,2.618191,0.08482988,0.28341374,0.4535474,4.0787034,4.0016127,0.9810992,0.64538133,2,ACORN-F,Comfortable,Std
MAC001313,8.281702,3.8090856,0.17278537,0.8730137,0.2581587,8.321529,8.18128,0.9831462,0.45993996,2,ACORN-C,Affluent,Std
MAC001314,6.7447734,2.4232593,0.14159995,0.59804744,0.2746536,6.798285,6.6104193,0.97236574,0.35927957,2,ACORN-Q,Adversity,Std
MAC001315,55.240112,36.119713,1.15878,1.7706861,0.61685896,56.539288,51.978207,0.919329,0.6538675,0,ACORN-E,Affluent,Std
MAC001316,5.2150855,1.7859772,0.10882175,0.67101836,0.18656841,4.8366733,6.1672206,1.2750956,0.34246364,2,ACORN-Q,Adversity,Std
MAC001317,5.1809664,2.450905,0.10839231,0.42155966,0.29811183,5.1496735,5.259704,1.0213665,0.47305945,2,ACORN-H,Comfortable,Std
MAC001318,6.5194483,2.2043881,0.13778107,0.34259507,0.41923794,6.587558,6.348807,0.9637573,0.33812496,2,ACORN-Q,Adversity,ToU
MAC001319,4.629905,1.6526703,0.09675311,0.48996788,0.225983,4.497718,4.9625053,1.1033385,0.35695553,2,ACORN-E,Affluent,ToU
MAC001320,9.274925,2.090435,0.19400854,0.88231546,0.34721997,9.28298,9.254699,0.9969534,0.22538565,2,ACORN-E,Affluent,Std
MAC001321,5.588202,2.223846,0.11679215,0.60894185,0.21341708,5.9499187,4.6780753,0.7862419,0.39795375,2,ACORN-E,Affluent,Std
MAC001322,6.3282924,1.3057289,0.13257594,0.4472477,0.35700303,6.299716,6.4001937,1.0159496,0.20633195,2,ACORN-H,Comfortable,ToU
MAC001323,21.09506,6.444927,0.44009927,1.9830871,0.24415301,21.24954,20.706366,0.9744383,0.3055183,1,ACORN-L,Adversity,Std
MAC001324,13.953227,4.0728393,0.29194647,1.294562,0.24785851,13.625374,14.7763815,1.0844753,0.2918923,1,ACORN-L,Adversity,Std
MAC001325,5.879041,1.1330141,0.12309341,0.5085917,0.30573767,6.0201135,5.524086,0.917605,0.19272089,2,ACORN-E,Affluent,Std
MAC001326,10.554468,3.6565113,0.22020853,0.76854587,0.34219712,10.531549,10.612135,1.0076518,0.346442,2,ACORN-N,Adversity,Std
MAC001327,4.2684584,1.2934066,0.08938114,0.37268558,0.302066,4.1313133,4.612059,1.1163664,0.30301493,2,ACORN-F,Comfortable,Std
MAC001328,2.0215704,1.3016516,0.042619888,0.08115749,0.63679016,2.0226903,2.0187528,0.9980534,0.6438814,2,ACORN-E,Affluent,Std
MAC001329,2.522616,0.8116146,0.053781584,0.28724116,0.21367691,2.4034207,2.8228595,1.1745174,0.3217353,2,ACORN-E,Affluent,Std
MAC001330,10.04545,5.1552434,0.21106233,0.96178985,0.2741006,9.644161,11.058438,1.1466459,0.5131919,1,ACORN-Q,Adversity,Std
MAC001331,7.102767,1.1679134,0.14865243,0.48315468,0.31607443,6.9136276,7.5776505,1.0960455,0.16443077,2,ACORN-Q,Adversity,Std
MAC001332,3.0819862,1.0672936,0.06447701,0.30962023,0.24191898,3.0443683,3.1764355,1.0433809,0.3463006,2,ACORN-E,Affluent,Std
MAC001333,2.5548317,0.658809,0.053337187,0.26792055,0.2460785,2.485566,2.7246451,1.096187,0.25786787,2,ACORN-E,Affluent,Std
MAC001334,2.739467,1.8409731,0.05776114,0.4175421,0.27861714,2.7747495,2.6508818,0.9553589,0.67201877,2,ACORN-Q,Adversity,Std
MAC001335,2.7074075,0.6599162,0.056750245,0.20123738,0.3267616,2.7345738,2.6391988,0.9651225,0.2437447,2,ACORN-G,Comfortable,ToU
MAC001336,11.747647,3.2153401,0.24514681,0.96648234,0.2898127,11.217741,13.078114,1.1658419,0.27370077,1,ACORN-K,Adversity,ToU
MAC001337,4.3340797,1.3315182,0.09092676,0.5459311,0.23843646,4.3680644,4.2487526,0.97268546,0.30722052,2,ACORN-E,Affluent,Std
MAC001338,19.564062,6.2795224,0.41286248,1.3544519,0.33669594,18.857386,21.341146,1.1317129,0.32097232,1,ACORN-K,Adversity,Std
MAC001339,2.2453313,0.5694482,0.04702061,0.25499693,0.21737044,2.2765524,2.166519,0.9516666,0.25361434,2,ACORN-M,Adversity,Std
MAC001340,4.7959266,4.2641053,0.09998895,0.37612402,0.31071907,4.7773337,4.8426075,1.0136632,0.8891098,2,ACORN-N,Adversity,Std
MAC001341,12.873126,3.1615777,0.26886436,1.4577044,0.22102787,13.34461,11.689344,0.87596,0.24559519,1,ACORN-L,Adversity,Std
MAC001342,1.2554497,0.32289165,0.02617752,0.14388129,0.20172264,1.2586926,1.2473521,0.9909903,0.25719205,2,ACORN-Q,Adversity,Std
MAC001343,10.931562,2.7945004,0.22841243,0.6888576,0.3678086,10.922081,10.955365,1.0030475,0.25563595,2,ACORN-Q,Adversity,ToU
MAC001344,1.7984457,0.42398077,0.037590954,0.16940889,0.24065661,1.757925,1.9001827,1.0809237,0.23574844,2,ACORN-E,Affluent,Std
MAC001345,3.270844,0.72793293,0.06844986,0.51417154,0.17605503,3.2268286,3.3813548,1.0478879,0.22255202,2,ACORN-Q,Adversity,Std
MAC001346,3.4641438,2.0680933,0.07255902,0.28379554,0.37488845,3.4819598,3.4196534,0.9821059,0.5969998,2,ACORN-Q,Adversity,Std
MAC001347,4.4597464,4.4221973,0.09310832,0.3143708,0.36165705,4.112174,5.3330584,1.2968951,0.9915805,2,ACORN-E,Affluent,Std
MAC001348,19.84164,17.973206,0.41482997,1.4097474,0.32141036,24.918407,7.09514,0.28473487,0.90583265,1,ACORN-U,ACORN-U,Std
MAC001349,1.3790368,0.39437717,0.028858967,0.076444104,0.686235,1.3828994,1.3693388,0.990194,0.28598017,2,ACORN-P,Adversity,Std
MAC001350,15.980268,5.9642863,0.33351436,1.468619,0.24315274,16.65985,14.2855625,0.8574845,0.3732282,1,ACORN-E,Affluent,Std
MAC001351,8.949567,2.4333265,0.18671831,0.78294176,0.2733053,8.724043,9.5158,1.0907558,0.2718932,2,ACORN-Q,Adversity,ToU
MAC001352,10.635908,2.5505073,0.22247429,1.048196,0.23617336,10.289253,11.506274,1.1182808,0.23980156,1,ACORN-D,Affluent,ToU
MAC001353,6.083356,2.6335838,0.12698531,0.63684505,0.26883048,6.2266016,5.721757,0.9189213,0.43291628,2,ACORN-E,Affluent,Std
MAC001354,17.984112,10.502367,0.375371,1.475219,0.2614199,17.875898,18.255806,1.0212525,0.5839803,1,ACORN-G,Comfortable,Std
MAC001355,12.421992,3.1852891,0.2593388,1.1428667,0.25210443,11.99564,13.492456,1.12478,0.25642338,1,ACORN-M,Adversity,Std
MAC001356,4.1574655,1.311867,0.08677207,0.46737826,0.22069308,4.085531,4.338075,1.0618142,0.3155449,2,ACORN-H,Comfortable,Std
MAC001357,11.213554,4.317254,0.2341997,1.1753278,0.22722477,10.967794,11.830597,1.0786669,0.38500318,1,ACORN-H,Comfortable,Std
MAC001358,12.402122,3.8579712,0.25903293,1.0375736,0.27309453,12.188249,12.942005,1.0618429,0.31107348,1,ACORN-E,Affluent,Std
MAC001359,8.537087,3.6130118,0.17816992,0.72407234,0.32151455,8.427918,8.811486,1.0455116,0.42321363,2,ACORN-D,Affluent,Std
MAC001360,8.028482,2.0317626,0.16797411,0.5770077,0.3119906,8.040118,7.999114,0.99490005,0.2530693,2,ACORN-E,Affluent,ToU
MAC001361,8.351718,2.4370506,0.17452367,0.50274384,0.38575998,8.21909,8.684,1.0565646,0.29180232,2,ACORN-E,Affluent,Std
MAC001362,2.5905805,0.6115525,0.05430348,0.51732004,0.13634859,2.5975118,2.5731773,0.99063164,0.23606774,2,ACORN-P,Adversity,Std
MAC001363,5.475167,1.3568714,0.11473057,0.50393724,0.2810928,5.6429806,5.0538282,0.89559555,0.24782284,2,ACORN-E,Affluent,Std
MAC001364,13.75083,3.3056338,0.2872074,1.3572884,0.23718591,13.400438,14.635329,1.0921531,0.24039522,1,ACORN-N,Adversity,ToU
MAC001365,6.04551,1.2720523,0.12622905,0.3715375,0.35069323,6.1151156,5.870747,0.9600386,0.21041274,2,ACORN-Q,Adversity,Std
MAC001366,8.183114,6.160462,0.17083742,0.53401315,0.37530518,8.215263,8.102246,0.986243,0.7528261,2,ACORN-E,Affluent,ToU
MAC001367,9.384371,3.3668792,0.19593935,0.80843496,0.26301584,9.295967,9.606328,1.0333866,0.35877517,2,ACORN-E,Affluent,Std
MAC001368,4.254784,1.2810104,0.089051776,0.43077642,0.23914042,4.3405375,4.039479,0.9306402,0.3010753,2,ACORN-F,Comfortable,Std
MAC001369,6.183019,1.470944,0.12916467,0.7356326,0.17815469,6.0512767,6.510144,1.0758299,0.23790061,2,ACORN-J,Comfortable,ToU
MAC001370,4.157643,5.52443,0.08680157,0.19322206,0.5654665,4.1956143,4.0623064,0.96822685,1.3287408,2,ACORN-D,Affluent,Std
MAC001371,15.88755,3.3916616,0.33164614,1.0265528,0.37453797,14.956492,18.225204,1.218548,0.2134792,1,ACORN-C,Affluent,Std
MAC001372,1.5935559,1.1219782,0.033300757,0.12124809,0.32271922,1.6097517,1.5528926,0.96467835,0.70407206,2,ACORN-F,Comfortable,ToU
MAC001373,4.2374196,0.78532076,0.08846044,0.31683308,0.32849616,4.1593533,4.433425,1.0658928,0.18532994,2,ACORN-L,Adversity,Std
MAC001374,5.973787,4.2953444,0.12466135,0.6735506,0.24277832,5.574814,6.980924,1.2522255,0.71903205,2,ACORN-E,Affluent,Std
MAC001375,3.1704135,2.4565022,0.06624059,0.54516387,0.17941196,4.0153747,1.0489248,0.26122713,0.77482074,2,ACORN-Q,Adversity,Std
MAC001376,15.147646,4.4257555,0.3172441,1.201147,0.28109586,14.967244,15.600592,1.0423156,0.2921745,1,ACORN-E,Affluent,Std
MAC001377,10.89685,3.1889486,0.22748867,0.9924793,0.24236695,10.65788,11.496844,1.0787177,0.29264867,1,ACORN-F,Comfortable,Std
MAC001378,2.4877377,1.3814465,0.05228547,0.22232975,0.3888376,2.796394,1.7085891,0.61099726,0.5553023,2,ACORN-E,Affluent,Std
MAC001379,3.4923291,0.97629887,0.07302853,0.30143797,0.28779966,3.386501,3.7580376,1.109711,0.27955523,2,ACORN-P,Adversity,Std
MAC001380,21.492691,5.3615594,0.44884795,1.2747626,0.37813652,21.615751,21.18372,0.98001313,0.24945965,1,ACORN-N,Adversity,Std
MAC001381,16.467337,6.1246953,0.3510558,1.0805222,0.3591224,15.579042,18.623135,1.1953967,0.3719299,1,ACORN-Q,Adversity,Std
MAC001382,9.9297,2.5886571,0.20733532,0.7866983,0.29851857,9.583518,10.798877,1.1268176,0.26069844,2,ACORN-F,Comfortable,Std
MAC001383,7.0446553,2.1254601,0.14758852,0.30679753,0.51790977,7.0114565,7.1284595,1.0166874,0.30171245,2,ACORN-Q,Adversity,ToU
MAC001384,6.580185,2.9191928,0.13776915,0.6296922,0.26844868,6.2773447,7.340543,1.1693707,0.44363385,2,ACORN-E,Affluent,Std
MAC001385,2.7859097,0.5612423,0.05815825,0.35589892,0.17612353,2.737034,2.9086237,1.0626918,0.20145746,2,ACORN-P,Adversity,Std
MAC001386,5.049776,1.4266387,0.10603602,0.2963966,0.39014873,5.0635138,5.015285,0.99047524,0.28251526,2,ACORN-E,Affluent,ToU
MAC001387,4.327481,1.6292886,0.09044505,0.37983766,0.3116849,4.2964005,4.405516,1.025397,0.37649816,2,ACORN-E,Affluent,Std
MAC001388,4.0243263,0.67325413,0.083963476,0.7218224,0.16038744,4.0265245,4.0188065,0.9980832,0.16729611,2,ACORN-M,Adversity,Std
MAC001389,1.7553891,0.5442093,0.037018873,0.15990812,0.2645761,1.8013426,1.6400107,0.910438,0.31002203,2,ACORN-Q,Adversity,Std
MAC001390,13.029289,4.766478,0.27257767,1.9486529,0.15289421,13.142071,12.747333,0.9699638,0.36582795,1,ACORN-F,Comfortable,Std
MAC001391,3.2686763,1.0087755,0.068509884,0.27767944,0.29390553,3.2351692,3.3532596,1.0365021,0.30861896,2,ACORN-F,Comfortable,Std
MAC001392,2.0894089,0.6994949,0.04366669,0.367513,0.1623901,2.0391583,2.2155752,1.0865146,0.33478123,2,ACORN-M,Adversity,Std
MAC001393,13.205218,5.1222897,0.27647,1.0528055,0.29134044,12.830994,14.144807,1.1023937,0.3878989,1,ACORN-G,Comfortable,Std
MAC001394,5.134807,2.2965102,0.10787353,0.39737684,0.31898293,4.806527,5.958288,1.2396244,0.44724372,2,ACORN-Q,Adversity,Std
MAC001395,24.503458,6.28021,0.5113817,1.5101011,0.35879734,24.595839,24.271511,0.9868137,0.25629893,1,ACORN-C,Affluent,Std
MAC001396,1.7600445,1.3491935,0.036766138,0.22253373,0.2994425,1.9175867,1.3623568,0.7104538,0.7665678,2,ACORN-G,Comfortable,Std
MAC001397,9.743861,4.03923,0.20351483,0.64265084,0.35831892,9.694659,9.867393,1.0178174,0.41454098,2,ACORN-K,Adversity,Std
MAC001398,9.775161,3.7911608,0.20401299,1.0971292,0.23645988,9.827251,9.64525,0.98147994,0.38783616,1,ACORN-Q,Adversity,Std
MAC001399,7.545594,2.7054975,0.15747924,0.5982297,0.34363848,7.4909506,7.6827903,1.0256095,0.35855326,2,ACORN-H,Comfortable,Std
MAC001400,10.359984,2.6190383,0.21637967,1.0074258,0.22042246,9.1765995,13.331171,1.4527354,0.2528033,1,ACORN-Q,Adversity,Std
MAC001401,7.7994637,5.033537,0.16278215,0.6759648,0.26833656,7.7708716,7.8712525,1.0129176,0.6453696,2,ACORN-C,Affluent,Std
MAC001402,6.474529,1.873031,0.13559866,0.48801225,0.31789106,6.5086684,6.3888116,0.981585,0.28929225,2,ACORN-D,Affluent,ToU
MAC001403,6.0356374,3.173844,0.12607297,0.66305333,0.25322455,5.881179,6.4237123,1.092249,0.5258507,2,ACORN-F,Comfortable,Std
MAC001404,16.882193,11.183407,0.35849994,2.111783,0.18166132,16.351377,18.202755,1.1132245,0.66243804,1,ACORN-E,Affluent,Std
MAC001405,10.394547,3.3061635,0.21688007,0.77058285,0.3169282,10.305397,10.617904,1.0303246,0.3180671,2,ACORN-E,Affluent,ToU
MAC001406,7.745494,1.1481808,0.16165891,0.5399954,0.3463915,7.7531095,7.726414,0.9965568,0.14823855,2,ACORN-Q,Adversity,Std
MAC001407,12.910789,4.52818,0.26963755,1.0230745,0.29540685,13.163727,12.280971,0.93294024,0.3507284,1,ACORN-E,Affluent,ToU
MAC001408,11.960229,3.3858864,0.24970022,1.1574147,0.2332207,11.625524,12.803325,1.1013117,0.28309545,1,ACORN-H,Comfortable,Std
MAC001409,7.0017133,1.9543141,0.14706191,0.69588035,0.25050578,7.170279,6.5793924,0.9175922,0.2791194,2,ACORN-N,Adversity,Std
MAC001410,10.03327,4.3313055,0.20972838,0.784227,0.32621872,9.973399,10.183269,1.021043,0.4316943,2,ACORN-B,Affluent,ToU
MAC001411,11.231178,4.6793795,0.23440875,0.780592,0.33877677,10.727485,12.493118,1.1645898,0.4166419,1,ACORN-E,Affluent,Std
MAC001412,8.054207,2.9061136,0.16901733,0.700908,0.2721762,7.7656264,8.77721,1.1302643,0.36081934,2,ACORN-E,Affluent,Std
MAC001413,3.1567914,1.1200087,0.06581419,0.5879601,0.14457715,3.1620064,3.1437256,0.99421865,0.35479337,2,ACORN-Q,Adversity,ToU
MAC001414,4.4614387,1.9554483,0.09314477,0.5444754,0.2691839,4.4541616,4.4795914,1.0057092,0.43829992,2,ACORN-E,Affluent,ToU
MAC001415,9.063339,2.8301933,0.18902922,0.80600464,0.2683244,9.330127,8.394936,0.8997665,0.31226826,2,ACORN-K,Adversity,Std
MAC001416,11.469278,4.0450335,0.23928653,1.6675107,0.19776696,11.153955,12.25928,1.0990971,0.35268423,1,ACORN-E,Affluent,Std
MAC001417,9.652535,2.2989495,0.201605,0.8151352,0.28301612,9.328706,10.468238,1.1221533,0.23817053,2,ACORN-L,Adversity,ToU
MAC001418,5.083859,1.388862,0.10600273,0.58280164,0.3454385,4.6901693,6.0652714,1.2931881,0.2731905,2,ACORN-Q,Adversity,Std
MAC001419,8.080465,3.232374,0.16897927,0.8395282,0.2511845,8.466625,7.1164746,0.8405326,0.40002325,2,ACORN-G,Comfortable,Std
MAC001420,10.132685,3.627029,0.21174724,0.7302212,0.35037252,9.697626,11.228561,1.1578671,0.3579534,2,ACORN-D,Affluent,ToU
MAC001421,8.670028,1.4396951,0.1807884,0.39511588,0.473344,8.633835,8.759571,1.0145632,0.16605426,2,ACORN-Q,Adversity,ToU
MAC001422,10.331337,2.8047373,0.2159732,0.9434777,0.29143322,10.3847,10.196919,0.9819176,0.27147865,2,ACORN-F,Comfortable,Std
MAC001423,9.284448,2.1180232,0.19415592,0.5141243,0.43177295,9.107839,9.726919,1.0679723,0.22812591,2,ACORN-L,Adversity,Std
MAC001424,2.5608788,1.0864184,0.05346864,0.61215645,0.15068123,2.6109097,2.4355323,0.932829,0.42423657,2,ACORN-E,Affluent,Std
MAC001425,16.976637,5.5395722,0.35434887,1.3401212,0.2832797,17.407541,15.897064,0.9132286,0.32630563,1,ACORN-D,Affluent,Std
MAC001426,3.7710583,0.86357886,0.078893684,0.23995239,0.50030845,3.709116,3.9270864,1.0587661,0.22900173,2,ACORN-Q,Adversity,Std
MAC001427,4.029234,1.06476,0.08493509,0.40204585,0.2546194,3.9257948,4.2895,1.092645,0.26425865,2,ACORN-F,Comfortable,Std
MAC001428,3.8566272,1.2569838,0.080713324,0.48837116,0.18588874,3.6315966,4.420414,1.2172096,0.32592824,2,ACORN-Q,Adversity,Std
MAC001429,19.810944,10.992198,0.41492116,1.0259463,0.59088963,19.917175,19.543362,0.9812316,0.55485487,1,ACORN-E,Affluent,ToU
MAC001430,9.4888315,4.0066843,0.19820252,1.2210417,0.19419181,9.357485,9.816367,1.0490391,0.42225266,1,ACORN-E,Affluent,Std
MAC001431,6.420083,3.3049588,0.1340034,0.6207224,0.25321117,5.9598837,7.573054,1.2706714,0.51478446,2,ACORN-Q,Adversity,ToU
MAC001432,8.993747,3.9447272,0.18817148,0.7898067,0.26723564,8.171464,11.053876,1.3527412,0.43860775,2,ACORN-F,Comfortable,Std
MAC001433,7.809713,3.7430904,0.16337259,0.81606144,0.22338536,7.487757,8.620692,1.151305,0.47928655,2,ACORN-E,Affluent,Std
MAC001434,9.581853,3.4744177,0.19993818,1.0834632,0.2098851,9.484581,9.825554,1.0359502,0.36260393,2,ACORN-E,Affluent,Std
MAC001435,8.071197,3.028081,0.16837998,0.9694862,0.20231326,8.082436,8.043037,0.9951255,0.37517124,2,ACORN-N,Adversity,ToU
MAC001436,4.002569,1.2300256,0.08381349,0.49203375,0.21279383,3.9134526,4.2258387,1.0798236,0.30730903,2,ACORN-E,Affluent,Std
MAC001437,4.422028,2.9230063,0.0925417,0.37433335,0.36288244,4.412232,4.446571,1.0077827,0.6610103,2,ACORN-D,Affluent,ToU
MAC001438,7.526187,3.4073985,0.15701424,0.8198003,0.22087826,7.2152877,8.309319,1.1516268,0.452739,2,ACORN-G,Comfortable,Std
MAC001439,8.039435,2.0220628,0.16774632,1.211181,0.19082971,7.6449246,9.027833,1.1808923,0.251518,2,ACORN-Q,Adversity,Std
MAC001440,7.99769,1.4362594,0.16685763,0.6312868,0.29923096,7.621096,8.941199,1.1732169,0.17958428,2,ACORN-L,Adversity,ToU
MAC001441,5.5553436,1.7715366,0.115963064,0.6286166,0.21624753,5.6326356,5.361699,0.9518988,0.31888875,2,ACORN-Q,Adversity,Std
MAC001442,10.194008,6.153196,0.21448122,0.8095337,0.285851,10.133188,10.346382,1.0210391,0.6036091,1,ACORN-E,Affluent,Std
MAC001443,18.970146,4.630727,0.39732492,1.5588635,0.27633798,19.0024,18.88934,0.9940502,0.24410601,1,ACORN-E,Affluent,Std
MAC001444,6.2785115,1.8974843,0.13109756,0.8692673,0.1796236,6.1468177,6.610238,1.0753919,0.30221882,2,ACORN-H,Comfortable,Std
MAC001445,18.608074,4.584169,0.38846934,1.446208,0.2758524,17.835667,20.560081,1.152751,0.24635376,1,ACORN-E,Affluent,Std
MAC001446,8.219843,1.7346542,0.17169853,0.602265,0.3321311,8.268041,8.098039,0.97943866,0.21103252,2,ACORN-I,Comfortable,Std
MAC001447,7.2938986,4.1190906,0.15239099,0.6987473,0.3081607,7.2445917,7.4185057,1.024006,0.564731,2,ACORN-F,Comfortable,ToU
MAC001448,7.4928193,3.2812624,0.15670823,0.3929769,0.43446046,7.4068193,7.7101574,1.0409539,0.43792093,2,ACORN-B,Affluent,Std
MAC001449,6.4294953,1.8417032,0.1344301,0.55675,0.27723235,6.2423706,6.9013753,1.1055696,0.286446,2,ACORN-Q,Adversity,ToU
MAC001450,9.698735,1.6052386,0.20242608,2.0377765,0.106779374,9.639444,9.848571,1.0216949,0.16551009,1,ACORN-F,Comfortable,Std
MAC001451,13.50308,12.547231,0.28237817,0.7833498,0.627079,13.928409,12.428202,0.89229155,0.92921245,1,ACORN-E,Affluent,Std
MAC001452,10.226755,5.174868,0.21367708,0.6877504,0.34265754,10.292071,10.06169,0.97761565,0.50601274,2,ACORN-E,Affluent,Std
MAC001453,6.479065,2.6504283,0.13515802,0.68061477,0.25933313,6.450189,6.5520377,1.01579,0.40907574,2,ACORN-H,Comfortable,Std
MAC001454,4.115323,1.7408298,0.08611172,0.33795196,0.31361625,4.0822015,4.1988926,1.0285853,0.4230117,2,ACORN-E,Affluent,Std
MAC001455,2.9186656,0.831012,0.060967755,0.32856548,0.34714988,2.8488903,3.0949998,1.0863879,0.28472325,2,ACORN-Q,Adversity,Std
MAC001456,6.7112246,5.59615,0.14084046,0.9225327,0.22515604,6.235052,7.9193635,1.2701359,0.8338493,2,ACORN-M,Adversity,Std
MAC001457,5.480875,1.4026221,0.11452195,0.32566255,0.36220056,5.4585333,5.537337,1.0144367,0.25591207,2,ACORN-E,Affluent,Std
MAC001458,3.4677658,1.2274871,0.072392374,0.3528074,0.23797555,3.4809828,3.434364,0.9866076,0.3539706,2,ACORN-F,Comfortable,Std
MAC001459,6.459647,2.338788,0.13473605,0.767114,0.19561432,6.3306346,6.785685,1.0718807,0.36206126,2,ACORN-Q,Adversity,Std
MAC001460,1.8347874,0.2953764,0.038378835,0.19049615,0.20885368,1.8316365,1.8427501,1.0060675,0.16098672,2,ACORN-Q,Adversity,Std
MAC001461,14.813368,3.5063243,0.30943805,1.0013236,0.3540359,14.917537,14.550114,0.97536975,0.23670001,1,ACORN-E,Affluent,Std
MAC001462,0.9827658,0.24207462,0.020577427,0.08952234,0.23928729,0.9672624,1.0219456,1.056534,0.24631976,2,ACORN-H,Comfortable,Std
MAC001463,17.487732,4.177608,0.36561033,1.307601,0.29772073,17.83453,16.61131,0.93141276,0.23888792,1,ACORN-F,Comfortable,Std
MAC001464,10.131164,5.332127,0.21153897,0.70801544,0.3920987,10.171071,10.03031,0.98616064,0.52630943,2,ACORN-L,Adversity,Std
MAC001465,14.675,4.5005455,0.30659917,1.1049308,0.3208059,14.250542,15.744308,1.1048218,0.30668113,1,ACORN-C,Affluent,Std
MAC001466,3.3401973,1.1377363,0.069691,0.3652003,0.2461858,3.3365483,3.3494186,1.0038574,0.3406195,2,ACORN-F,Comfortable,ToU
MAC001467,12.346998,4.6164937,0.25886554,0.7394653,0.38247466,12.077271,13.028646,1.078774,0.37389603,1,ACORN-K,Adversity,Std
MAC001468,11.455966,1.9816055,0.23969287,0.60544837,0.43391293,11.444389,11.485223,1.0035679,0.17297585,2,ACORN-O,Adversity,Std
MAC001469,27.183208,22.043196,0.5674919,1.5970339,0.42624432,27.171974,27.211603,1.0014584,0.8109122,0,ACORN-E,Affluent,Std
MAC001470,12.704472,5.7911777,0.26735923,1.2657458,0.2541435,12.009675,14.460341,1.2040577,0.45583776,1,ACORN-E,Affluent,ToU
MAC001471,12.744668,3.7781506,0.2662575,1.2183086,0.25175077,12.630134,13.035699,1.0321109,0.2964495,1,ACORN-C,Affluent,ToU
MAC001472,6.0358906,1.9863955,0.12591389,0.46727735,0.40291852,6.0434384,6.016815,0.9955947,0.32909733,2,ACORN-M,Adversity,Std
MAC001473,7.9493303,1.9816988,0.16612549,0.51405853,0.35335472,8.022496,7.7644243,0.9678315,0.24929129,2,ACORN-G,Comfortable,Std
MAC001474,5.478818,0.92738795,0.11462607,0.44710475,0.33185425,5.3866577,5.711723,1.0603464,0.1692679,2,ACORN-L,Adversity,Std
MAC001475,5.5167074,2.5176044,0.11572241,0.81041604,0.18830249,5.4133635,5.777875,1.0673355,0.45635995,2,ACORN-E,Affluent,ToU
MAC001476,3.5121448,1.3951561,0.07356803,0.24875121,0.3858914,3.452652,3.6613812,1.0604547,0.39723766,2,ACORN-M,Adversity,Std
MAC001477,16.235403,2.7045088,0.33870736,1.7858682,0.1973726,16.485569,15.589138,0.9456233,0.16658095,1,ACORN-E,Affluent,ToU
MAC001478,3.9215183,1.093045,0.08187962,0.45472267,0.23191148,3.7468235,4.358255,1.1631866,0.27873003,2,ACORN-E,Affluent,Std
MAC001479,31.999622,12.531338,0.6691825,1.894054,0.36014205,32.86291,29.822638,0.9074862,0.39160892,0,ACORN-E,Affluent,Std
MAC001480,7.5817404,1.0416512,0.15829726,0.46614042,0.37452745,7.636332,7.444076,0.97482353,0.13738947,2,ACORN-N,Adversity,ToU
MAC001481,6.1856356,2.448563,0.1291884,0.54316205,0.27369493,6.0838623,6.4422827,1.0589134,0.39584664,2,ACORN-F,Comfortable,Std
MAC001482,7.839547,4.4535975,0.16346139,0.43074033,0.3877945,7.9236765,7.6262345,0.96246165,0.5680937,2,ACORN-E,Affluent,ToU
MAC001483,3.116594,1.2925373,0.06525372,0.3931991,0.2686345,3.0409503,3.3073478,1.0876033,0.4147275,2,ACORN-Q,Adversity,Std
MAC001484,11.919593,3.5484254,0.2488827,1.0893364,0.2585282,11.497992,12.98276,1.1291329,0.29769686,1,ACORN-N,Adversity,Std
MAC001485,5.201844,2.1681306,0.10846946,0.6129491,0.21609554,5.317862,4.9092774,0.9231675,0.41680038,2,ACORN-N,Adversity,Std
MAC001486,17.632708,4.7105393,0.36822772,1.3916234,0.28242564,16.94427,19.368773,1.1430869,0.2671478,1,ACORN-K,Adversity,Std
MAC001487,2.3357656,0.7104801,0.04889837,0.31686574,0.22652447,2.3270473,2.35775,1.0131938,0.3041744,2,ACORN-E,Affluent,ToU
MAC001488,8.108853,4.3100424,0.16942962,0.40818548,0.42234832,8.070935,8.204995,1.0166103,0.53152305,2,ACORN-C,Affluent,Std
MAC001489,6.036008,1.2254359,0.12638018,0.37384725,0.35401365,6.325349,5.306364,0.83890456,0.20302092,2,ACORN-Q,Adversity,Std
MAC001490,6.0510187,1.7658069,0.12655327,0.54123956,0.28011635,6.1503363,5.799197,0.94290733,0.29181978,2,ACORN-F,Comfortable,Std
MAC001491,10.615017,3.0757766,0.22203024,1.0840648,0.24867877,10.264463,11.4990225,1.120275,0.2897571,1,ACORN-F,Comfortable,Std
MAC001492,5.6706424,1.9587721,0.11850944,0.43569195,0.31256822,5.5062814,6.0833316,1.1047986,0.3454233,2,ACORN-F,Comfortable,Std
MAC001493,9.885245,3.446151,0.20664649,0.9474398,0.25580043,9.308309,11.340131,1.2182806,0.34861562,1,ACORN-K,Adversity,Std
MAC001494,5.060287,1.0404781,0.10557124,0.36380863,0.31898776,4.885793,5.500315,1.1257774,0.20561643,2,ACORN-H,Comfortable,Std
MAC001495,31.093102,25.467403,0.6491581,1.9036852,0.35608503,31.133957,30.990076,0.9953787,0.81906927,0,ACORN-D,Affluent,ToU
MAC001496,7.7162285,1.6274674,0.16117862,0.69995373,0.25213653,7.6038427,7.9996357,1.0520517,0.21091488,2,ACORN-Q,Adversity,Std
MAC001497,4.214869,1.7180477,0.08800952,0.3233611,0.2804719,4.206274,4.236543,1.0071962,0.40761593,2,ACORN-H,Comfortable,Std
MAC001498,8.208749,4.753982,0.17266916,0.89404625,0.2298343,7.5004463,9.994903,1.3325744,0.579136,2,ACORN-E,Affluent,Std
MAC001499,10.102796,8.092006,0.21081218,0.9515494,0.3097866,10.214041,9.822267,0.9616436,0.800967,1,ACORN-E,Affluent,Std
MAC001500,5.3748283,2.2507489,0.11247436,0.5571901,0.24068895,5.216136,5.777197,1.1075625,0.41875735,2,ACORN-E,Affluent,Std
MAC001501,6.0714693,1.5121104,0.1279175,0.3895895,0.36155233,6.0392094,6.1528206,1.0188123,0.2490518,2,ACORN-E,Affluent,Std
MAC001502,17.252714,7.9065022,0.36011246,1.2886603,0.3160547,17.939678,15.531444,0.8657593,0.45827585,1,ACORN-D,Affluent,Std
MAC001503,5.610259,1.0452335,0.11707131,0.303946,0.4047174,5.640834,5.533158,0.9809113,0.18630752,2,ACORN-Q,Adversity,Std
MAC001504,3.6322596,2.2704344,0.07582041,0.31293198,0.30091506,3.664097,3.5515356,0.9692799,0.6250749,2,ACORN-E,Affluent,Std
MAC001505,9.208466,2.456918,0.19304396,0.69692594,0.31077182,9.263866,9.068761,0.97893906,0.2668108,2,ACORN-K,Adversity,ToU
MAC001506,11.545403,6.732209,0.24233742,0.87543213,0.33020002,11.518352,11.61362,1.008271,0.58310735,1,ACORN-E,Affluent,Std
MAC001507,15.976316,3.456062,0.33358485,0.87854326,0.41012433,16.148706,15.541593,0.9624048,0.21632409,1,ACORN-H,Comfortable,Std
MAC001508,7.2054267,1.6478305,0.15050131,0.59789646,0.28244096,7.2440367,7.1082716,0.9812584,0.22869298,2,ACORN-F,Comfortable,ToU
MAC001509,5.6966696,1.2435365,0.11900802,0.59908485,0.23598921,5.514308,6.156538,1.1164662,0.21829183,2,ACORN-Q,Adversity,ToU
MAC001510,23.249353,11.002178,0.48546943,1.8975061,0.26012492,22.66758,24.716436,1.0903871,0.47322512,1,ACORN-A,Affluent,Std
MAC001511,10.51645,1.9962395,0.22015272,0.70157033,0.33697394,10.340341,10.962978,1.0602144,0.18982066,2,ACORN-L,Adversity,Std
MAC001512,5.6335154,1.3349289,0.11763226,0.52684414,0.29176775,5.545735,5.854875,1.0557438,0.23696196,2,ACORN-L,Adversity,ToU
MAC001513,10.306052,1.9597996,0.21528158,0.50196916,0.4613104,10.314731,10.284168,0.997037,0.19016008,2,ACORN-E,Affluent,Std
MAC001514,40.63717,14.568041,0.8485968,2.1371958,0.43841642,41.626453,38.142445,0.91630304,0.35849056,0,ACORN-E,Affluent,Std
MAC001515,9.020165,1.5840864,0.18864377,0.4600372,0.43773562,8.950448,9.196175,1.0274541,0.17561612,2,ACORN-F,Comfortable,Std
MAC001516,10.024568,7.9430995,0.20924559,0.6041836,0.41522354,10.005236,10.07332,1.006805,0.7923633,1,ACORN-E,Affluent,Std
MAC001517,5.9303255,1.8169901,0.12369257,0.4813673,0.3135484,5.8922715,6.026288,1.0227444,0.3063896,2,ACORN-E,Affluent,Std
MAC001518,10.056991,6.56531,0.20996857,1.1114229,0.20924342,9.654433,11.072136,1.1468447,0.6528106,1,ACORN-D,Affluent,Std
MAC001519,8.609862,1.4152535,0.18037114,0.44231838,0.46292907,8.463302,8.98147,1.0612253,0.16437586,2,ACORN-E,Affluent,Std
MAC001520,4.340054,2.5832875,0.09084171,0.48245677,0.25689858,4.2855515,4.4774947,1.0447885,0.5952201,2,ACORN-L,Adversity,Std
MAC001521,12.70765,2.4910848,0.26553902,0.7429349,0.4028868,12.764984,12.562907,0.9841694,0.19603033,1,ACORN-E,Affluent,Std
MAC001522,16.289322,21.2598,0.34000495,0.7507929,0.56547195,16.383694,16.050037,0.9796349,1.3051372,1,ACORN-E,Affluent,Std
MAC001523,13.808542,3.298221,0.28932118,0.8403488,0.37157735,13.313384,15.057206,1.1309826,0.23885368,1,ACORN-F,Comfortable,Std
MAC001524,17.741941,9.144915,0.37135148,1.3604475,0.2715566,17.492939,18.369858,1.0501299,0.51544046,1,ACORN-N,Adversity,Std
MAC001525,5.720449,0.7817381,0.11946386,0.4205324,0.3015033,5.69661,5.7805653,1.0147377,0.13665678,2,ACORN-H,Comfortable,Std
MAC001526,3.8221714,4.2468753,0.08016902,0.40422377,0.490525,3.8495712,3.753076,0.9749335,1.1111158,2,ACORN-E,Affluent,Std
MAC001527,4.6617064,0.994812,0.09727009,0.5974923,0.21272367,4.6595774,4.667076,1.0016093,0.21340083,2,ACORN-Q,Adversity,Std
MAC001528,14.489512,5.1084228,0.30268446,0.818218,0.4097622,15.043681,13.08441,0.86976117,0.35256,1,ACORN-A,Affluent,Std
MAC001529,2.9301639,0.81465095,0.061225567,0.3398949,0.22591884,2.9542587,2.869071,0.97116446,0.27802232,2,ACORN-E,Affluent,ToU
MAC001530,9.135431,2.8541126,0.19145352,0.7053179,0.31357816,8.678795,10.286951,1.1852971,0.3124223,2,ACORN-O,Adversity,Std
MAC001531,10.258713,1.4113101,0.21406396,0.82499075,0.31217325,10.195597,10.417875,1.0218015,0.13757184,2,ACORN-J,Comfortable,Std
MAC001532,8.162473,2.674558,0.17033407,0.8832933,0.2548381,8.159422,8.170163,1.0013164,0.32766515,2,ACORN-E,Affluent,Std
MAC001533,7.738744,3.1090631,0.16150467,0.870054,0.20830634,7.5693016,8.166033,1.0788357,0.40175295,2,ACORN-A,Affluent,Std
MAC001534,12.416359,3.2971294,0.25902915,0.7884568,0.35789835,12.7073965,11.682441,0.9193418,0.26554722,1,ACORN-E,Affluent,Std
MAC001535,5.2131233,2.9528337,0.10872126,0.63663113,0.18638895,5.4674225,4.5718474,0.836198,0.5664231,2,ACORN-F,Comfortable,Std
MAC001536,9.96332,2.8616297,0.20851147,0.7441019,0.3205729,9.632565,10.797397,1.1209265,0.28721648,2,ACORN-L,Adversity,ToU
MAC001537,14.430402,7.298406,0.30167195,1.0680041,0.30174664,14.045756,15.407237,1.0969318,0.505766,1,ACORN-E,Affluent,Std
MAC001538,20.463821,4.740667,0.4282219,1.2692345,0.3619482,20.53701,20.27926,0.9874495,0.23166087,1,ACORN-I,Comfortable,ToU
MAC001539,10.181993,6.697915,0.21290176,0.93591046,0.25381094,9.759324,11.247853,1.1525238,0.6578197,1,ACORN-D,Affluent,Std
MAC001540,5.8995214,1.1284014,0.12336609,0.43446758,0.31651402,5.925179,5.8348207,0.98475015,0.19127,2,ACORN-Q,Adversity,Std
MAC001541,16.45045,9.07908,0.3433424,1.2354722,0.34628558,17.008387,15.0434885,0.88447475,0.5519046,1,ACORN-E,Affluent,Std
MAC001542,7.8859706,1.2334442,0.16481043,0.5182593,0.3489693,7.767955,8.183576,1.0535046,0.15640995,2,ACORN-F,Comfortable,ToU
MAC001543,5.465579,1.7674553,0.11409457,0.47922993,0.27305758,5.403371,5.6224513,1.0405451,0.32337934,2,ACORN-F,Comfortable,Std
MAC001544,16.81455,8.746106,0.3508276,1.2924213,0.29861343,16.997383,16.353489,0.962118,0.5201511,1,ACORN-C,Affluent,Std
MAC001545,4.563366,0.97683793,0.09532572,0.20847377,0.48553595,4.478002,4.7786303,1.0671345,0.21406084,2,ACORN-Q,Adversity,Std
MAC001546,9.899824,3.6411524,0.20762533,0.71893364,0.36284792,9.950752,9.771397,0.9819757,0.3677997,2,ACORN-Q,Adversity,Std
MAC001547,8.689338,3.3211136,0.18169518,0.80106485,0.27375573,8.345868,9.555478,1.1449351,0.3822056,2,ACORN-E,Affluent,ToU
MAC001548,18.885603,5.1075573,0.39394665,1.3119923,0.34245542,18.522373,19.80157,1.0690624,0.27044713,1,ACORN-F,Comfortable,Std
MAC001549,8.76744,4.115379,0.18339373,0.6442361,0.36125284,8.807015,8.667641,0.98417455,0.46939346,2,ACORN-Q,Adversity,Std
MAC001550,13.035816,14.794502,0.27290013,1.0150031,0.47253013,12.973928,13.19188,1.0167992,1.1349119,1,ACORN-M,Adversity,Std
MAC001551,6.4136662,1.8574001,0.13395457,1.0997449,0.13628045,6.285983,6.73741,1.0718149,0.28960037,2,ACORN-N,Adversity,Std
MAC001552,6.5248165,3.75254,0.1362667,0.38716537,0.42960453,6.4768186,6.646514,1.0262004,0.5751181,2,ACORN-D,Affluent,Std
MAC001553,6.6859803,4.3120923,0.14021464,0.54402006,0.31755018,6.740222,6.549196,0.97165877,0.6449454,2,ACORN-C,Affluent,Std
MAC001554,4.793014,1.4811528,0.10011336,0.4343997,0.29483435,4.6423945,5.172837,1.1142604,0.30902326,2,ACORN-Q,Adversity,ToU
MAC001555,7.540369,2.1310983,0.15728168,1.1182361,0.15929373,7.3225193,8.089728,1.1047739,0.2826252,2,ACORN-N,Adversity,Std
MAC001556,16.351429,10.793482,0.3439291,1.5214769,0.21954308,16.249083,16.609528,1.0221825,0.6600941,1,ACORN-E,Affluent,ToU
MAC001557,7.5412574,1.4806366,0.15760705,1.3733889,0.24992856,7.9707522,6.4581847,0.81023526,0.19633816,2,ACORN-Q,Adversity,Std
MAC001558,3.6032515,3.435107,0.075206995,0.259537,0.25165468,3.5821314,3.6565108,1.020764,0.95333534,2,ACORN-Q,Adversity,Std
MAC001559,9.563661,3.0551407,0.1996844,1.0273627,0.21856089,9.683127,9.262397,0.9565501,0.31945306,2,ACORN-J,Comfortable,ToU
MAC001560,10.99973,1.3158642,0.2308723,0.49892285,0.4711195,10.924639,11.189093,1.0242071,0.119626954,2,ACORN-Q,Adversity,Std
MAC001561,16.03614,7.394462,0.3346798,1.3131404,0.30887586,15.934082,16.293505,1.0225569,0.46111232,1,ACORN-D,Affluent,Std
MAC001562,20.47821,10.524804,0.4282927,1.9100462,0.23508343,20.366327,20.760353,1.019347,0.51395136,1,ACORN-E,Affluent,Std
MAC001563,14.360769,3.8256419,0.3003393,1.353429,0.2539134,13.506372,16.515331,1.2227807,0.26639533,1,ACORN-F,Comfortable,Std
MAC001564,16.432175,7.9313016,0.34277058,1.5223857,0.22938804,16.692259,15.776316,0.94512767,0.48266903,1,ACORN-E,Affluent,ToU
MAC001565,7.3002167,1.6404563,0.15279084,0.3841609,0.42405668,7.454945,6.9102654,0.92693716,0.22471337,2,ACORN-Q,Adversity,Std
MAC001566,4.374425,0.79063696,0.09143827,0.26602164,0.38445905,4.3283715,4.4903097,1.0374132,0.18074077,2,ACORN-G,Comfortable,ToU
MAC001567,11.426368,3.3692632,0.23849794,1.2934837,0.20608436,10.194945,14.525001,1.4247257,0.2948674,1,ACORN-L,Adversity,Std
MAC001568,5.4098516,1.8476952,0.112908214,0.516422,0.28632855,5.2263026,5.8717175,1.1234936,0.3415427,2,ACORN-J,Comfortable,Std
MAC001569,12.367251,3.1436539,0.25794882,0.9605255,0.2961798,12.079048,13.092462,1.0838984,0.2541918,1,ACORN-F,Comfortable,Std
MAC001570,15.290424,4.7046123,0.3191749,1.3146322,0.25744128,15.675769,14.320777,0.9135614,0.30768356,1,ACORN-F,Comfortable,Std
MAC001571,35.541035,30.551397,0.7426472,1.7197295,0.43266788,35.725475,35.076916,0.98184603,0.8596091,0,ACORN-E,Affluent,Std
MAC001572,8.051546,1.1376361,0.16808033,0.49655023,0.35515314,8.126255,7.8635545,0.96767265,0.1412941,2,ACORN-E,Affluent,Std
MAC001573,5.227097,0.8452827,0.1093496,0.40413755,0.3031229,5.189719,5.321152,1.0253257,0.1617117,2,ACORN-F,Comfortable,Std
MAC001574,4.8285275,1.4353336,0.10120228,0.3019968,0.3931549,4.81234,4.869364,1.0118495,0.29726115,2,ACORN-Q,Adversity,Std
MAC001575,19.512075,8.184085,0.40849212,1.2809565,0.3341124,19.590988,19.31437,0.9858803,0.41943693,1,ACORN-E,Affluent,Std
MAC001576,24.47119,9.728417,0.51289624,1.7945536,0.3018945,24.520012,24.348864,0.99302006,0.39754575,0,ACORN-E,Affluent,ToU
MAC001577,9.463971,3.6687605,0.19823043,0.82523173,0.2824601,9.583667,9.164733,0.95628667,0.3876555,2,ACORN-E,Affluent,Std
MAC001578,11.727883,1.5002285,0.24504939,0.5948171,0.4250286,11.625315,11.984864,1.0309281,0.12791981,2,ACORN-K,Adversity,Std
MAC001579,24.019783,5.38341,0.5012627,1.6444434,0.3289833,23.332169,25.742554,1.1033074,0.224124,1,ACORN-C,Affluent,Std
MAC001580,12.22596,7.637822,0.25585982,0.8786252,0.37517953,12.244069,12.180437,0.994803,0.6247217,1,ACORN-D,Affluent,Std
MAC001581,8.800387,1.5714827,0.18404178,0.7912543,0.268343,8.64236,9.196315,1.0640976,0.17856972,2,ACORN-K,Adversity,Std
MAC001582,4.988022,2.3214734,0.10553533,0.5143419,0.23519552,4.895866,5.217231,1.0656401,0.4654096,2,ACORN-Q,Adversity,Std
MAC001583,11.020467,2.1512766,0.23024523,0.9839162,0.25642183,10.682441,11.86737,1.110923,0.19520739,1,ACORN-Q,Adversity,Std
MAC001584,6.37625,3.5941176,0.13300407,0.6182729,0.27100772,6.152265,6.937429,1.1276219,0.56367266,2,ACORN-D,Affluent,Std
MAC001585,7.0432615,2.3415923,0.14710818,0.6536295,0.2629462,6.9305987,7.3255324,1.0569841,0.33245853,2,ACORN-G,Comfortable,Std
MAC001586,5.8683767,1.8034011,0.12257371,0.71086824,0.21341754,5.5641603,6.630571,1.1916571,0.30730835,2,ACORN-L,Adversity,ToU
MAC001587,11.606972,4.5974503,0.24353427,0.84232247,0.3707792,11.526957,11.8074465,1.0243334,0.39609388,1,ACORN-F,Comfortable,Std
MAC001588,14.524785,4.8360324,0.3034506,1.096169,0.316424,14.198401,15.342516,1.0805805,0.33295035,1,ACORN-L,Adversity,Std
MAC001589,4.9292154,2.9667358,0.103092924,0.71147597,0.23224552,4.8973274,5.009109,1.022825,0.60186774,2,ACORN-E,Affluent,Std
MAC001590,27.750273,11.832725,0.58009624,1.7696791,0.3458943,28.131887,26.794163,0.9524481,0.4264003,0,ACORN-E,Affluent,ToU
MAC001591,3.338062,0.831636,0.06964918,0.24111629,0.3046115,3.3232994,3.3750489,1.0155717,0.24913737,2,ACORN-H,Comfortable,Std
MAC001592,9.923503,2.8853922,0.20743379,0.9257594,0.29936212,9.808648,10.210642,1.0409836,0.29076347,2,ACORN-G,Comfortable,Std
MAC001593,8.958646,1.5191537,0.18764715,0.40440217,0.51952064,8.716716,9.568099,1.0976725,0.16957404,2,ACORN-N,Adversity,Std
MAC001594,17.159426,3.2440846,0.3595703,0.7007174,0.53960395,16.537067,18.727224,1.1324393,0.18905555,1,ACORN-Q,Adversity,Std
MAC001595,3.2348497,1.1233175,0.06745696,0.46804655,0.17551231,3.2012691,3.3189836,1.0367712,0.34725493,2,ACORN-E,Affluent,Std
MAC001596,2.7496436,2.0423667,0.05750219,0.4005324,0.39873362,2.7737699,2.689838,0.96974087,0.7427751,2,ACORN-E,Affluent,ToU
MAC001597,8.297953,3.5880306,0.17330867,0.8711007,0.21676295,8.105078,8.781185,1.0834178,0.4323995,2,ACORN-L,Adversity,ToU
MAC001598,15.689697,2.7056117,0.3277515,1.5933355,0.21850647,15.393163,16.436705,1.0677925,0.17244512,1,ACORN-Q,Adversity,Std
MAC001599,6.102672,2.45724,0.12996098,0.48008683,0.35417104,5.9016657,6.596256,1.1176939,0.40264988,2,ACORN-F,Comfortable,Std
MAC001600,3.611138,1.0580293,0.07563979,0.29768217,0.3408571,3.5058742,3.8748696,1.1052506,0.29299054,2,ACORN-U,ACORN-U,Std
MAC001601,23.773293,8.831491,0.49683556,1.6847563,0.3052278,23.241123,25.11389,1.0805799,0.37148795,1,ACORN-F,Comfortable,Std
MAC001602,2.564983,0.80006015,0.053580936,0.20395812,0.33914852,2.5621932,2.5719728,1.003817,0.31191638,2,ACORN-F,Comfortable,ToU
MAC001603,28.048637,6.0375614,0.58560485,1.8468416,0.32767603,27.672224,28.989674,1.0476091,0.2152533,0,ACORN-Q,Adversity,Std
MAC001604,15.00271,4.016854,0.31384468,1.3251846,0.26939616,14.501188,16.25924,1.121235,0.2677419,1,ACORN-M,Adversity,Std
MAC001605,6.6636653,2.0334356,0.13927773,0.9014419,0.17644903,6.328297,7.5039077,1.1857704,0.3051527,2,ACORN-J,Comfortable,Std
MAC001606,4.1555877,3.8626056,0.08711612,0.22240776,0.4578735,4.091965,4.314989,1.0545028,0.9294968,2,ACORN-E,Affluent,Std
MAC001607,6.2373815,2.2186778,0.13032666,0.56448835,0.34876022,6.299312,6.0822177,0.96553683,0.3557066,2,ACORN-N,Adversity,Std
MAC001608,18.087389,5.799313,0.37815207,1.3915814,0.27626038,17.939526,18.457853,1.0288931,0.32062742,1,ACORN-L,Adversity,Std
MAC001609,6.770741,2.118386,0.14195375,0.52808684,0.30850995,6.519624,7.399897,1.135019,0.3128736,2,ACORN-E,Affluent,Std
MAC001610,3.0019536,0.97540694,0.0626651,0.39068168,0.21350199,2.719174,3.7089021,1.3639812,0.32492405,2,ACORN-E,Affluent,ToU
MAC001611,14.021894,3.9581246,0.29268852,1.4969426,0.21332242,13.285351,15.867255,1.1943423,0.28228173,1,ACORN-M,Adversity,Std
MAC001612,10.275599,4.092534,0.21477796,0.82200617,0.3070244,10.694882,9.225109,0.86257225,0.39827695,2,ACORN-D,Affluent,ToU
MAC001613,21.228617,7.5259795,0.44343677,1.2299814,0.3944304,20.393467,23.321026,1.1435537,0.3545205,1,ACORN-D,Affluent,Std
MAC001614,8.971606,2.6154325,0.18751554,0.7382465,0.283034,8.545575,10.0390005,1.1747601,0.29152334,2,ACORN-D,Affluent,ToU
MAC001615,2.862511,1.5631199,0.059865683,0.9886754,0.110630736,2.78655,3.052413,1.0954094,0.546066,2,ACORN-F,Comfortable,Std
MAC001616,6.112503,1.4430784,0.1275816,0.74614906,0.1910366,5.980107,6.443495,1.0774882,0.23608632,2,ACORN-Q,Adversity,Std
MAC001617,6.672519,3.5140018,0.13942608,0.6269469,0.25852662,6.310526,7.5784917,1.2009287,0.526638,2,ACORN-E,Affluent,Std
MAC001618,12.968696,2.953122,0.27114612,0.8562205,0.35835093,12.287894,14.670701,1.193915,0.22771156,1,ACORN-H,Comfortable,Std
MAC001619,10.2584095,2.6545022,0.21426503,1.3021723,0.19512254,9.963114,10.996653,1.1037365,0.25876352,1,ACORN-M,Adversity,Std
MAC001620,13.830091,2.0632122,0.28941968,0.95869094,0.33662128,13.366898,14.988075,1.121283,0.14918283,1,ACORN-Q,Adversity,Std
MAC001621,8.475278,5.5289135,0.17758375,0.91258544,0.23180217,8.289619,8.939424,1.0783877,0.65235776,2,ACORN-N,Adversity,Std
MAC001622,1.9625963,0.6500253,0.0409216,0.24036336,0.17787524,1.8230913,2.3113587,1.2678239,0.33120683,2,ACORN-Q,Adversity,Std
MAC001623,8.957872,3.1601765,0.18703903,0.7790124,0.279818,8.045403,11.23905,1.3969531,0.35278204,2,ACORN-E,Affluent,Std
MAC001624,5.8549643,1.8830082,0.12234202,0.44002172,0.34846494,5.3284893,7.1711516,1.3458133,0.32160884,2,ACORN-E,Affluent,Std
MAC001625,14.819227,3.3603225,0.30974296,1.331368,0.25513443,14.120209,16.56677,1.1732666,0.22675423,1,ACORN-F,Comfortable,Std
MAC001626,14.543189,3.7641344,0.30521825,1.9001569,0.17334731,14.369096,14.978418,1.0424051,0.25882456,1,ACORN-G,Comfortable,ToU
MAC001627,12.250454,1.7717851,0.25630194,0.643944,0.4276325,11.846457,13.265968,1.1198258,0.14463016,1,ACORN-N,Adversity,Std
MAC001628,6.7092443,2.5310278,0.1400419,0.6826153,0.25101814,6.6143956,6.9489727,1.0505831,0.37724483,2,ACORN-A,Affluent,Std
MAC001629,1.8258346,2.2162366,0.038145963,0.21528947,0.3555953,1.7893875,1.9186534,1.0722404,1.213821,2,ACORN-F,Comfortable,Std
MAC001630,8.46736,3.307391,0.1767411,0.8087134,0.23431544,8.537518,8.290038,0.9710127,0.39060476,2,ACORN-F,Comfortable,Std
MAC001631,9.808273,2.9892056,0.20518072,0.7356084,0.3087578,9.456531,10.702205,1.1317264,0.3047637,2,ACORN-F,Comfortable,Std
MAC001632,3.459938,2.0417218,0.0723141,0.31120333,0.304834,3.4722767,3.4287293,0.9874585,0.59010357,2,ACORN-E,Affluent,Std
MAC001633,5.134615,1.9126724,0.10750294,0.39163503,0.29290363,4.991853,5.492772,1.1003473,0.37250552,2,ACORN-E,Affluent,Std
MAC001634,11.055623,5.622898,0.23695582,1.4215531,0.1826421,10.920225,11.397519,1.0437074,0.5086008,1,ACORN-J,Comfortable,Std
MAC001635,3.7483768,1.1676344,0.07845105,0.3371729,0.30779085,3.6005912,4.121901,1.1447846,0.311504,2,ACORN-F,Comfortable,Std
MAC001636,10.635752,1.7754194,0.2223731,0.5308424,0.43539116,10.620396,10.674779,1.0051206,0.16692938,2,ACORN-G,Comfortable,ToU
MAC001637,5.4335017,1.7408639,0.11349775,0.36130843,0.3483306,5.4859934,5.3008294,0.96624786,0.3203945,2,ACORN-F,Comfortable,Std
MAC001638,6.814601,3.3073268,0.14310266,0.549791,0.3075973,6.7118583,7.0737143,1.0539129,0.48532948,2,ACORN-D,Affluent,Std
MAC001639,8.72199,2.2605488,0.18234137,0.8093303,0.27952486,8.647735,8.909664,1.0302888,0.2591781,2,ACORN-O,Adversity,Std
MAC001640,6.137989,1.5548633,0.12821308,0.26939252,0.4902937,6.0529156,6.353011,1.0495787,0.25331804,2,ACORN-Q,Adversity,Std
MAC001641,30.816519,9.174646,0.6463562,1.3936044,0.5180758,31.444712,29.22878,0.9295293,0.29771847,0,ACORN-E,Affluent,Std
MAC001642,21.147282,8.999987,0.44152072,1.4812819,0.30531314,20.335756,23.19839,1.1407684,0.425586,1,ACORN-D,Affluent,ToU
MAC001643,14.445882,6.314272,0.30212453,1.2215748,0.26327026,14.361067,14.660248,1.0208328,0.4370984,1,ACORN-N,Adversity,Std
MAC001644,6.7948675,5.5058117,0.14347571,0.5717371,0.44608527,6.320019,8.01048,1.2674773,0.8102898,2,ACORN-E,Affluent,Std
MAC001645,7.1895347,2.962193,0.15019491,0.78318846,0.24971743,7.111604,7.3865,1.0386546,0.41201457,2,ACORN-H,Comfortable,ToU
MAC001646,10.677028,6.3403473,0.22334373,0.69028974,0.3609839,9.637448,13.304539,1.3805043,0.59383076,1,ACORN-F,Comfortable,Std
MAC001647,3.8063908,1.079368,0.07951601,0.21725626,0.43781382,3.7756398,3.8837748,1.0286402,0.2835673,2,ACORN-E,Affluent,Std
MAC001648,3.0018349,1.0542141,0.06273918,0.3978193,0.1917215,2.8704913,3.3338022,1.1614047,0.3511899,2,ACORN-Q,Adversity,Std
MAC001649,20.679508,15.939937,0.4313007,1.2474375,0.34859076,20.665184,20.715555,1.0024375,0.7708083,1,ACORN-F,Comfortable,Std
MAC001650,10.085199,3.0847688,0.21050727,1.0968596,0.203773,9.561672,11.415712,1.1939033,0.3058709,1,ACORN-H,Comfortable,ToU
MAC001651,8.747151,2.014738,0.18296006,0.81349224,0.2539885,8.542071,9.265484,1.0846882,0.23033077,2,ACORN-E,Affluent,ToU
MAC001652,5.935514,1.7685261,0.12412571,0.7147882,0.21767722,5.895135,6.0375714,1.0241617,0.29795668,2,ACORN-C,Affluent,Std
MAC001653,18.434298,7.44993,0.4384953,1.3134258,0.39681616,17.37745,20.9355,1.2047509,0.4041342,1,ACORN-A,Affluent,ToU
MAC001654,1.1368454,1.4422315,0.023810012,0.09282133,0.3232832,1.1119256,1.2000849,1.0792853,1.268626,2,ACORN-E,Affluent,Std
MAC001655,3.035687,1.9046521,0.063399546,0.35078815,0.28187153,2.8614872,3.4759727,1.2147434,0.6274205,2,ACORN-E,Affluent,ToU
MAC001656,13.944584,5.7772374,0.29138488,1.0218364,0.32853892,14.367694,12.875187,0.8961206,0.41429973,1,ACORN-D,Affluent,Std
MAC001657,2.8861108,0.8827991,0.06032721,0.33135623,0.20900902,2.956303,2.7081106,0.9160464,0.30587846,2,ACORN-Q,Adversity,Std
MAC001658,7.33466,2.0978885,0.15364243,0.7374025,0.25370455,7.302926,7.4153094,1.0153888,0.28602394,2,ACORN-L,Adversity,ToU
MAC001659,6.9260063,2.1313117,0.14459759,0.43748754,0.36381674,6.8884845,7.0208406,1.0192142,0.3077259,2,ACORN-F,Comfortable,Std
MAC001660,6.286958,1.8644964,0.13126317,0.6857679,0.22708291,6.327539,6.18439,0.9773768,0.29656574,2,ACORN-F,Comfortable,ToU
MAC001661,21.640945,8.206167,0.45253494,1.4039564,0.34844264,22.018278,20.687248,0.93954885,0.37919635,1,ACORN-C,Affluent,Std
MAC001662,3.5627456,1.254441,0.07462204,0.28491575,0.35432228,3.4570153,3.8314528,1.1083124,0.35209954,2,ACORN-E,Affluent,Std
MAC001663,4.3955264,2.0107763,0.093516335,0.3426422,0.3379064,4.3779125,4.4398518,1.0141481,0.45745972,2,ACORN-Q,Adversity,Std
MAC001664,18.249388,8.103625,0.380896,1.3668209,0.29741055,18.01963,18.830093,1.0449767,0.44404915,1,ACORN-C,Affluent,Std
MAC001665,28.459602,8.794692,0.5956921,1.3553584,0.5048393,28.153204,29.234911,1.0384221,0.3090237,0,ACORN-E,Affluent,Std
MAC001666,12.716181,2.8311408,0.26572224,0.8505748,0.3338171,12.601713,13.005494,1.0320418,0.22264081,1,ACORN-K,Adversity,Std
MAC001667,6.153808,0.9992433,0.12855178,0.4063276,0.3445076,6.198352,6.040602,0.9745498,0.16237804,2,ACORN-F,Comfortable,ToU
MAC001668,12.860628,2.563316,0.26858252,0.8520234,0.33595482,12.607092,13.501434,1.0709397,0.199315,1,ACORN-L,Adversity,Std
MAC001669,14.200753,8.795842,0.29644874,0.85696256,0.5084213,14.637528,13.096819,0.8947425,0.61939263,1,ACORN-E,Affluent,Std
MAC001670,5.299992,1.7113404,0.11091931,1.201081,0.12697035,5.365824,5.133604,0.9567224,0.3228949,2,ACORN-E,Affluent,Std
MAC001671,7.033657,1.2332927,0.14737557,0.51266026,0.31222963,7.0136337,7.0846252,1.010122,0.1753416,2,ACORN-N,Adversity,Std
MAC001672,6.7212896,3.05291,0.14062211,0.6772757,0.23771672,6.859074,6.373044,0.92914057,0.45421493,2,ACORN-Q,Adversity,Std
MAC001673,8.165457,2.1519527,0.17124668,0.5684172,0.3737988,8.143682,8.2206745,1.0094544,0.26354346,2,ACORN-Q,Adversity,Std
MAC001674,5.6967063,2.7446766,0.11922501,0.63175625,0.2523306,5.6978755,5.6937637,0.99927837,0.48180062,2,ACORN-E,Affluent,Std
MAC001675,3.1806,0.6276118,0.06637444,0.27163437,0.27344087,3.1883485,3.1609504,0.9914068,0.19732498,2,ACORN-N,Adversity,Std
MAC001676,19.303291,6.3433576,0.4027003,1.7530594,0.23921794,18.622303,21.020731,1.1287934,0.32861534,1,ACORN-E,Affluent,Std
MAC001677,11.283201,5.1870885,0.23782547,0.8874,0.28455982,10.881348,12.294462,1.1298658,0.4597178,1,ACORN-L,Adversity,Std
MAC001678,5.701775,2.3892944,0.11962141,0.6061888,0.26596442,5.454556,6.3252583,1.1596284,0.41904396,2,ACORN-E,Affluent,Std
MAC001679,9.509824,6.026558,0.19848129,0.71213573,0.28164992,9.295586,10.050127,1.081172,0.6337192,2,ACORN-H,Comfortable,Std
MAC001680,6.513458,2.2624614,0.13595414,0.7119091,0.21387683,6.2127833,7.272619,1.1705894,0.34735182,2,ACORN-G,Comfortable,ToU
MAC001681,1.7820812,1.4550856,0.03739739,0.11750469,0.39126366,1.768867,1.8155912,1.0264148,0.8165091,2,ACORN-K,Adversity,Std
MAC001682,12.975811,4.3704114,0.27154925,1.1392138,0.26137596,12.602492,13.917313,1.1043302,0.3368122,1,ACORN-D,Affluent,ToU
MAC001683,12.514932,1.6663843,0.2614668,0.8368813,0.3333848,12.3707905,12.880459,1.0411993,0.1331517,1,ACORN-N,Adversity,Std
MAC001684,4.910925,1.0290285,0.10272604,0.37619844,0.3127328,4.7798758,5.243254,1.0969436,0.20953864,2,ACORN-Q,Adversity,Std
MAC001685,8.380327,1.179293,0.17509857,0.66087306,0.3132698,8.35663,8.44016,1.0099956,0.1407216,2,ACORN-F,Comfortable,Std
MAC001686,4.4186115,2.5517938,0.09231925,0.5609813,0.21786116,4.2617517,4.8142085,1.1296314,0.57751036,2,ACORN-F,Comfortable,ToU
MAC001687,6.9413695,3.503896,0.14481808,0.82772386,0.2213271,7.6351113,5.191769,0.67998606,0.5047845,2,ACORN-E,Affluent,Std
MAC001688,2.6833014,1.2581669,0.056002907,0.19560781,0.34708482,2.6428323,2.785928,1.0541449,0.46888766,2,ACORN-J,Comfortable,ToU
MAC001689,19.440784,5.336875,0.4063286,1.1318798,0.37342072,18.529394,21.739292,1.1732328,0.27451953,1,ACORN-A,Affluent,Std
MAC001690,11.12643,2.8291042,0.23412156,0.8502105,0.30997685,11.00145,11.4422455,1.0400671,0.25426883,1,ACORN-G,Comfortable,Std
MAC001691,13.229722,4.7323484,0.27639514,1.018039,0.2991831,12.784029,14.353753,1.122788,0.3577058,1,ACORN-D,Affluent,Std
MAC001692,18.436161,7.732784,0.384941,1.4936407,0.3120249,18.48937,18.302258,0.98987997,0.41943568,1,ACORN-Q,Adversity,Std
MAC001693,16.104242,6.4299235,0.3373736,0.97462815,0.3661788,16.38486,15.398077,0.93977475,0.39926893,1,ACORN-E,Affluent,ToU
MAC001694,8.106599,2.5501065,0.16921337,1.2143495,0.17936632,8.2512045,7.7419066,0.93827593,0.31457168,2,ACORN-F,Comfortable,ToU
MAC001695,5.9161468,3.438432,0.12384721,0.3802672,0.35235438,5.7211356,6.40689,1.1198633,0.5811945,2,ACORN-C,Affluent,Std
MAC001696,20.194172,6.5567327,0.42159787,1.1786599,0.3724754,19.52521,21.88128,1.1206682,0.3246844,1,ACORN-F,Comfortable,Std
MAC001697,7.1920094,1.9996185,0.15007731,0.5596895,0.3456818,6.6995792,8.433907,1.2588711,0.27803335,2,ACORN-I,Comfortable,Std
MAC001698,41.65898,26.102005,0.87082076,2.061783,0.42034513,41.43235,42.230526,1.0192646,0.62656367,0,ACORN-D,Affluent,Std
MAC001699,15.360152,7.414348,0.32245257,0.85194224,0.4568292,14.84073,16.67012,1.1232682,0.48270017,1,ACORN-E,Affluent,Std
MAC001700,4.017685,1.3577574,0.08399813,0.36396,0.30010036,4.0919375,3.82675,0.9351927,0.33794522,2,ACORN-H,Comfortable,ToU
MAC001701,15.9938135,9.7960825,0.3336995,1.9498814,0.201258,16.305046,15.208891,0.93277204,0.61249197,1,ACORN-E,Affluent,Std
MAC001702,6.6412406,1.5813034,0.13916968,0.40812653,0.3872799,6.680092,6.5427184,0.9794354,0.23810361,2,ACORN-E,Affluent,Std
MAC001703,14.707474,2.1113822,0.30798584,0.72520626,0.43744665,14.297046,15.740308,1.1009483,0.14355846,1,ACORN-Q,Adversity,Std
MAC001704,5.35173,2.482451,0.111933075,0.4888081,0.2801668,5.2489886,5.610841,1.0689375,0.46385953,2,ACORN-U,ACORN-U,ToU
MAC001705,29.476406,15.804211,0.6174991,1.940677,0.32562375,29.653036,29.033869,0.9791196,0.53616476,0,ACORN-E,Affluent,Std
MAC001706,10.373216,3.6452496,0.2168119,0.92990124,0.26081795,9.621583,12.256428,1.2738473,0.3514098,1,ACORN-U,ACORN-U,ToU
MAC001707,13.139831,5.65537,0.2740265,1.6686295,0.16604806,12.695571,14.250478,1.1224763,0.43039903,1,ACORN-E,Affluent,ToU
MAC001708,9.288227,1.8094045,0.1939094,0.8167197,0.25130412,9.347991,9.138321,0.9775706,0.19480623,2,ACORN-E,Affluent,Std
MAC001709,8.444923,3.4230611,0.17624182,0.82044333,0.22369446,8.044184,9.444329,1.1740569,0.4053395,2,ACORN-E,Affluent,Std
MAC001710,16.34596,9.389062,0.34103253,0.9263652,0.4010421,16.339315,16.36261,1.0014256,0.57439643,1,ACORN-A,Affluent,Std
MAC001711,2.3607695,1.6927737,0.04938573,0.1595486,0.34562647,2.354581,2.3762746,1.0092133,0.71704316,2,ACORN-E,Affluent,Std
MAC001712,7.0214925,2.9974375,0.14697334,0.5769021,0.32783666,7.0384107,6.979021,0.99156207,0.42689463,2,ACORN-E,Affluent,ToU
MAC001713,19.837383,6.086287,0.41504318,1.5254639,0.29235166,19.996437,19.438873,0.9721168,0.30680898,1,ACORN-E,Affluent,Std
MAC001714,3.7705033,0.5967826,0.07873524,0.4857931,0.18093006,3.7538817,3.812148,1.0155216,0.15827665,2,ACORN-Q,Adversity,Std
MAC001715,11.3701,8.159345,0.2369282,0.49603733,0.47171497,11.510618,11.01797,0.9572005,0.7176142,1,ACORN-Q,Adversity,ToU
MAC001716,7.759071,2.6207502,0.16212244,0.8417229,0.21923995,7.19961,9.160937,1.2724212,0.337766,2,ACORN-E,Affluent,Std
MAC001717,9.8543415,4.2448015,0.212499,0.91769964,0.2953809,9.452975,10.856637,1.1484889,0.43075445,1,ACORN-D,Affluent,Std
MAC001718,2.9296975,0.901621,0.061254263,0.24197806,0.31198618,2.8537984,3.1198626,1.0932316,0.30775225,2,ACORN-F,Comfortable,ToU
MAC001719,10.098178,2.4788263,0.21164674,0.63430136,0.3467508,10.193901,9.857017,0.9669523,0.24547262,2,ACORN-H,Comfortable,Std
MAC001720,12.027976,4.1484966,0.2512108,1.0625384,0.26378068,11.339737,13.761884,1.2135981,0.34490398,1,ACORN-E,Affluent,Std
MAC001721,11.999188,3.4282975,0.25047004,0.87982446,0.31861493,11.849643,12.373873,1.0442401,0.28571078,1,ACORN-F,Comfortable,Std
MAC001722,3.2594693,1.8199521,0.06831951,0.21065776,0.47388175,3.4144373,2.8720496,0.84114873,0.55835843,2,ACORN-E,Affluent,Std
MAC001723,8.90595,2.168484,0.18830585,0.5786069,0.35822302,8.64805,9.55426,1.1047878,0.24348712,2,ACORN-E,Affluent,Std
MAC001724,15.77474,6.110435,0.3295319,0.9761758,0.35662577,15.267692,17.042362,1.116237,0.38735566,1,ACORN-F,Comfortable,Std
MAC001725,19.863163,5.6578717,0.41572338,0.8655793,0.5611782,19.242222,21.427525,1.1135681,0.28484243,1,ACORN-E,Affluent,Std
MAC001726,28.702553,12.147388,0.60670614,1.233784,0.5733112,29.584734,26.511633,0.89612544,0.4232163,0,ACORN-E,Affluent,Std
MAC001727,11.461714,2.642005,0.23953736,1.0680125,0.24609303,11.670555,10.935575,0.9370226,0.23050697,1,ACORN-N,Adversity,Std
MAC001728,9.258163,2.3011158,0.19336045,0.78144825,0.2725478,9.205454,9.390225,1.020072,0.24854992,2,ACORN-F,Comfortable,Std
MAC001729,6.7954874,2.1975894,0.14203991,0.7343417,0.2171757,6.7027965,7.027725,1.0484766,0.32338953,2,ACORN-F,Comfortable,Std
MAC001730,9.31949,2.490388,0.1944381,1.0975988,0.19012153,9.35009,9.242824,0.9885278,0.26722363,2,ACORN-E,Affluent,Std
MAC001731,7.448358,8.123122,0.15689705,0.5109088,0.31291538,6.9975076,8.581713,1.2263956,1.0905924,2,ACORN-E,Affluent,Std
MAC001732,3.693525,0.7088966,0.07722602,0.21969905,0.36947623,3.6634781,3.7688076,1.0287513,0.19192955,2,ACORN-M,Adversity,Std
MAC001733,8.5132475,2.1078947,0.17811698,0.64611286,0.3068858,8.385009,8.83455,1.0536125,0.24760172,2,ACORN-F,Comfortable,Std
MAC001734,31.991924,10.42513,0.66769046,1.93813,0.36509657,31.90468,32.21051,1.0095857,0.32586753,0,ACORN-A,Affluent,Std
MAC001735,55.698296,13.575869,1.1666132,2.7982917,0.4221919,58.881283,47.723316,0.8105006,0.2437394,0,ACORN-D,Affluent,Std
MAC001736,24.472075,7.683916,0.511316,1.617711,0.332458,24.082504,25.438694,1.0563143,0.3139871,1,ACORN-A,Affluent,ToU
MAC001737,1.7283309,0.7542534,0.03616968,0.17435423,0.5446003,1.7651513,1.6360769,0.9268763,0.43640566,2,ACORN-E,Affluent,Std
MAC001738,4.617328,0.9468011,0.09663626,0.40522763,0.32533193,4.62782,4.590895,0.99202114,0.2050539,2,ACORN-Q,Adversity,Std
MAC001739,59.291035,24.358948,1.2482002,2.3418996,0.5369034,60.16338,57.105373,0.94917166,0.41083694,0,ACORN-G,Comfortable,Std
MAC001740,4.9255095,1.0150814,0.103120364,0.37737462,0.31782752,4.801579,5.2360168,1.0904781,0.20608658,2,ACORN-I,Comfortable,Std
MAC001741,5.543429,1.2395933,0.116519056,0.3229639,0.37168255,5.4495196,5.7800164,1.060647,0.2236149,2,ACORN-E,Affluent,ToU
MAC001742,8.331386,2.3040993,0.17396878,0.59020126,0.31342018,8.481585,7.953812,0.9377743,0.27655655,2,ACORN-L,Adversity,Std
MAC001743,10.427104,6.539626,0.21767788,1.6106526,0.16287872,9.2619705,13.356028,1.4420288,0.6271757,1,ACORN-E,Affluent,ToU
MAC001744,12.120476,8.151467,0.25284222,1.3022873,0.19052479,10.864787,15.259697,1.4045095,0.6725369,1,ACORN-Q,Adversity,Std
MAC001745,15.401976,3.6703703,0.32204086,1.1202841,0.3049858,14.434017,17.821875,1.2347134,0.23830517,1,ACORN-E,Affluent,Std
MAC001746,17.450825,5.3274055,0.36437365,2.0625396,0.19107999,16.571121,19.652514,1.1859496,0.305281,1,ACORN-K,Adversity,Std
MAC001747,12.861625,2.636889,0.26873535,1.209772,0.2553227,12.717424,13.224115,1.0398422,0.20501989,1,ACORN-Q,Adversity,Std
MAC001748,7.497605,2.1136472,0.15826267,1.030428,0.20921725,7.015015,8.691705,1.2390144,0.28190964,2,ACORN-Q,Adversity,Std
MAC001749,15.277979,4.06427,0.31908363,1.0353422,0.32934368,14.311743,17.693565,1.236297,0.26602143,1,ACORN-H,Comfortable,Std
MAC001750,4.7134333,1.7964035,0.0986113,0.5950251,0.20937878,4.3369713,5.6545877,1.3038102,0.3811242,2,ACORN-E,Affluent,ToU
MAC001751,8.251819,3.191555,0.17280985,0.5596656,0.353083,8.049046,8.758747,1.0881721,0.3867699,2,ACORN-Q,Adversity,Std
MAC001752,11.1650505,2.2694745,0.2377638,0.69115794,0.35927343,10.906904,11.809701,1.082773,0.20326594,2,ACORN-Q,Adversity,Std
MAC001753,12.220807,4.8246245,0.25561818,1.3390722,0.2172916,12.139437,12.424231,1.0234603,0.39478773,1,ACORN-E,Affluent,Std
MAC001754,5.419058,3.3072917,0.11309254,0.6973689,0.21058355,5.058027,6.321637,1.2498227,0.6103075,2,ACORN-E,Affluent,Std
MAC001755,2.8866844,0.4692026,0.06056512,0.15332809,0.4085461,2.846866,2.9862309,1.0489538,0.16254032,2,ACORN-Q,Adversity,ToU
MAC001756,12.843242,3.3354623,0.26874802,0.7960612,0.3537226,12.627458,13.382704,1.0598098,0.25970563,1,ACORN-E,Affluent,ToU
MAC001757,6.97049,1.1224966,0.14598195,0.40648508,0.38211036,6.9003143,7.1459284,1.0355946,0.16103554,2,ACORN-F,Comfortable,Std
MAC001758,21.647694,9.073458,0.45373628,1.9471775,0.23858126,20.944674,23.405247,1.1174797,0.419142,1,ACORN-F,Comfortable,Std
MAC001759,5.315631,3.233536,0.11098581,0.43129358,0.41507572,5.0928946,5.872473,1.1530718,0.6083071,2,ACORN-F,Comfortable,Std
MAC001760,12.752242,7.332526,0.26625028,0.9938022,0.29287368,11.9512205,14.754797,1.2345849,0.574999,1,ACORN-F,Comfortable,Std
MAC001761,8.051439,3.685395,0.16855136,0.86505336,0.24019632,7.602879,9.172841,1.2064958,0.45773122,2,ACORN-L,Adversity,Std
MAC001762,8.784484,2.452898,0.18354107,0.9027167,0.2156432,8.76082,8.843258,1.0094098,0.27923074,2,ACORN-O,Adversity,Std
MAC001763,3.2408087,1.0110897,0.06790715,0.2272547,0.4467871,3.159038,3.447205,1.0912199,0.31198683,2,ACORN-E,Affluent,Std
MAC001764,14.7064705,3.4561994,0.30735266,0.9926327,0.31923693,14.32518,15.659692,1.0931585,0.23501216,1,ACORN-F,Comfortable,Std
MAC001765,14.053913,5.627421,0.29374602,0.9135902,0.38260174,13.580297,15.237957,1.1220635,0.40041664,1,ACORN-Q,Adversity,Std
MAC001766,36.95191,11.264512,0.7748786,1.6919225,0.4771217,36.29722,38.608738,1.0636832,0.3048425,0,ACORN-D,Affluent,Std
MAC001767,3.9277883,1.3611691,0.08208068,0.4999542,0.22473955,3.8023398,4.2435,1.1160234,0.3465485,2,ACORN-C,Affluent,ToU
MAC001768,16.349178,4.951788,0.34114876,1.4742433,0.24331672,16.012053,17.19761,1.0740416,0.30287686,1,ACORN-D,Affluent,Std
MAC001769,12.16687,5.206036,0.25382295,0.8305324,0.32167217,11.5226755,13.7880945,1.1966053,0.42788622,1,ACORN-F,Comfortable,Std
MAC001770,4.9951153,3.4151258,0.104175426,0.800564,0.17321226,4.987828,5.0134554,1.005138,0.6836931,2,ACORN-K,Adversity,ToU
MAC001771,16.660332,3.5746958,0.34915248,1.9452405,0.23121066,16.809097,16.28676,0.96892536,0.21456331,1,ACORN-G,Comfortable,Std
MAC001772,4.1813626,2.1742108,0.08719848,0.58434707,0.1635176,4.2473207,4.01481,0.9452571,0.5199766,2,ACORN-E,Affluent,ToU
MAC001773,4.493539,1.5966951,0.0941207,0.39766085,0.27552494,4.3508563,4.8538322,1.1156039,0.3553313,2,ACORN-Q,Adversity,ToU
MAC001774,4.2871146,3.3171017,0.09886437,0.435819,0.34404308,4.3745327,4.0696626,0.930308,0.7737376,2,ACORN-K,Adversity,Std
MAC001775,12.091028,5.3662515,0.25230148,1.0859004,0.27159283,11.696099,13.084934,1.1187434,0.44382092,1,ACORN-O,Adversity,Std
MAC001776,4.6585426,3.161983,0.09726592,0.38585126,0.3439693,4.644561,4.6939273,1.0106288,0.6787494,2,ACORN-A,Affluent,Std
MAC001777,6.3074546,3.9857419,0.13203628,0.512527,0.2975875,6.19425,6.589645,1.0638325,0.6319097,2,ACORN-Q,Adversity,ToU
MAC001778,6.63537,1.5087446,0.138874,0.6896935,0.22822976,6.2030993,7.7232494,1.2450631,0.22737913,2,ACORN-F,Comfortable,ToU
MAC001779,6.891258,1.9891844,0.14409794,0.39349762,0.39304233,6.648563,7.5020385,1.1283699,0.2886533,2,ACORN-Q,Adversity,Std
MAC001780,23.719278,15.612326,0.49717405,1.4011658,0.32449827,23.827612,23.446644,0.9840115,0.6582125,0,ACORN-E,Affluent,Std
MAC001781,12.104956,3.2815666,0.25285128,0.89353716,0.31189954,12.137634,12.022717,0.9905322,0.27109283,1,ACORN-E,Affluent,Std
MAC001782,8.164487,4.471209,0.17056985,0.71476305,0.32587624,8.74775,6.6966057,0.7655232,0.54764116,2,ACORN-F,Comfortable,Std
MAC001783,17.959732,3.9294255,0.37534446,1.2856762,0.31334242,17.113121,20.089573,1.173928,0.21879087,1,ACORN-M,Adversity,Std
MAC001784,9.719773,7.490779,0.2051765,0.6847757,0.41538185,9.733201,9.685978,0.99514824,0.7706742,2,ACORN-F,Comfortable,Std
MAC001785,7.4253163,2.308113,0.15507741,0.6506035,0.27837738,7.23964,7.8926,1.0901923,0.31084374,2,ACORN-Q,Adversity,Std
MAC001786,10.35792,2.9153776,0.21634336,0.9547294,0.25051287,10.271749,10.5759945,1.0296197,0.28146362,2,ACORN-F,Comfortable,Std
MAC001787,3.503003,0.9028874,0.07320498,0.3083523,0.2564727,3.5194395,3.4616387,0.9835767,0.2577467,2,ACORN-D,Affluent,Std
MAC001788,4.7188325,2.3952487,0.09859468,0.5663861,0.22997203,4.160211,6.1117105,1.4690866,0.5075935,2,ACORN-E,Affluent,Std
MAC001789,11.632893,2.8677866,0.24279372,0.8274723,0.30351478,11.458578,12.071584,1.0534976,0.24652395,1,ACORN-F,Comfortable,Std
MAC001790,30.594976,11.006272,0.6389105,1.449282,0.496407,29.836695,32.49489,1.0890914,0.35974115,0,ACORN-F,Comfortable,Std
MAC001791,13.825956,3.0187645,0.28915048,1.3480533,0.30922222,13.333752,15.065259,1.129859,0.21834038,1,ACORN-Q,Adversity,Std
MAC001792,9.867504,2.8859828,0.20613442,1.0575625,0.20964487,9.167836,11.628334,1.2683837,0.29247344,1,ACORN-G,Comfortable,Std
MAC001793,14.29266,5.2043304,0.2989002,0.8787646,0.36397326,13.858861,15.384389,1.110076,0.3641261,1,ACORN-F,Comfortable,Std
MAC001794,19.708426,11.374205,0.41153437,1.3723334,0.40112555,21.978466,13.995494,0.6367821,0.57712394,1,ACORN-E,Affluent,Std
MAC001795,4.7850633,1.5501578,0.1000908,0.35362718,0.3089873,4.590927,5.2736387,1.1487088,0.32395762,2,ACORN-U,ACORN-U,Std
MAC001796,7.4612913,1.0688896,0.15593927,0.3557041,0.47633713,7.3822846,7.6612344,1.0377864,0.14325799,2,ACORN-N,Adversity,Std
MAC001797,7.635783,2.6537719,0.15966211,0.8162116,0.22582224,7.368282,8.309096,1.1276844,0.34754416,2,ACORN-L,Adversity,Std
MAC001798,4.2461896,1.5442523,0.08897177,0.87856865,0.1844012,4.3256664,4.046172,0.935387,0.36367953,2,ACORN-Q,Adversity,Std
MAC001799,4.102145,0.6991561,0.08581153,0.32205063,0.28441766,4.0404305,4.25833,1.0539297,0.17043671,2,ACORN-K,Adversity,Std
MAC001800,11.728784,3.3199039,0.24522915,0.9889336,0.2663808,11.121422,13.257311,1.1920518,0.2830561,1,ACORN-D,Affluent,Std
MAC001801,3.1025956,2.1930773,0.064788386,0.27962086,0.46213943,3.0974946,3.1154335,1.0057914,0.70685244,2,ACORN-E,Affluent,Std
MAC001802,13.072343,3.4059942,0.27366495,0.9407143,0.32180744,13.1801195,12.800794,0.97121984,0.26054963,1,ACORN-F,Comfortable,Std
MAC001803,1.2422749,1.2294015,0.026069425,0.12326382,0.37773138,1.1835542,1.3900555,1.1744757,0.98963726,2,ACORN-D,Affluent,Std
MAC001804,3.3305988,0.6304986,0.06974911,0.33839652,0.35444722,3.3184326,3.3612165,1.0128928,0.18930487,2,ACORN-M,Adversity,Std
MAC001805,28.587866,21.895159,0.5966572,1.4097583,0.40652904,28.341059,29.208996,1.0306247,0.76588994,0,ACORN-F,Comfortable,Std
MAC001806,7.427532,3.836444,0.15663888,0.67790365,0.29319587,7.081722,8.297822,1.1717238,0.5165166,2,ACORN-E,Affluent,ToU
MAC001807,5.3512654,1.7982086,0.11200115,0.62794626,0.2043432,5.2556844,5.591811,1.063955,0.33603427,2,ACORN-G,Comfortable,Std
MAC001808,3.953245,1.0784271,0.08267502,0.44951028,0.24637164,3.9902494,3.8601165,0.96738726,0.2727954,2,ACORN-E,Affluent,Std
MAC001809,22.872147,13.903413,0.47782263,1.9494692,0.23492856,21.793257,25.58735,1.1740949,0.6078753,0,ACORN-F,Comfortable,Std
MAC001810,6.9153476,2.6164737,0.14458495,0.4662101,0.35846785,6.7431436,7.3487277,1.0898074,0.3783575,2,ACORN-E,Affluent,Std
MAC001811,12.365099,7.335191,0.25870308,0.6763776,0.37840047,12.291422,12.550522,1.0210798,0.5932173,1,ACORN-Q,Adversity,Std
MAC001812,6.7592573,2.6542847,0.14124794,0.6430363,0.25722697,6.6427684,7.0524225,1.0616692,0.3926888,2,ACORN-E,Affluent,Std
MAC001813,14.102861,6.490875,0.2950389,0.942188,0.3797352,14.538029,13.007689,0.89473546,0.4602523,1,ACORN-F,Comfortable,Std
MAC001814,4.010227,0.9969914,0.083760895,0.7169526,0.1487989,3.8363996,4.447695,1.1593409,0.2486122,2,ACORN-J,Comfortable,ToU
MAC001815,4.5325856,2.2142553,0.09475231,0.7147911,0.16090085,4.4280972,4.7949667,1.0828503,0.48851925,2,ACORN-E,Affluent,Std
MAC001816,5.239008,1.5349076,0.10947179,0.42865035,0.29874533,5.1310663,5.510061,1.0738627,0.29297677,2,ACORN-N,Adversity,Std
MAC001817,4.7061553,1.3865134,0.09827317,0.4136127,0.28587878,4.373295,5.5448155,1.2678806,0.294617,2,ACORN-Q,Adversity,Std
MAC001818,15.03706,5.0212483,0.31380486,1.7701519,0.23134309,15.165916,14.713489,0.9701681,0.3339249,1,ACORN-F,Comfortable,Std
MAC001819,10.392204,3.7182753,0.21677418,0.889819,0.25852254,10.164423,10.961661,1.0784342,0.35779467,1,ACORN-A,Affluent,Std
MAC001820,31.200096,13.870818,0.7002328,2.0326297,0.39389613,32.329357,28.464779,0.8804623,0.44457614,0,ACORN-J,Comfortable,Std
MAC001821,17.419004,5.2801075,0.36370987,0.89849055,0.45158342,17.66044,16.812733,0.9519996,0.30312338,1,ACORN-D,Affluent,Std
MAC001822,23.769194,6.557978,0.49753967,2.0002563,0.28983113,23.459686,24.546406,1.0463228,0.27590242,1,ACORN-F,Comfortable,Std
MAC001823,2.9677436,1.3288507,0.062038332,0.2931076,0.27632564,2.9002144,3.1373165,1.0817533,0.44776466,2,ACORN-L,Adversity,ToU
MAC001824,9.801307,4.9168143,0.20535572,0.91656965,0.26235643,9.99187,9.324898,0.9332485,0.50164884,2,ACORN-Q,Adversity,Std
MAC001825,6.9343686,2.1141093,0.1447261,0.7723876,0.2422508,6.751181,7.3943725,1.095271,0.3048741,2,ACORN-D,Affluent,ToU
MAC001826,5.4998655,2.980529,0.11473733,0.66152376,0.21675786,5.4317102,5.671011,1.0440563,0.54192764,2,ACORN-D,Affluent,ToU
MAC001827,7.397756,1.7308851,0.15474544,0.7221361,0.29731607,7.4847193,7.179383,0.9592053,0.23397435,2,ACORN-L,Adversity,Std
MAC001828,12.299593,7.621549,0.25841537,0.9460412,0.2933711,12.359359,12.148676,0.98295355,0.61965865,1,ACORN-F,Comfortable,Std
MAC001829,8.753312,4.616589,0.18285154,0.6971651,0.28832033,8.486189,9.426347,1.1107868,0.52741057,2,ACORN-Q,Adversity,Std
MAC001830,10.982644,5.2653933,0.22983657,0.5643845,0.44236195,11.207953,10.416866,0.9294173,0.47942856,2,ACORN-G,Comfortable,ToU
MAC001831,20.013474,5.1155915,0.4192076,1.4399366,0.31101888,19.690687,20.824034,1.0575575,0.25560737,1,ACORN-E,Affluent,Std
MAC001832,23.978329,22.460056,0.5001111,2.3321629,0.28168178,24.563438,22.51033,0.9164161,0.93668145,0,ACORN-E,Affluent,Std
MAC001833,5.649537,2.9920347,0.11804003,0.68912995,0.23042053,5.103233,7.0183334,1.375272,0.52960706,2,ACORN-E,Affluent,ToU
MAC001834,9.586842,2.200377,0.20011318,0.66711867,0.33619624,9.656575,9.411733,0.974645,0.22952053,2,ACORN-O,Adversity,Std
MAC001835,13.873867,4.1833515,0.2896727,1.0216022,0.3069526,13.759386,14.160706,1.0291669,0.30152744,1,ACORN-B,Affluent,ToU
MAC001836,36.709435,13.098567,0.76871884,2.347842,0.34919724,34.869396,41.329983,1.1852796,0.35681745,0,ACORN-A,Affluent,Std
MAC001837,8.125459,3.5507917,0.16948225,0.8483449,0.22903377,8.241175,7.8348837,0.95069987,0.43699586,2,ACORN-Q,Adversity,Std
MAC001838,9.74026,6.372796,0.20314695,0.83877534,0.29925185,9.320955,10.793178,1.1579475,0.6542737,1,ACORN-F,Comfortable,Std
MAC001839,9.162966,1.7539889,0.19157697,0.67599523,0.31486672,9.240087,8.969305,0.9706949,0.19142152,2,ACORN-Q,Adversity,Std
MAC001840,5.981984,1.802046,0.12482351,0.86681294,0.1584836,5.4286284,7.379285,1.3593277,0.3012455,2,ACORN-Q,Adversity,ToU
MAC001841,4.4814043,2.3494246,0.09746687,0.50173867,0.31636474,3.8444455,6.073801,1.57989,0.5242608,2,ACORN-Q,Adversity,Std
MAC001842,9.191806,1.9938712,0.1930025,0.43603954,0.46357065,8.907996,9.904484,1.1118644,0.21691833,2,ACORN-F,Comfortable,Std
MAC001843,17.641834,6.2418847,0.37552398,1.4331661,0.3313161,16.940826,19.420095,1.1463487,0.35381156,1,ACORN-A,Affluent,Std
MAC001844,5.4035745,1.2742767,0.11329448,0.61401737,0.22615753,5.2572875,5.770917,1.0976986,0.23582107,2,ACORN-Q,Adversity,Std
MAC001845,5.57228,2.4191556,0.11664982,0.5026519,0.302129,5.886538,4.7831445,0.81255645,0.43414107,2,ACORN-L,Adversity,Std
MAC001846,27.803772,16.991325,0.579785,2.188414,0.25362885,27.943789,27.454287,0.9824826,0.6111158,0,ACORN-J,Comfortable,Std
MAC001847,5.6181803,1.2467395,0.11745805,0.5681535,0.24106897,5.5539093,5.779572,1.0406313,0.22191162,2,ACORN-F,Comfortable,ToU
MAC001848,7.475035,4.1657224,0.15643242,0.7861614,0.25894484,7.060487,8.516011,1.2061508,0.55728465,2,ACORN-F,Comfortable,Std
MAC001849,4.2005677,1.3467247,0.08797419,0.71101266,0.21823993,4.216241,4.160989,0.98689544,0.32060543,2,ACORN-E,Affluent,ToU
MAC001850,9.9559965,1.5549535,0.20813653,0.5718244,0.39122066,9.969801,9.921333,0.9951385,0.1561826,2,ACORN-O,Adversity,Std
MAC001851,30.268145,7.2875924,0.6332581,1.8991902,0.35405645,31.031536,28.355429,0.9137617,0.24076773,0,ACORN-U,ACORN-U,ToU
MAC001852,3.4392567,1.1571656,0.072357796,0.44371316,0.18911968,3.4130976,3.5048,1.0268679,0.33645806,2,ACORN-E,Affluent,Std
MAC001853,15.768077,10.152194,0.32987195,1.265989,0.27761033,15.739594,15.8396,1.0063537,0.6438448,1,ACORN-E,Affluent,ToU
MAC001854,5.537628,3.1467838,0.1156334,0.8090918,0.22785845,5.515971,5.592011,1.0137854,0.5682548,2,ACORN-E,Affluent,Std
MAC001855,2.4578142,1.4681767,0.05135822,0.21621905,0.4082077,2.4230177,2.5448055,1.0502628,0.5973506,2,ACORN-E,Affluent,ToU
MAC001856,9.498634,3.9152918,0.19856687,0.82914424,0.30720687,9.170337,10.327631,1.1261997,0.41219524,2,ACORN-E,Affluent,ToU
MAC001857,12.500629,3.85841,0.26134,0.69318354,0.42277277,12.425341,12.689689,1.0212749,0.30865726,1,ACORN-G,Comfortable,ToU
MAC001858,10.486788,4.697706,0.2193792,0.86012816,0.34085724,10.199094,11.209223,1.0990411,0.44796428,1,ACORN-H,Comfortable,ToU
MAC001859,19.130888,9.321514,0.39949745,1.3293476,0.37918723,19.881195,17.240448,0.8671736,0.48724943,1,ACORN-H,Comfortable,Std
MAC001860,13.389305,5.8554435,0.28005818,1.032549,0.3531032,13.909649,12.082666,0.8686536,0.43732244,1,ACORN-F,Comfortable,Std
MAC001861,18.416203,6.9927545,0.38562337,1.2357769,0.33076394,18.157042,19.06699,1.0501155,0.37970665,1,ACORN-F,Comfortable,ToU
MAC001862,34.55494,28.613668,0.72269434,1.4915949,0.5270483,36.83314,28.834112,0.78283066,0.8280631,0,ACORN-E,Affluent,Std
MAC001863,2.8230033,1.2949549,0.059025105,0.1977041,0.32533577,2.7729225,2.948761,1.0634127,0.45871532,2,ACORN-Q,Adversity,Std
MAC001864,18.328184,5.063185,0.38284117,1.8017532,0.22161515,17.295372,20.92169,1.2096698,0.27625132,1,ACORN-L,Adversity,Std
MAC001865,9.787568,6.3911977,0.20422137,0.8742389,0.26023757,9.664584,10.096395,1.0446796,0.6529914,1,ACORN-I,Comfortable,ToU
MAC001866,12.034277,4.957805,0.25127444,0.67219687,0.39731875,11.861686,12.469128,1.0512104,0.41197366,1,ACORN-N,Adversity,Std
MAC001867,9.800421,3.5921671,0.20465234,0.93526506,0.25416702,9.492958,10.575089,1.113993,0.36653194,2,ACORN-D,Affluent,Std
MAC001868,7.704486,1.7941093,0.16099276,0.51461464,0.34430808,7.666902,7.79876,1.0171983,0.23286556,2,ACORN-K,Adversity,Std
MAC001869,10.132971,3.8830512,0.21239032,0.9857243,0.219728,9.901288,10.713467,1.0820276,0.38320956,1,ACORN-D,Affluent,Std
MAC001870,5.7593265,2.624469,0.12083966,0.47206694,0.30367693,5.6399064,6.0596323,1.0744207,0.45569026,2,ACORN-G,Comfortable,Std
MAC001871,5.5514255,1.1094507,0.11597824,0.30911747,0.4147359,5.5736313,5.495911,0.98605573,0.1998497,2,ACORN-Q,Adversity,Std
MAC001872,2.427363,0.6250343,0.05066541,0.22596513,0.28262228,2.3815033,2.5422666,1.067505,0.2574952,2,ACORN-L,Adversity,Std
MAC001873,11.94794,4.350786,0.24949856,1.0000745,0.26481533,12.1674185,11.398023,0.9367659,0.3641453,1,ACORN-D,Affluent,ToU
MAC001874,20.517967,2.4719713,0.42892486,0.81926787,0.5453825,20.367022,20.896172,1.0259807,0.12047837,1,ACORN-M,Adversity,Std
MAC001875,7.2310033,1.8101401,0.15113749,0.75345963,0.2178372,7.1874037,7.340245,1.0212651,0.25033042,2,ACORN-I,Comfortable,Std
MAC001876,8.384153,2.5252647,0.1749044,0.69299525,0.32584888,7.8920403,9.617172,1.2185913,0.30119497,2,ACORN-Q,Adversity,Std
MAC001877,8.360395,1.1600143,0.1751853,0.5205524,0.35912135,8.351924,8.381572,1.0035498,0.13875112,2,ACORN-F,Comfortable,Std
MAC001878,22.863428,5.9882836,0.47756958,1.3813381,0.3701837,21.673763,25.837595,1.1921139,0.2619154,1,ACORN-Q,Adversity,Std
MAC001879,6.5608335,2.5013278,0.13721173,0.7914827,0.21501826,6.386291,6.995184,1.0953437,0.3812515,2,ACORN-F,Comfortable,Std
MAC001880,7.1634374,1.2509409,0.14960393,0.67035496,0.24259202,6.8562016,7.9332337,1.1570888,0.17462859,2,ACORN-Q,Adversity,ToU
MAC001881,7.9616914,1.9453808,0.16612382,0.70454675,0.318,7.688113,8.647156,1.1247436,0.24434265,2,ACORN-G,Comfortable,Std
MAC001882,11.243989,1.6560038,0.23550393,0.5512631,0.43763226,11.209317,11.330861,1.0108432,0.14727904,2,ACORN-L,Adversity,Std
MAC001883,6.668452,1.3402691,0.13919117,0.7857385,0.20012136,6.679639,6.6404223,0.99412894,0.20098655,2,ACORN-P,Adversity,Std
MAC001884,4.248409,0.8872953,0.089041255,0.35855785,0.2622194,4.1113257,4.591878,1.116885,0.20885356,2,ACORN-E,Affluent,Std
MAC001885,14.653867,6.2364693,0.30604145,2.7871237,0.13239557,14.481206,15.086477,1.041797,0.42558524,1,ACORN-Q,Adversity,Std
MAC001886,5.0655293,1.8373092,0.10584075,0.5718951,0.2313383,5.045915,5.1144557,1.0135834,0.36270824,2,ACORN-E,Affluent,Std
MAC001887,7.750336,3.8031974,0.16252059,0.8454884,0.23285963,7.482755,8.41929,1.125159,0.49071386,2,ACORN-O,Adversity,Std
MAC001888,4.430919,1.4388999,0.092459396,0.29481775,0.35053447,4.4018626,4.503722,1.0231401,0.3247407,2,ACORN-K,Adversity,Std
MAC001889,2.665972,0.8321286,0.05604605,0.23480457,0.25803584,2.6348221,2.7434335,1.0412215,0.31212953,2,ACORN-E,Affluent,Std
MAC001890,4.63665,1.2504457,0.09694941,0.29309508,0.36383563,4.6937985,4.493461,0.9573187,0.26968732,2,ACORN-F,Comfortable,Std
MAC001891,10.626015,3.0379834,0.22277357,0.8849191,0.28722954,10.211595,11.670167,1.1428349,0.28590053,1,ACORN-H,Comfortable,Std
MAC001892,2.7452948,0.46600553,0.057352353,0.122651346,0.50804335,2.752459,2.7273445,0.9908756,0.169747,2,ACORN-M,Adversity,Std
MAC001893,18.224037,9.280096,0.38053408,1.4528143,0.29011077,18.188766,18.312216,1.0067871,0.50922287,1,ACORN-A,Affluent,Std
MAC001894,8.252649,3.145712,0.17241573,1.612843,0.13521424,8.193169,8.401683,1.0254498,0.381176,1,ACORN-Q,Adversity,Std
MAC001895,21.102798,8.596842,0.44056404,2.6475291,0.23897505,21.049862,21.235434,1.0088158,0.40737924,1,ACORN-E,Affluent,Std
MAC001896,11.313519,4.2340364,0.23649633,0.6864976,0.39661762,11.006004,12.084011,1.0979471,0.37424576,1,ACORN-E,Affluent,Std
MAC001897,7.801821,2.1815283,0.16323823,0.85528207,0.2061867,7.450639,8.681727,1.1652327,0.27961782,2,ACORN-D,Affluent,Std
MAC001898,1.2705262,0.9096718,0.026542163,0.04847385,0.61700064,1.2652172,1.2838278,1.0147094,0.71598035,2,ACORN-Q,Adversity,Std
MAC001899,17.827242,2.4976916,0.37234375,0.7294612,0.5232164,17.630495,18.320206,1.0391203,0.14010534,1,ACORN-Q,Adversity,Std
MAC001900,7.11529,4.339044,0.14875959,0.6441839,0.26744607,6.9195523,7.6057224,1.0991639,0.6098197,2,ACORN-J,Comfortable,Std
MAC001901,11.132672,4.9921007,0.23311727,0.9851236,0.25746727,10.648589,12.342878,1.1591092,0.44841892,1,ACORN-F,Comfortable,Std
MAC001902,28.045517,22.896378,0.58583164,1.6905075,0.33514437,27.1782,30.207235,1.1114509,0.81640065,0,ACORN-E,Affluent,Std
MAC001903,7.020141,1.0709823,0.14692049,0.49944764,0.34033665,7.0003014,7.0701284,1.0099748,0.15255852,2,ACORN-F,Comfortable,Std
MAC001904,8.030008,3.4104161,0.16782251,0.7980412,0.28095886,7.829537,8.5323,1.0897579,0.4247089,2,ACORN-Q,Adversity,ToU
MAC001905,5.264918,2.629995,0.11021415,0.62168145,0.22589448,4.905022,6.166656,1.2572126,0.49953204,2,ACORN-E,Affluent,Std
MAC001906,9.360529,2.2349164,0.19736683,0.97314465,0.21792336,9.109777,9.990911,1.0967239,0.23875964,2,ACORN-F,Comfortable,Std
MAC001907,4.395192,1.3341311,0.09173925,0.4182111,0.271196,3.9904022,5.4071665,1.3550429,0.3035433,2,ACORN-Q,Adversity,Std
MAC001908,9.381371,2.5314853,0.19664995,1.0159237,0.2148569,9.424839,9.27434,0.9840316,0.26984173,2,ACORN-Q,Adversity,Std
MAC001909,14.656326,3.5161524,0.30576274,0.93702227,0.3496899,14.118145,16.009296,1.1339518,0.2399068,1,ACORN-L,Adversity,Std
MAC001910,21.582247,8.0257845,0.45113766,2.1902373,0.21508048,21.581722,21.583515,1.0000831,0.37186974,1,ACORN-Q,Adversity,ToU
MAC001911,9.314798,2.0222983,0.19525227,0.5234587,0.38864353,9.123683,9.792589,1.0733154,0.21710597,2,ACORN-F,Comfortable,Std
MAC001912,4.9179044,2.4174361,0.102931604,0.6269461,0.22207782,4.659351,5.564287,1.1942194,0.4915582,2,ACORN-E,Affluent,ToU
MAC001913,17.136812,4.3626385,0.3576686,1.2154397,0.3203542,16.526031,18.663761,1.1293553,0.254577,1,ACORN-F,Comfortable,Std
MAC001914,13.016765,4.3389406,0.27179927,1.1393477,0.25610903,11.784807,16.09666,1.3658824,0.3333348,1,ACORN-E,Affluent,Std
MAC001915,3.9489937,1.4540769,0.08256911,0.37733173,0.2433137,3.4958599,5.0818276,1.4536703,0.36821455,2,ACORN-J,Comfortable,Std
MAC001916,4.0150733,1.6722707,0.08385764,0.5365485,0.2114842,3.8782911,4.3589387,1.1239328,0.41649815,2,ACORN-E,Affluent,Std
MAC001917,13.041182,3.8624024,0.27386415,0.929927,0.32835227,12.751149,13.766261,1.0796094,0.29616967,1,ACORN-Q,Adversity,Std
MAC001918,8.327854,2.0204725,0.17391425,1.0935842,0.2046676,7.849596,9.5234995,1.2132471,0.24261622,2,ACORN-E,Affluent,Std
MAC001919,6.079216,2.3197484,0.12731297,1.2626842,0.12234181,5.900971,6.524828,1.1057211,0.38158676,2,ACORN-E,Affluent,Std
MAC001920,11.336443,8.215876,0.23668969,0.9112603,0.2606139,10.973685,12.243339,1.1156998,0.7247313,1,ACORN-E,Affluent,Std
MAC001921,3.650257,2.6305912,0.0771763,0.35149655,0.29097772,3.4932683,4.038,1.1559376,0.72065914,2,ACORN-Q,Adversity,Std
MAC001922,6.4624624,1.711244,0.13503624,0.9592639,0.17016974,6.3291,6.7977314,1.0740439,0.2647975,2,ACORN-Q,Adversity,Std
MAC001923,10.735193,3.3260813,0.22408356,0.89101744,0.2584031,10.418238,11.527584,1.1064812,0.30982965,1,ACORN-K,Adversity,Std
MAC001924,3.5839193,1.973254,0.07598005,0.5627086,0.16858424,3.2733867,4.36025,1.3320302,0.5505855,2,ACORN-F,Comfortable,Std
MAC001925,10.583361,5.4564204,0.22077031,0.99948597,0.28151703,10.608063,10.521891,0.9918767,0.51556593,1,ACORN-L,Adversity,ToU
MAC001926,13.836256,3.7650528,0.28941417,0.9916566,0.33806807,13.231913,15.343756,1.1596023,0.272115,1,ACORN-F,Comfortable,Std
MAC001927,9.207297,2.8097281,0.19267204,0.738473,0.28799134,8.913655,9.941401,1.1153,0.30516317,2,ACORN-K,Adversity,Std
MAC001928,8.778776,4.2788124,0.18394129,0.7754143,0.27336934,8.651605,9.096705,1.0514472,0.4874042,2,ACORN-D,Affluent,ToU
MAC001929,8.085941,4.462597,0.16907232,0.59524447,0.32661742,8.002749,8.293922,1.0363841,0.5518958,2,ACORN-K,Adversity,Std
MAC001930,5.6932936,2.965432,0.11893891,0.5266635,0.3191728,4.7656755,8.012339,1.6812598,0.52086407,2,ACORN-O,Adversity,Std
MAC001931,5.5647683,1.8716052,0.11639936,0.69467777,0.21620047,5.183787,6.517222,1.2572318,0.3363312,2,ACORN-Q,Adversity,Std
MAC001932,10.689409,3.167202,0.22357108,0.70832646,0.36117244,10.044803,12.293761,1.2238928,0.29629347,2,ACORN-N,Adversity,Std
MAC001933,3.674341,1.0647441,0.07696926,0.6090939,0.16465221,3.5826979,3.9060223,1.0902461,0.28977826,2,ACORN-E,Affluent,Std
MAC001934,7.8056383,3.0518327,0.16315044,0.699208,0.26458073,7.657315,8.181056,1.0683975,0.39097798,2,ACORN-F,Comfortable,Std
MAC001935,9.4748745,5.7218113,0.19831756,1.0767531,0.20931815,9.080907,10.47086,1.1530632,0.6038931,1,ACORN-G,Comfortable,Std
MAC001936,16.837172,4.955066,0.3519092,0.9107006,0.40882945,16.9822,16.470522,0.96986973,0.29429325,1,ACORN-E,Affluent,Std
MAC001937,11.363979,3.9806275,0.23743404,1.019422,0.25747567,11.1325,11.949181,1.0733601,0.35028467,1,ACORN-O,Adversity,Std
MAC001938,5.3604903,3.2324321,0.111997545,0.44502705,0.29323798,5.5795736,4.806629,0.8614689,0.60301054,2,ACORN-E,Affluent,Std
MAC001939,27.355776,12.7136545,0.5710863,2.229914,0.26159635,26.107403,30.511782,1.1687022,0.4647521,0,ACORN-L,Adversity,Std
MAC001940,9.277852,3.060996,0.19366102,0.9133455,0.25207677,9.113533,9.693264,1.0636121,0.3299251,2,ACORN-G,Comfortable,Std
MAC001941,10.497812,3.4032376,0.21960665,1.2365175,0.19212584,10.33264,10.915382,1.0563983,0.3241854,1,ACORN-F,Comfortable,Std
MAC001942,4.8679986,1.5486851,0.10176767,0.2927898,0.46294528,4.816496,4.9982023,1.0377258,0.3181359,2,ACORN-L,Adversity,ToU
MAC001943,6.3252454,3.4331207,0.13215594,0.5642584,0.31592217,6.3468647,6.2702823,0.9879338,0.54276484,2,ACORN-E,Affluent,Std
MAC001944,4.2831674,1.4009465,0.089451194,0.3242675,0.3301808,4.1533756,4.611292,1.1102515,0.3270819,2,ACORN-F,Comfortable,Std
MAC001945,3.6855493,1.2937627,0.07707219,0.41671976,0.23582478,3.4555423,4.2670283,1.2348361,0.3510366,2,ACORN-L,Adversity,Std
MAC001946,3.7667754,1.2904159,0.07915681,0.35540286,0.2817534,3.4851468,4.4787583,1.2850989,0.3425784,2,ACORN-F,Comfortable,Std
MAC001947,9.802043,3.9747446,0.2045964,0.5894395,0.4035682,9.545064,10.451708,1.0949856,0.40550163,2,ACORN-M,Adversity,Std
MAC001948,12.871332,6.730896,0.26946375,0.6855197,0.39577365,13.075818,12.357162,0.94503933,0.522937,1,ACORN-F,Comfortable,Std
MAC001949,6.639282,1.1174253,0.1388537,0.22414652,0.64959264,6.635582,6.648635,1.0019671,0.16830514,2,ACORN-F,Comfortable,Std
MAC001950,13.004964,6.875905,0.27141774,0.9913455,0.29335788,12.364263,14.624713,1.1828213,0.5287139,1,ACORN-E,Affluent,Std
MAC001951,12.979849,2.7359536,0.27101687,0.7876783,0.35796925,12.60762,13.9208765,1.1041636,0.2107847,1,ACORN-H,Comfortable,ToU
MAC001952,3.453565,1.0262462,0.073075026,0.3668384,0.24318881,3.4633958,3.4288766,0.99003315,0.29715562,2,ACORN-Q,Adversity,ToU
MAC001953,2.051169,0.47748592,0.0429166,0.24748568,0.22917598,2.0414846,2.0756516,1.0167364,0.23278722,2,ACORN-Q,Adversity,Std
MAC001954,7.5461435,2.112159,0.15757163,0.4156481,0.41095033,7.381858,7.9614716,1.0785186,0.27989912,2,ACORN-E,Affluent,Std
MAC001955,10.8048115,2.8323693,0.22567864,1.0881783,0.23552851,10.501898,11.570607,1.1017635,0.26213965,1,ACORN-M,Adversity,Std
MAC001956,21.53057,7.170335,0.44976446,1.9975278,0.25367293,20.412735,24.372526,1.1939863,0.33303043,1,ACORN-D,Affluent,Std
MAC001957,4.5741873,2.7988348,0.11903144,0.5459375,0.36065352,4.1478333,5.85325,1.4111584,0.6118759,2,ACORN-E,Affluent,Std
MAC001958,6.1008086,2.4717312,0.1276853,0.5433716,0.27262053,6.135639,6.01295,0.98000383,0.40514812,2,ACORN-C,Affluent,Std
MAC001959,5.674116,3.5423765,0.118774965,0.6258835,0.24137494,5.3573184,6.4763308,1.2088754,0.62430453,2,ACORN-Q,Adversity,Std
MAC001960,5.1999187,1.6564351,0.108830035,0.40648565,0.35708326,5.30778,4.9272356,0.92830443,0.3185502,2,ACORN-E,Affluent,Std
MAC001961,6.29382,1.3575298,0.13140713,0.3000335,0.46496457,6.3144803,6.241294,0.98840976,0.2156925,2,ACORN-F,Comfortable,Std
MAC001962,5.1261845,2.5691373,0.10706855,0.22299683,0.4653513,5.0867686,5.2258315,1.0273381,0.5011793,2,ACORN-E,Affluent,Std
MAC001963,5.57357,2.2824643,0.116476506,0.65841717,0.22706693,5.348167,6.14341,1.1486945,0.40951568,2,ACORN-E,Affluent,Std
MAC001964,6.4042435,1.6183584,0.13441391,0.33003503,0.5146443,6.455227,6.2753544,0.97213537,0.25270095,2,ACORN-D,Affluent,Std
MAC001965,3.7709124,3.3102455,0.07894876,0.41286147,0.36430266,3.6217177,4.14809,1.1453377,0.87783676,2,ACORN-F,Comfortable,Std
MAC001966,19.335308,5.653177,0.40563273,1.3204156,0.32758337,17.927917,22.893314,1.2769645,0.29237583,1,ACORN-B,Affluent,Std
MAC001967,5.922761,3.1873918,0.12381144,0.3375,0.38329715,5.80724,6.214809,1.0701829,0.5381598,2,ACORN-K,Adversity,Std
MAC001968,14.695353,3.7959595,0.30733237,1.2411524,0.26804167,14.864673,14.269669,0.95997196,0.2583102,1,ACORN-Q,Adversity,Std
MAC001969,4.3796687,1.4152446,0.0913594,0.2851051,0.36977807,4.4231734,4.2696857,0.9652992,0.32313964,2,ACORN-F,Comfortable,ToU
MAC001970,11.592935,7.4814253,0.24202545,0.8248142,0.33655775,11.007665,13.070043,1.1873584,0.64534354,1,ACORN-E,Affluent,Std
MAC001971,6.9840813,2.7694173,0.14588499,0.5727054,0.2728929,6.911722,7.1670113,1.0369357,0.3965328,2,ACORN-F,Comfortable,Std
MAC001972,3.2483573,1.6266615,0.067771524,0.5094721,0.17177512,2.895452,4.1385503,1.4293278,0.50076437,2,ACORN-E,Affluent,Std
MAC001973,13.70966,4.018982,0.28691766,0.9598259,0.32964855,13.633815,13.902057,1.0196748,0.29314965,1,ACORN-F,Comfortable,Std
MAC001974,7.964579,1.2127806,0.16641583,0.5533104,0.33278576,7.9708567,7.948815,0.9972347,0.15227178,2,ACORN-F,Comfortable,Std
MAC001975,7.313919,2.0162852,0.15285343,0.64270973,0.2688517,7.1621804,7.6966743,1.0746273,0.2756778,2,ACORN-H,Comfortable,Std
MAC001976,0.51166934,1.5948719,0.010659779,0.07257667,0.1214773,0.45251894,0.66171753,1.462298,3.1169972,2,ACORN-E,Affluent,ToU
MAC001977,5.648705,1.4336329,0.11797871,0.47011805,0.27710047,5.836913,5.173955,0.8864197,0.25379848,2,ACORN-N,Adversity,Std
MAC001978,39.860317,24.626686,0.8330119,2.2575965,0.3590423,38.888195,42.312466,1.0880543,0.6178246,0,ACORN-E,Affluent,Std
MAC001979,9.217432,7.2634573,0.1922688,0.64586604,0.3647371,9.993708,7.259298,0.72638685,0.7880131,2,ACORN-E,Affluent,Std
MAC001980,4.603153,1.3705652,0.09615915,0.24629825,0.44703925,4.6216793,4.5564213,0.98588,0.29774484,2,ACORN-D,Affluent,Std
MAC001981,15.970518,4.174086,0.3331377,1.4553876,0.25239742,16.078844,15.697269,0.97626853,0.26136196,1,ACORN-L,Adversity,Std
MAC001982,17.895077,9.333061,0.37368566,1.2489712,0.30192763,17.371912,19.222198,1.1065103,0.5215435,1,ACORN-N,Adversity,Std
MAC001983,11.001931,3.3047497,0.22960189,1.2721642,0.20212822,10.668796,11.842259,1.1099902,0.30037907,1,ACORN-Q,Adversity,Std
MAC001984,2.2092216,2.589668,0.04621076,0.47238597,0.36585492,2.5257595,1.410764,0.5585504,1.1722083,2,ACORN-E,Affluent,ToU
MAC001985,5.937029,2.2919073,0.12387788,0.8031356,0.17164013,5.8517346,6.1521797,1.051343,0.38603607,2,ACORN-G,Comfortable,Std
MAC001986,18.005102,3.0083215,0.37621462,1.9300256,0.21008086,17.701916,18.774202,1.0605747,0.16708161,1,ACORN-K,Adversity,Std
MAC001987,19.117725,21.161747,0.3995257,1.1604005,0.46603552,20.73339,15.064629,0.7265878,1.1069176,0,ACORN-E,Affluent,Std
MAC001988,9.1295,4.1687155,0.19064713,0.87461877,0.24712174,9.732082,7.609505,0.781899,0.45662034,2,ACORN-C,Affluent,Std
MAC001989,20.185242,14.258947,0.4223449,1.3284849,0.38162744,20.001884,20.647753,1.0322903,0.70640457,1,ACORN-A,Affluent,Std
MAC001990,4.9693413,1.0884299,0.10384557,0.27113718,0.38982937,4.963735,4.9834833,1.0039785,0.21902901,2,ACORN-E,Affluent,Std
MAC001991,21.03528,6.975278,0.4393091,1.6335247,0.2809269,20.035053,23.558325,1.1758554,0.331599,1,ACORN-H,Comfortable,Std
MAC001992,6.43022,2.0109932,0.1347038,0.74967945,0.20171005,6.011071,7.487511,1.2456201,0.31274095,2,ACORN-F,Comfortable,Std
MAC001993,5.419011,1.1862005,0.11315481,0.59749603,0.23657823,5.3920555,5.4870057,1.0176092,0.21889612,2,ACORN-N,Adversity,ToU
MAC001994,10.908105,5.2962675,0.22789256,0.915083,0.3019141,10.482408,11.981915,1.14305,0.4855351,1,ACORN-Q,Adversity,Std
MAC001995,12.079197,7.5806947,0.25205562,1.2375023,0.20530817,11.548076,13.418939,1.1620065,0.62758267,1,ACORN-E,Affluent,Std
MAC001996,7.374802,2.4206424,0.15414438,0.70453674,0.25973055,6.8799753,8.630039,1.2543707,0.3282315,2,ACORN-H,Comfortable,Std
MAC001997,4.9169345,2.870185,0.10263077,0.7198628,0.1907115,4.353071,6.3392644,1.456274,0.58373463,2,ACORN-U,ACORN-U,Std
MAC001998,9.071439,5.5172276,0.1892996,0.5234019,0.39790824,9.032109,9.170646,1.0153382,0.6081976,2,ACORN-E,Affluent,ToU
MAC001999,5.5888896,2.01467,0.116747394,0.57011664,0.29038203,5.5150604,5.774708,1.0470797,0.36047766,2,ACORN-D,Affluent,Std
MAC002000,3.7531466,1.0763475,0.07844441,0.48727593,0.20249599,3.9172652,3.3391628,0.85242194,0.28678533,2,ACORN-M,Adversity,Std
MAC002001,9.336229,1.515242,0.19530195,0.57453746,0.3637343,9.31604,9.387157,1.0076339,0.162297,2,ACORN-Q,Adversity,Std
MAC002002,33.77116,21.041174,0.7057908,1.6079936,0.43140996,33.37929,34.75963,1.0413531,0.6230516,0,ACORN-E,Affluent,Std
MAC002003,4.5651784,2.63304,0.09588606,0.5321675,0.29497254,4.330305,5.1576405,1.1910571,0.5767661,2,ACORN-Q,Adversity,Std
MAC002004,14.0258875,11.102472,0.29294732,0.89405954,0.33880413,14.194415,13.600492,0.95815796,0.79157007,1,ACORN-H,Comfortable,Std
MAC002005,10.804786,3.2882254,0.2262158,0.7535671,0.3401989,11.050205,10.182226,0.92145133,0.30433047,2,ACORN-D,Affluent,ToU
MAC002006,6.9839344,2.2244437,0.14631444,0.54802406,0.32935387,6.9657855,7.0297685,1.0091853,0.31850868,2,ACORN-E,Affluent,ToU
MAC002007,12.04017,10.669947,0.25128365,1.0680496,0.22292846,11.967408,12.224746,1.0215032,0.8861957,1,ACORN-E,Affluent,Std
MAC002008,3.890572,0.9300831,0.08120348,0.40701437,0.28017867,3.668382,4.449792,1.2130122,0.23906076,2,ACORN-E,Affluent,Std
MAC002009,7.3161035,3.5455625,0.1527093,1.1226029,0.19073333,7.7267838,6.280174,0.8127798,0.48462445,2,ACORN-Q,Adversity,Std
MAC002010,5.674069,1.2249055,0.1185298,0.39770335,0.354861,5.6457663,5.745461,1.0176584,0.2158778,2,ACORN-D,Affluent,Std
MAC002011,1.1141981,0.3783047,0.023350557,0.13497445,0.23960991,1.0317684,1.3232994,1.2825546,0.33953092,2,ACORN-Q,Adversity,ToU
MAC002012,18.484623,3.9201097,0.3857406,2.0370336,0.20869832,18.190939,19.222136,1.0566874,0.2120741,1,ACORN-F,Comfortable,Std
MAC002013,7.133038,3.3629954,0.14868607,0.70096165,0.27005613,7.228756,6.8926687,0.9535069,0.47146747,2,ACORN-L,Adversity,ToU
MAC002014,5.009296,2.0261126,0.10461839,0.85849726,0.15658058,4.9549685,5.1419806,1.0377424,0.40447053,2,ACORN-D,Affluent,Std
MAC002015,8.37773,2.2357717,0.17499939,0.7101789,0.27330774,8.557783,7.924562,0.9260064,0.2668708,2,ACORN-C,Affluent,Std
MAC002016,5.614184,2.014321,0.11719346,0.69652796,0.19818558,5.4323378,6.0708427,1.1175377,0.35879144,2,ACORN-E,Affluent,Std
MAC002017,4.245002,2.2132382,0.08875207,0.41989905,0.3176062,3.560568,5.973486,1.6776778,0.5213751,2,ACORN-E,Affluent,ToU
MAC002018,5.984227,3.4470716,0.12482407,0.5996943,0.28748915,6.002166,5.9399242,0.98963016,0.5760262,2,ACORN-E,Affluent,Std
MAC002019,7.4411573,4.2058764,0.15583496,0.66324216,0.37427709,7.4316635,7.464742,1.004451,0.56521803,2,ACORN-E,Affluent,Std
MAC002020,9.144311,1.8905051,0.19078949,0.84246486,0.24041836,9.039466,9.408191,1.0407906,0.20674112,2,ACORN-H,Comfortable,Std
MAC002021,3.722952,1.9219991,0.077874176,0.51356316,0.21751179,3.6518435,3.9015226,1.0683707,0.51625675,2,ACORN-M,Adversity,Std
MAC002022,5.296376,1.6486915,0.110455394,0.5381888,0.26478288,5.4174724,4.992275,0.92151374,0.31128672,2,ACORN-F,Comfortable,ToU
MAC002023,12.372269,5.186212,0.2583297,1.2063781,0.23687667,12.114761,13.018994,1.074639,0.41918036,1,ACORN-Q,Adversity,Std
MAC002024,21.784882,7.2054057,0.45727453,1.1725826,0.42141056,22.25557,20.600565,0.9256364,0.33075258,1,ACORN-D,Affluent,Std
MAC002025,9.213538,2.8510385,0.19250058,0.7702212,0.30043048,8.961184,9.8508415,1.099279,0.30944014,2,ACORN-A,Affluent,Std
MAC002026,6.6640625,1.420721,0.1391218,0.6086352,0.2916383,6.6292577,6.7514663,1.0184348,0.21319143,2,ACORN-E,Affluent,Std
MAC002027,12.43539,3.4960794,0.25978178,1.0779614,0.25522223,11.749375,14.160119,1.2051806,0.2811395,1,ACORN-E,Affluent,Std
MAC002028,9.820219,1.4845833,0.20509776,0.7704073,0.28432772,9.612917,10.341967,1.0758406,0.15117618,2,ACORN-Q,Adversity,Std
MAC002029,13.514171,5.458909,0.28252643,0.947163,0.34144908,13.837509,12.7003765,0.9178224,0.40393963,1,ACORN-E,Affluent,ToU
MAC002030,6.3903813,2.5705469,0.13329986,0.6016234,0.26951742,6.342215,6.5110674,1.0266236,0.4022525,2,ACORN-F,Comfortable,ToU
MAC002031,7.831188,2.5470388,0.16373676,0.77959865,0.22715384,7.718666,8.112493,1.0510226,0.32524297,2,ACORN-N,Adversity,Std
MAC002032,14.707275,4.5810676,0.3069076,1.4654592,0.23404649,14.227687,15.911634,1.1183571,0.3114831,1,ACORN-G,Comfortable,Std
MAC002033,4.077357,0.8528714,0.08520497,0.2962048,0.40336642,4.1077113,4.001129,0.97405314,0.20917262,2,ACORN-Q,Adversity,Std
MAC002034,16.923058,7.8764725,0.3547892,1.4194632,0.27518746,16.760942,17.332468,1.0340986,0.46542844,1,ACORN-F,Comfortable,Std
MAC002035,20.490757,6.18165,0.43158424,2.707061,0.17852741,19.3441,23.373592,1.208306,0.30167994,1,ACORN-Q,Adversity,Std
MAC002036,3.2853153,2.77961,0.06890959,0.35340482,0.26679775,3.4199665,2.947174,0.86175525,0.846071,2,ACORN-D,Affluent,Std
MAC002037,16.102541,4.9112115,0.3356877,1.3910464,0.26164672,15.831687,16.782719,1.0600713,0.30499604,1,ACORN-G,Comfortable,Std
MAC002038,8.594082,2.2827992,0.17939407,0.66436106,0.29223627,8.398208,9.087068,1.0820247,0.26562455,2,ACORN-L,Adversity,Std
MAC002039,22.673029,5.286169,0.47314736,1.161016,0.43450895,21.596,25.392984,1.1758188,0.2331479,1,ACORN-N,Adversity,ToU
MAC002040,2.9081824,2.378552,0.06104688,0.3247456,0.4417181,2.9549153,2.7898984,0.9441551,0.81788266,2,ACORN-Q,Adversity,ToU
MAC002041,7.55251,1.7699645,0.15785414,0.8344792,0.20842417,7.232198,8.3586855,1.15576,0.23435448,2,ACORN-L,Adversity,Std
MAC002042,15.332888,6.944122,0.3202619,1.7495129,0.18700132,15.4100685,15.137971,0.9823429,0.45289066,1,ACORN-E,Affluent,Std
MAC002043,3.5716145,1.1497866,0.07453406,0.45768797,0.20618765,3.5024629,3.7452698,1.0693246,0.3219235,2,ACORN-P,Adversity,Std
MAC002044,7.123606,2.955235,0.14869434,0.56249285,0.29577634,7.2424583,6.8251405,0.942379,0.41485098,2,ACORN-F,Comfortable,Std
MAC002045,5.112824,0.88170624,0.10666331,0.92828953,0.12529083,5.292373,4.6619325,0.8808775,0.17244995,2,ACORN-Q,Adversity,Std
MAC002046,7.879616,4.514067,0.16435875,0.7045514,0.28771663,7.9085374,7.806904,0.9871489,0.5728791,2,ACORN-E,Affluent,ToU
MAC002047,6.849446,2.3866503,0.14310761,0.64533174,0.2561226,6.3770494,8.03309,1.2596875,0.34844428,2,ACORN-E,Affluent,Std
MAC002048,12.897973,4.345584,0.26928073,1.0800401,0.27489632,12.471575,13.968759,1.1200477,0.3369199,1,ACORN-H,Comfortable,Std
MAC002049,10.878242,2.4733152,0.22696115,0.9158288,0.2712899,10.937061,10.730534,0.9811167,0.22736351,1,ACORN-H,Comfortable,Std
MAC002050,2.8563173,5.017034,0.05951022,0.2320705,0.42506558,3.7369328,0.6498315,0.17389435,1.7564695,2,ACORN-D,Affluent,Std
MAC002051,22.528158,6.6685038,0.470921,1.4290944,0.34704188,21.737143,24.514585,1.127774,0.29600748,1,ACORN-H,Comfortable,Std
MAC002052,2.2806988,1.0411361,0.047568053,0.37426925,0.15271036,2.2653131,2.3195536,1.0239439,0.45649874,2,ACORN-E,Affluent,ToU
MAC002053,2.249287,0.25211513,0.046962287,0.18542308,0.2740633,2.2418969,2.2678034,1.0115557,0.11208669,2,ACORN-Q,Adversity,Std
MAC002054,5.863085,2.1948001,0.12237891,0.47607842,0.29479623,5.8604674,5.869657,1.0015681,0.3743422,2,ACORN-Q,Adversity,Std
MAC002055,4.6957016,0.85422045,0.097935066,0.48264045,0.23646154,4.946755,4.0680676,0.82237095,0.1819154,2,ACORN-Q,Adversity,Std
MAC002056,3.572943,1.2639135,0.07946946,0.39344752,0.33773875,3.6087596,3.4808092,0.9645445,0.3537458,2,ACORN-U,ACORN-U,Std
MAC002057,6.8106465,1.6073685,0.14238784,0.4313794,0.3641731,6.697742,7.094503,1.059238,0.23600821,2,ACORN-Q,Adversity,Std
MAC002058,3.020064,1.3067247,0.063092045,0.3330976,0.30095366,2.9359956,3.23118,1.1005398,0.4326811,2,ACORN-E,Affluent,Std
MAC002059,11.905552,3.7766576,0.2490172,1.0306689,0.28233007,11.687449,12.4532585,1.0655241,0.31721818,1,ACORN-O,Adversity,Std
MAC002060,3.6752245,1.9361962,0.076759405,0.4221987,0.24132569,3.9405549,3.0051525,0.76262164,0.52682394,2,ACORN-E,Affluent,ToU
MAC002061,4.6832123,0.75122756,0.097761706,0.3119695,0.3256177,4.6768923,4.6990113,1.0047294,0.1604086,2,ACORN-F,Comfortable,ToU
MAC002062,15.996586,3.3100927,0.33398303,1.6166576,0.21274392,15.875771,16.299982,1.0267206,0.20692495,1,ACORN-H,Comfortable,Std
MAC002063,5.5237007,1.904929,0.1154657,0.5788352,0.2604708,5.50544,5.569556,1.0116459,0.34486464,2,ACORN-D,Affluent,Std
MAC002064,18.230608,6.069706,0.3809136,1.2530272,0.33422923,18.60801,17.282866,0.9287864,0.3329404,1,ACORN-E,Affluent,Std
MAC002065,4.574045,3.1337829,0.095599525,0.56604487,0.17845483,4.543105,4.6515675,1.023874,0.68512285,2,ACORN-P,Adversity,Std
MAC002066,5.782476,1.4864023,0.12054074,0.4483029,0.33221537,5.7597036,5.839534,1.0138601,0.2570529,2,ACORN-E,Affluent,Std
MAC002067,4.7518735,1.2885218,0.09949129,0.4950657,0.27321005,4.7729235,4.699129,0.984539,0.27116078,2,ACORN-Q,Adversity,Std
MAC002068,16.84898,6.933565,0.35843873,1.2181613,0.31367266,17.501883,15.218731,0.8695482,0.41151246,1,ACORN-A,Affluent,Std
MAC002069,7.7843833,2.6687033,0.16244875,0.9610385,0.18343806,7.684253,8.03527,1.0456799,0.34282783,2,ACORN-Q,Adversity,Std
MAC002070,11.08545,3.5880575,0.23194736,0.9795256,0.27799803,11.084643,11.087472,1.0002552,0.32367268,1,ACORN-C,Affluent,Std
MAC002071,7.973654,2.522354,0.16660044,0.6911506,0.30051723,7.723278,8.601,1.1136463,0.316336,2,ACORN-G,Comfortable,Std
MAC002072,1.7232724,1.8714163,0.03599469,0.16889744,0.3501755,1.6934776,1.797927,1.0616775,1.0859666,2,ACORN-E,Affluent,Std
MAC002073,2.0154743,1.0329735,0.04203499,0.37259614,0.17239507,2.0181952,2.0086572,0.995274,0.5125213,2,ACORN-E,Affluent,ToU
MAC002074,11.653058,2.853655,0.24313948,1.113183,0.2292896,11.109557,13.011809,1.1712266,0.24488465,1,ACORN-G,Comfortable,Std
MAC002075,4.599435,1.3467942,0.0958906,0.6184719,0.18285318,4.5047483,4.8361516,1.0735675,0.29281732,2,ACORN-G,Comfortable,ToU
MAC002076,9.144049,2.2969422,0.19102836,0.84755147,0.26776412,8.724131,10.199774,1.169145,0.2511953,2,ACORN-N,Adversity,Std
MAC002077,7.220958,0.78602934,0.1506685,0.42760614,0.38179743,7.1914177,7.295226,1.014435,0.108853884,2,ACORN-Q,Adversity,Std
MAC002078,6.089794,2.2694685,0.12701596,0.4244003,0.33988476,5.702272,7.064073,1.2388173,0.37266752,2,ACORN-E,Affluent,Std
MAC002079,30.000692,10.16033,0.6270071,1.5223526,0.41625765,29.261946,31.851702,1.0885025,0.33866984,0,ACORN-L,Adversity,Std
MAC002080,12.9615755,4.280675,0.27047917,1.1575321,0.2548876,12.240321,14.774899,1.2070678,0.33025885,1,ACORN-H,Comfortable,Std
MAC002081,7.465992,1.7863775,0.1556608,0.6341417,0.2820337,7.2310696,8.054119,1.1138213,0.23926862,2,ACORN-H,Comfortable,Std
MAC002082,16.443947,4.698226,0.34472233,1.1158653,0.32878926,16.268057,16.884657,1.0379025,0.2857116,1,ACORN-E,Affluent,Std
MAC002083,10.837962,7.4752965,0.22744411,0.9821074,0.2813495,11.056852,10.289506,0.9305999,0.6897327,1,ACORN-D,Affluent,ToU
MAC002084,13.067877,2.8523953,0.27280033,0.87119454,0.33307502,12.720544,13.9411125,1.0959525,0.21827534,1,ACORN-F,Comfortable,ToU
MAC002085,3.2119887,1.2633426,0.06701905,0.4386939,0.19628765,3.0865426,3.526309,1.1424786,0.393321,2,ACORN-K,Adversity,Std
MAC002086,5.2603903,0.75019526,0.109673254,0.537754,0.22658314,5.2444987,5.3003445,1.0106485,0.1426121,2,ACORN-F,Comfortable,Std
MAC002087,28.855936,8.42068,0.6042971,1.2053765,0.5460543,28.7558,29.106838,1.0122075,0.29181793,0,ACORN-U,ACORN-U,Std
MAC002088,11.933827,3.9663281,0.24948056,0.83178043,0.4099109,11.968738,11.846354,0.9897747,0.33236012,1,ACORN-Q,Adversity,Std
MAC002089,3.6041155,2.2237887,0.07543839,0.23780578,0.34535047,3.6023078,3.6086347,1.0017563,0.61701375,2,ACORN-Q,Adversity,Std
MAC002090,7.106893,2.418813,0.14823051,0.450695,0.3951726,6.915497,7.585382,1.0968672,0.34034747,2,ACORN-F,Comfortable,Std
MAC002091,4.8099904,4.5640063,0.1003457,0.63281864,0.2086102,4.6541977,5.199472,1.1171576,0.94885975,2,ACORN-E,Affluent,Std
MAC002092,11.868567,4.575416,0.24737826,1.425636,0.24645042,11.79373,12.050737,1.0217919,0.38550702,1,ACORN-E,Affluent,ToU
MAC002093,3.7863622,3.5707278,0.07891145,0.24153271,0.36098567,3.5345247,4.4108377,1.2479295,0.9430497,2,ACORN-E,Affluent,ToU
MAC002094,13.320842,2.6528997,0.27790216,0.6179325,0.4590015,13.249207,13.500938,1.0189998,0.19915406,1,ACORN-Q,Adversity,Std
MAC002095,7.717732,2.448597,0.16112593,0.87628734,0.21416752,6.744825,10.15,1.5048574,0.31726897,2,ACORN-H,Comfortable,Std
MAC002096,5.048532,5.9475713,0.10523516,0.25644535,0.4340295,4.943544,5.3124857,1.074631,1.1780794,2,ACORN-E,Affluent,Std
MAC002097,11.176069,5.7184505,0.23289062,0.8473158,0.39110452,10.646603,12.488549,1.173008,0.5116692,1,ACORN-L,Adversity,Std
MAC002098,7.1601224,2.691302,0.1493812,0.9600209,0.21168923,6.5433755,8.7107,1.3312242,0.37587374,2,ACORN-E,Affluent,ToU
MAC002099,18.696196,9.219051,0.38964573,1.4233794,0.31283453,19.711813,16.142801,0.81894046,0.49309772,1,ACORN-E,Affluent,ToU
MAC002100,13.467571,6.1015835,0.28081805,1.0874518,0.2699102,12.7296295,15.322847,1.2037151,0.45305744,1,ACORN-E,Affluent,Std
MAC002101,7.901302,4.033919,0.16518193,0.8211785,0.2171307,7.633935,8.573498,1.1230772,0.5105385,2,ACORN-L,Adversity,Std
MAC002102,14.370673,8.776275,0.29981917,1.625175,0.18932717,13.899865,15.547696,1.1185502,0.6107073,1,ACORN-E,Affluent,ToU
MAC002103,8.505863,2.651875,0.17748241,0.78592765,0.26010305,7.9190335,9.981226,1.2604096,0.31177023,2,ACORN-O,Adversity,Std
MAC002104,3.9272943,2.1248066,0.08186719,0.6377187,0.15642598,3.2994473,5.5057797,1.6686976,0.5410358,2,ACORN-G,Comfortable,Std
MAC002105,14.187718,6.1866665,0.29638696,1.0336373,0.2992524,14.145412,14.292522,1.0103998,0.4360579,1,ACORN-O,Adversity,Std
MAC002106,12.533384,2.5447001,0.26144695,0.84909165,0.34487465,11.834342,14.290864,1.2075757,0.20303376,1,ACORN-E,Affluent,ToU
MAC002107,5.0958524,1.7017698,0.10638591,0.5298649,0.22442137,4.633386,6.258548,1.3507503,0.33395195,2,ACORN-Q,Adversity,Std
MAC002108,7.7820272,1.6363664,0.16225187,0.6963505,0.24925028,7.5662875,8.324424,1.1001992,0.21027507,2,ACORN-Q,Adversity,ToU
MAC002109,7.402216,3.2298076,0.15501954,0.6421656,0.27875718,7.1416183,8.057389,1.1282302,0.43632984,2,ACORN-D,Affluent,Std
MAC002110,0.62781817,1.311995,0.01771158,0.10636365,0.22290318,0.95,0.063999996,0.06736842,2.0897691,2,ACORN-F,Comfortable,ToU
MAC002111,8.583781,2.927791,0.17892,0.89175403,0.22906548,8.14033,9.698672,1.1914347,0.3410841,2,ACORN-K,Adversity,ToU
MAC002112,14.571724,10.12071,0.30376875,0.922545,0.39105356,13.411564,17.488508,1.3039873,0.6945445,1,ACORN-E,Affluent,Std
MAC002113,5.8387246,2.2911754,0.121821575,0.765876,0.21039428,5.943593,5.5735736,0.9377448,0.39241025,2,ACORN-A,Affluent,ToU
MAC002114,5.7979918,1.8161446,0.120933495,0.6235169,0.21850477,5.5924897,6.3175855,1.1296552,0.31323683,2,ACORN-E,Affluent,Std
MAC002115,10.921057,3.1130817,0.22811405,1.3024058,0.20577447,10.40682,12.221255,1.1743506,0.28505316,1,ACORN-H,Comfortable,Std
MAC002116,5.390425,1.5928628,0.11245218,0.5134863,0.30326217,5.4579415,5.2197156,0.9563524,0.29549855,2,ACORN-Q,Adversity,Std
MAC002117,4.3982463,1.5801036,0.09168656,0.54332364,0.210552,4.495636,4.1520057,0.9235636,0.35925764,2,ACORN-Q,Adversity,Std
MAC002118,1.6439002,0.5202115,0.0343309,0.13529307,0.2742308,1.5801461,1.8050965,1.1423606,0.31644958,2,ACORN-Q,Adversity,ToU
MAC002119,21.316204,4.895958,0.44619167,1.0114573,0.45831165,20.071898,24.462324,1.218735,0.22968245,1,ACORN-Q,Adversity,ToU
MAC002120,18.52803,7.006013,0.38649818,1.6003447,0.25554743,18.682327,18.137903,0.9708589,0.37813047,1,ACORN-E,Affluent,Std
MAC002121,8.569365,3.7075462,0.17885095,0.75967795,0.3296847,7.948899,10.138153,1.275416,0.43265125,2,ACORN-E,Affluent,Std
MAC002122,16.405914,5.341312,0.3425403,1.0173478,0.37019134,16.16749,17.008745,1.0520338,0.32557234,1,ACORN-F,Comfortable,ToU
MAC002123,7.84087,2.9377394,0.16358176,0.7569211,0.2411942,7.6201687,8.398891,1.1021923,0.3746701,2,ACORN-H,Comfortable,Std
MAC002124,2.6341417,0.52873105,0.055015396,0.12194042,0.4561935,2.6266136,2.653176,1.0101128,0.20072232,2,ACORN-Q,Adversity,Std
MAC002125,9.008952,7.083851,0.18857296,0.875446,0.2246503,8.654252,9.905778,1.144614,0.7863124,1,ACORN-E,Affluent,Std
MAC002126,5.020092,1.2137849,0.1051022,0.32735428,0.35731834,5.0240717,5.0100284,0.9972048,0.24178539,2,ACORN-Q,Adversity,ToU
MAC002127,5.972992,2.5174236,0.124887735,0.7935056,0.1784662,5.349834,7.548591,1.4109954,0.42146778,2,ACORN-J,Comfortable,Std
MAC002128,2.8955345,0.5633601,0.060441174,0.22741225,0.27995947,2.9009302,2.8818922,0.9934373,0.19456169,2,ACORN-Q,Adversity,Std
MAC002129,4.2162156,2.1637077,0.08806277,0.21417391,0.42236957,4.1516047,4.3795795,1.0549124,0.51318717,2,ACORN-Q,Adversity,Std
MAC002130,5.8690596,2.5486932,0.122485325,0.8626989,0.18216063,5.574688,6.613352,1.1863178,0.4342592,2,ACORN-E,Affluent,Std
MAC002131,7.0625296,1.1188873,0.14730518,0.36286482,0.44549552,6.9276385,7.4036326,1.0687094,0.15842585,2,ACORN-E,Affluent,ToU
MAC002132,14.445479,6.2723036,0.30132017,1.1840708,0.30591995,15.057256,12.89866,0.8566408,0.4342053,1,ACORN-E,Affluent,ToU
MAC002133,3.3564284,1.0381364,0.070303254,0.4155588,0.21500447,3.2652786,3.5868921,1.098495,0.30929792,2,ACORN-E,Affluent,Std
MAC002134,10.253464,4.628024,0.21399221,1.0311853,0.2114589,10.2215,10.334278,1.0110334,0.451362,1,ACORN-A,Affluent,ToU
MAC002135,3.647396,1.6911317,0.07617092,0.32204026,0.2843002,3.4167707,4.230511,1.2381607,0.46365452,2,ACORN-E,Affluent,Std
MAC002136,0.736818,1.4057131,0.0154240355,0.11775845,0.15546927,0.74624044,0.71299434,0.95544857,1.9078158,2,ACORN-F,Comfortable,Std
MAC002137,32.625053,14.010779,0.68088824,1.7979661,0.41441083,35.684868,24.888592,0.69745505,0.4294485,0,ACORN-D,Affluent,Std
MAC002138,11.8897505,4.223186,0.24862958,0.909248,0.3119754,11.493016,12.8928585,1.1217993,0.35519552,1,ACORN-D,Affluent,Std
MAC002139,7.040915,2.4072618,0.14685787,2.127752,0.113873914,6.9971795,7.151494,1.0220538,0.34189618,1,ACORN-Q,Adversity,Std
MAC002140,7.956515,2.8114383,0.16691752,0.73177445,0.2631497,7.97985,7.8973455,0.9896609,0.3533505,2,ACORN-E,Affluent,ToU
MAC002141,12.158798,5.890489,0.25395522,1.0312161,0.27096164,12.066433,12.391812,1.0269656,0.4844631,1,ACORN-E,Affluent,Std
MAC002142,6.5641193,1.4502107,0.13711134,0.54671293,0.29802093,6.541536,6.621091,1.0121615,0.22092997,2,ACORN-E,Affluent,Std
MAC002143,3.7798002,2.412646,0.0788928,0.36040807,0.32138973,3.6739144,4.0469203,1.1015282,0.6382999,2,ACORN-E,Affluent,Std
MAC002144,5.755831,2.3757942,0.12012388,0.45844194,0.31135622,5.6751394,5.959392,1.0500873,0.41276303,2,ACORN-D,Affluent,Std
MAC002145,14.029715,3.198634,0.2930285,1.2603209,0.25448874,14.620345,12.539716,0.85768944,0.22798994,1,ACORN-E,Affluent,Std
MAC002146,3.9291387,4.4272184,0.08205579,0.41621128,0.23908478,3.9008107,4.0006022,1.0255822,1.1267656,2,ACORN-Q,Adversity,Std
MAC002147,1.9604226,0.6628018,0.040996462,0.2733387,0.17336412,1.9686869,1.9395738,0.9852119,0.33809128,2,ACORN-N,Adversity,ToU
MAC002148,18.682558,5.710613,0.39040723,1.2368871,0.3567079,18.792435,18.405369,0.9794031,0.30566546,1,ACORN-D,Affluent,ToU
MAC002149,8.283987,2.784077,0.17297605,1.6109613,0.12020538,8.2555275,8.355784,1.0121442,0.33607933,1,ACORN-F,Comfortable,Std
MAC002150,13.541814,4.325663,0.28257328,1.5169307,0.24439949,13.594311,13.409381,0.98639655,0.3194301,1,ACORN-A,Affluent,Std
MAC002151,8.942766,2.738119,0.18677369,0.8748967,0.235745,8.733995,9.469438,1.0842046,0.30618253,2,ACORN-L,Adversity,Std
MAC002152,3.7515614,0.87979513,0.078445196,0.47599518,0.21998729,3.717768,3.8368125,1.0320204,0.23451439,2,ACORN-U,ACORN-U,Std
MAC002153,18.594515,8.3385105,0.38770738,1.5254532,0.27555528,17.343914,21.749437,1.2540097,0.44843927,1,ACORN-D,Affluent,Std
MAC002154,7.91515,2.9424396,0.1652186,0.82511127,0.24166457,7.564703,8.799233,1.1631962,0.3717478,2,ACORN-E,Affluent,ToU
MAC002155,92.013374,47.596558,1.9422812,5.1621532,0.43212998,91.16775,94.14436,1.0326499,0.5172787,0,ACORN-D,Affluent,Std
MAC002156,11.014992,7.3408437,0.22977105,1.292921,0.19580728,10.437106,12.47284,1.1950477,0.66644114,1,ACORN-E,Affluent,ToU
MAC002157,8.698894,4.3780284,0.18168768,0.8440194,0.26438284,8.4535475,9.324948,1.1030811,0.50328565,2,ACORN-D,Affluent,Std
MAC002158,12.29217,2.043557,0.2571773,0.6845742,0.40661657,12.209722,12.500165,1.0237879,0.16624868,1,ACORN-E,Affluent,Std
MAC002159,7.8674746,2.0576947,0.16410929,0.735063,0.2376073,7.6751647,8.351528,1.0881237,0.2615445,2,ACORN-Q,Adversity,Std
MAC002160,6.0200434,4.9739213,0.12557656,0.5928142,0.2485413,5.6215396,7.023096,1.249319,0.82622683,2,ACORN-E,Affluent,Std
MAC002161,7.072997,1.3473392,0.14773689,0.61265594,0.27296245,6.8763,7.568091,1.1006051,0.19049056,2,ACORN-Q,Adversity,Std
MAC002162,4.1611547,7.096076,0.08684577,0.17778999,0.4014528,4.256449,3.9212954,0.92125976,1.7053142,2,ACORN-E,Affluent,Std
MAC002163,29.862,14.311938,0.62424296,1.803525,0.38214502,32.151287,24.099768,0.74957395,0.47926927,0,ACORN-F,Comfortable,Std
MAC002164,14.078979,5.9501987,0.2937044,1.1851792,0.25947538,14.018972,14.230017,1.0150542,0.42262998,1,ACORN-E,Affluent,ToU
MAC002165,15.850485,8.578871,0.33101213,1.2525187,0.35846043,17.254848,12.315637,0.71374935,0.5412371,1,ACORN-E,Affluent,Std
MAC002166,19.61397,6.494154,0.4096348,1.4344434,0.33065116,19.270628,20.476233,1.0625618,0.3310984,1,ACORN-D,Affluent,ToU
MAC002167,3.12711,1.1513797,0.06530918,0.34408078,0.22542247,3.0842462,3.235,1.0488787,0.3681929,2,ACORN-O,Adversity,ToU
MAC002168,9.1775875,3.1556258,0.19132209,0.44466236,0.4360069,9.104837,9.360704,1.0281023,0.34384045,2,ACORN-Q,Adversity,Std
MAC002169,6.527893,8.99359,0.14241756,0.50169444,0.29637012,6.053933,7.7127914,1.2740133,1.3777171,2,ACORN-F,Comfortable,Std
MAC002170,16.113995,6.652602,0.33600548,1.2955583,0.28746703,15.347993,18.037699,1.175248,0.41284624,1,ACORN-D,Affluent,Std
MAC002171,8.468043,3.771139,0.17670527,0.9286603,0.23911619,8.842974,7.5271153,0.8511973,0.44533768,2,ACORN-E,Affluent,Std
MAC002172,5.641333,1.620535,0.11775217,0.70609224,0.21162756,5.605389,5.731602,1.0225164,0.287261,2,ACORN-E,Affluent,Std
MAC002173,7.733487,1.9368387,0.16150208,0.74799675,0.3075082,7.5854297,8.105312,1.068537,0.25044832,2,ACORN-Q,Adversity,Std
MAC002174,10.18727,4.456595,0.21266416,1.5714321,0.1471408,10.15786,10.26113,1.0101665,0.43746704,1,ACORN-Q,Adversity,Std
MAC002175,3.423238,2.1324933,0.07199844,0.24939223,0.3332615,3.4195533,3.4324715,1.0037777,0.62294626,2,ACORN-Q,Adversity,Std
MAC002176,10.795825,3.1692617,0.22525552,0.78133065,0.31652123,10.295252,12.050103,1.1704525,0.29356363,1,ACORN-F,Comfortable,ToU
MAC002177,5.5928392,0.92467,0.11698734,0.2966672,0.48157427,5.604875,5.56275,0.99248415,0.16533105,2,ACORN-L,Adversity,Std
MAC002178,7.463515,1.9519444,0.15571061,0.5480276,0.29087913,7.4127007,7.5908413,1.0240318,0.26153153,2,ACORN-M,Adversity,Std
MAC002179,12.56429,10.07512,0.26201686,0.9592853,0.31149256,12.440787,12.87375,1.0348018,0.80188537,1,ACORN-E,Affluent,Std
MAC002180,9.07635,2.9465492,0.1893999,0.95528525,0.23440334,8.93127,9.439875,1.0569465,0.3246403,2,ACORN-E,Affluent,Std
MAC002181,10.30769,3.748699,0.21552747,0.69272286,0.3630811,9.7202635,11.779591,1.2118592,0.36367986,2,ACORN-F,Comfortable,Std
MAC002182,5.7369094,5.63493,0.11960623,0.79993844,0.16654886,5.03866,7.4865003,1.4858117,0.982224,2,ACORN-F,Comfortable,ToU
MAC002183,10.395535,3.345993,0.21742566,1.0718912,0.22012004,10.360252,10.483745,1.0119199,0.32186827,1,ACORN-F,Comfortable,ToU
MAC002184,10.984096,5.494563,0.22916491,0.8562435,0.3317217,10.217056,12.901693,1.2627603,0.500229,1,ACORN-E,Affluent,Std
MAC002185,4.7468166,1.5269713,0.09917089,0.3914935,0.28417835,4.6666226,4.947301,1.0601459,0.32168323,2,ACORN-Q,Adversity,Std
MAC002186,2.9838312,2.102046,0.062243797,0.29684252,0.21921913,2.7313683,3.6149886,1.3235083,0.70447886,2,ACORN-F,Comfortable,Std
MAC002187,10.6497,4.2262187,0.22263373,0.83902085,0.32200846,10.12219,11.957007,1.1812668,0.39683923,1,ACORN-E,Affluent,Std
MAC002188,7.575103,2.674869,0.15799561,0.64574355,0.29178452,7.242305,8.407097,1.1608317,0.35311323,2,ACORN-H,Comfortable,ToU
MAC002189,5.675859,2.2692697,0.11855772,0.41360876,0.345252,5.3555093,6.476733,1.2093589,0.3998108,2,ACORN-F,Comfortable,Std
MAC002190,17.057463,7.226456,0.3556277,0.89842653,0.4063538,16.447058,18.575945,1.1294388,0.42365363,1,ACORN-D,Affluent,Std
MAC002191,10.285543,2.0570257,0.21487753,0.58535063,0.41943148,9.431506,12.420636,1.3169303,0.19999193,2,ACORN-Q,Adversity,Std
MAC002192,8.9113655,2.7443945,0.18598072,0.6226737,0.3182138,8.613632,9.655699,1.1209787,0.30796567,2,ACORN-L,Adversity,Std
MAC002193,5.403068,1.3697568,0.11276094,0.39427924,0.33826417,5.4398184,5.3111935,0.9763549,0.25351465,2,ACORN-F,Comfortable,ToU
MAC002194,15.460456,6.3011317,0.32301822,1.3870828,0.2498231,13.269043,20.938988,1.578033,0.40756443,1,ACORN-K,Adversity,Std
MAC002195,7.557346,2.4335833,0.15807684,1.7537727,0.12969427,7.193298,8.467466,1.1771327,0.3220156,1,ACORN-M,Adversity,Std
MAC002196,3.21756,1.9074776,0.067224264,0.57667696,0.180181,2.9099295,3.9866364,1.3700113,0.5928336,2,ACORN-Q,Adversity,Std
MAC002197,3.778526,2.202476,0.07884812,1.4298475,0.14324175,3.5453842,4.361381,1.2301575,0.5828929,2,ACORN-I,Comfortable,Std
MAC002198,7.0177364,1.3788649,0.1464995,0.7878062,0.20110196,6.5551453,8.187506,1.2490197,0.19648285,2,ACORN-H,Comfortable,Std
MAC002199,10.706584,6.3959284,0.22381699,0.73204565,0.37468848,10.806725,10.453357,0.96730113,0.5973827,1,ACORN-A,Affluent,ToU
MAC002200,13.474121,4.3164253,0.28113267,0.9583775,0.32727543,13.801663,12.63889,0.9157512,0.3203493,1,ACORN-E,Affluent,Std
MAC002201,10.934827,2.6369476,0.22846498,0.87909937,0.28444743,10.161255,12.890988,1.2686414,0.24115129,1,ACORN-C,Affluent,ToU
MAC002202,6.8969235,2.9023936,0.14400074,0.66911566,0.2539162,6.710427,7.368523,1.0980707,0.42082438,2,ACORN-E,Affluent,Std
MAC002203,4.0038567,1.3924271,0.083655655,0.29969054,0.30629468,3.9353228,4.1771607,1.0614531,0.34777147,2,ACORN-E,Affluent,Std
MAC002204,3.20615,1.263212,0.066910736,0.19343555,0.6184886,3.254237,3.0848277,0.94794196,0.3939965,2,ACORN-E,Affluent,Std
MAC002205,6.5589933,2.786702,0.13670388,0.771433,0.1968363,6.7290688,6.130873,0.9111028,0.42486733,2,ACORN-F,Comfortable,Std
MAC002206,4.3806267,0.9730512,0.091503754,0.4552815,0.22073369,4.4086204,4.310322,0.9777031,0.22212602,2,ACORN-Q,Adversity,Std
MAC002207,7.631063,3.5050383,0.1595391,0.64285713,0.29993045,7.188041,8.738618,1.2157161,0.45931193,2,ACORN-E,Affluent,Std
MAC002208,16.575935,4.8282723,0.3462187,1.0550277,0.3634825,15.730328,18.70939,1.1893834,0.29128206,1,ACORN-O,Adversity,Std
MAC002209,10.556929,2.511605,0.22071117,0.6417504,0.38126543,10.046697,11.844235,1.1789184,0.23791058,2,ACORN-Q,Adversity,Std
MAC002210,11.6774025,3.3282282,0.2440972,1.0542406,0.2710199,11.520962,12.070304,1.0476819,0.28501442,1,ACORN-E,Affluent,Std
MAC002211,5.839411,1.7592559,0.122066066,0.4416334,0.31722435,5.669737,6.265546,1.1050858,0.30127284,2,ACORN-E,Affluent,Std
MAC002212,10.852561,2.2255268,0.22630407,0.656683,0.3748636,10.838929,10.886874,1.0044234,0.20506927,2,ACORN-L,Adversity,Std
MAC002213,55.87988,22.262506,1.1676153,2.678522,0.45801267,56.66493,53.90822,0.9513507,0.39839932,0,ACORN-E,Affluent,Std
MAC002214,8.54337,3.2639148,0.1788575,0.69704753,0.28481415,8.763991,7.9905515,0.911748,0.38204065,2,ACORN-C,Affluent,Std
MAC002215,8.706129,5.5286546,0.18184206,1.1214046,0.2073247,8.977109,8.033123,0.89484525,0.63503015,2,ACORN-E,Affluent,ToU
MAC002216,4.536646,0.7886124,0.09476056,0.46619344,0.24966766,4.5761857,4.437569,0.96970916,0.1738316,2,ACORN-N,Adversity,Std
MAC002217,4.87709,3.4752266,0.10182507,0.8994721,0.18456385,5.468936,3.394075,0.62060976,0.71256155,2,ACORN-Q,Adversity,ToU
MAC002218,11.8101015,3.7651305,0.25131392,0.7196352,0.39126837,11.650178,12.217436,1.0486909,0.31880593,1,ACORN-D,Affluent,Std
MAC002219,5.1538196,1.5656149,0.10756029,0.5342217,0.24558352,5.149513,5.164586,1.0029272,0.3037776,2,ACORN-F,Comfortable,ToU
MAC002220,4.6481166,0.7425604,0.09716531,0.24229063,0.44482568,4.6406274,4.666839,1.0056484,0.15975511,2,ACORN-G,Comfortable,Std
MAC002221,6.861521,2.5676732,0.14332502,0.80882597,0.20394284,6.424216,7.9547815,1.2382494,0.37421343,2,ACORN-E,Affluent,Std
MAC002222,12.617917,3.7333605,0.2635784,0.90649015,0.32504895,11.784571,14.706069,1.2479087,0.29587772,1,ACORN-G,Comfortable,ToU
MAC002223,12.236423,4.2447014,0.255402,1.5199095,0.18663831,11.559115,13.925799,1.2047461,0.34689072,1,ACORN-M,Adversity,Std
MAC002224,3.2417076,3.0514114,0.06774156,0.43292117,0.2018777,3.1975586,3.3520806,1.048325,0.94129753,2,ACORN-E,Affluent,Std
MAC002225,13.387727,3.4225626,0.27956823,0.87450516,0.36359972,13.021348,14.303676,1.0984789,0.25564927,1,ACORN-E,Affluent,ToU
MAC002226,5.989576,3.3906066,0.12505333,0.750757,0.24117555,5.6660395,6.798417,1.1998534,0.5660846,2,ACORN-E,Affluent,ToU
MAC002227,10.415914,3.6809106,0.2175581,0.82564753,0.2835686,9.970925,11.522029,1.1555626,0.35339296,1,ACORN-F,Comfortable,ToU
MAC002228,4.276066,2.4974217,0.08923432,0.27447006,0.460268,3.8881428,5.2377915,1.3471191,0.5840466,2,ACORN-E,Affluent,Std
MAC002229,4.725169,1.7007558,0.09866013,0.6878188,0.17821026,4.724231,4.7275157,1.0006953,0.35993543,2,ACORN-Q,Adversity,Std
MAC002230,6.3814783,2.437559,0.133556,0.9914904,0.22063772,5.885324,7.6218657,1.295063,0.381974,2,ACORN-D,Affluent,ToU
MAC002231,22.371647,5.0881023,0.46774894,3.5914536,0.14703442,21.940792,23.448784,1.06873,0.2274353,1,ACORN-F,Comfortable,Std
MAC002232,12.145383,2.0342958,0.25377035,0.6940103,0.3995481,11.647895,13.386537,1.1492666,0.1674954,1,ACORN-K,Adversity,ToU
MAC002233,9.981118,2.4170594,0.2100015,0.61333287,0.36423463,9.363254,11.525778,1.2309586,0.2421632,2,ACORN-D,Affluent,Std
MAC002234,8.67227,3.6384425,0.18099935,0.7208764,0.3509137,8.52131,9.047346,1.0617318,0.41954905,2,ACORN-Q,Adversity,Std
MAC002235,13.67821,5.512838,0.28579453,0.9414094,0.3530179,13.359835,14.47415,1.0834079,0.40303797,1,ACORN-I,Comfortable,Std
MAC002236,4.0992565,1.1197045,0.085682586,0.38578793,0.26584476,3.7776084,4.903376,1.2980107,0.27314818,2,ACORN-Q,Adversity,ToU
MAC002237,3.2472372,0.30085707,0.067746736,0.20262592,0.34586817,3.1671774,3.4473867,1.0884728,0.09265017,2,ACORN-Q,Adversity,Std
MAC002238,13.54146,5.244236,0.28271925,1.0327379,0.29183415,13.128293,14.574376,1.1101501,0.38727257,1,ACORN-H,Comfortable,ToU
MAC002239,7.8086853,2.4673655,0.16354534,0.5298262,0.330887,7.6069136,8.313113,1.0928365,0.31597707,2,ACORN-H,Comfortable,Std
MAC002240,10.489519,4.156671,0.21948895,1.1665694,0.22331962,9.3526125,13.346513,1.4270358,0.396269,1,ACORN-E,Affluent,ToU
MAC002241,17.250917,12.458916,0.36054,1.8234669,0.21741948,16.289917,19.653418,1.2064774,0.72221756,1,ACORN-E,Affluent,Std
MAC002242,8.509895,3.7231739,0.17758586,0.8139956,0.25451973,7.3635793,11.375686,1.5448582,0.43751112,2,ACORN-N,Adversity,ToU
MAC002243,16.830574,4.0608425,0.35130584,1.7717232,0.21568854,16.053213,18.77398,1.1694843,0.24127772,1,ACORN-D,Affluent,ToU
MAC002244,4.3897147,1.1884115,0.09171117,0.3270458,0.33907863,4.384833,4.4020467,1.0039258,0.27072635,2,ACORN-E,Affluent,Std
MAC002245,6.773619,1.8920832,0.14141348,0.986387,0.15365581,6.520262,7.413609,1.1370109,0.2793312,2,ACORN-G,Comfortable,Std
MAC002246,14.1247015,3.6623373,0.2949113,1.0787681,0.29478815,13.513522,15.668568,1.1594733,0.259286,1,ACORN-H,Comfortable,ToU
MAC002247,8.341102,4.2997885,0.18067734,0.62953824,0.36334792,8.965534,6.7989945,0.7583479,0.51549405,2,ACORN-D,Affluent,ToU
MAC002248,7.6641254,1.3102043,0.16016044,0.4743634,0.38112596,7.573062,7.894156,1.0423995,0.17095287,2,ACORN-Q,Adversity,Std
MAC002249,13.193248,4.721902,0.27649555,0.9978205,0.3216718,13.390644,12.694505,0.948013,0.3579029,1,ACORN-A,Affluent,Std
MAC002250,3.3212335,0.36938387,0.06936414,0.27477106,0.2908162,3.2548187,3.489,1.0719491,0.11121888,2,ACORN-E,Affluent,Std
MAC002251,2.7404394,0.87585807,0.057460334,0.24422042,0.24900782,2.6954317,2.853896,1.05879,0.31960496,2,ACORN-F,Comfortable,Std
MAC002252,13.19379,4.5624356,0.27583,1.0102895,0.3074002,12.561452,14.791104,1.1774995,0.34580174,1,ACORN-H,Comfortable,Std
MAC002253,15.146685,5.48858,0.31597164,1.1930045,0.28847563,15.074134,15.329953,1.0169708,0.36236182,1,ACORN-F,Comfortable,Std
MAC002254,13.360999,2.7109933,0.2792287,1.3513973,0.282715,13.252147,13.635963,1.0289626,0.20290348,1,ACORN-F,Comfortable,Std
MAC002255,6.15081,1.0696929,0.12961374,0.43538848,0.33008704,6.0867133,6.312719,1.037131,0.1739109,2,ACORN-E,Affluent,Std
MAC002256,9.111602,3.086361,0.19104747,1.267353,0.20333529,9.312303,8.60462,0.9240056,0.3387287,2,ACORN-H,Comfortable,Std
MAC002257,3.9794319,0.7892815,0.083157875,0.3708802,0.28650635,3.7385147,4.586745,1.2268896,0.19834024,2,ACORN-E,Affluent,Std
MAC002258,1.1218523,0.59752566,0.023487488,0.28646678,0.13856696,1.0753546,1.2393073,1.1524639,0.5326242,2,ACORN-Q,Adversity,Std
MAC002259,8.916168,4.933878,0.1859791,0.78801185,0.22788219,8.833338,9.1254015,1.0330638,0.553363,2,ACORN-E,Affluent,Std
MAC002260,21.30703,8.241559,0.45533413,1.4714981,0.3669227,20.910057,22.291727,1.0660769,0.3868,1,ACORN-A,Affluent,Std
MAC002261,6.583372,1.5198264,0.13756905,0.5209306,0.31242925,6.4184847,6.9998856,1.0905823,0.23085834,2,ACORN-F,Comfortable,Std
MAC002262,6.6879716,1.0057893,0.13957603,0.41271788,0.34564185,6.650833,6.7817864,1.0196898,0.1503878,2,ACORN-K,Adversity,Std
MAC002263,12.84707,6.0855637,0.26828185,0.70036393,0.4125252,12.389303,14.009461,1.1307707,0.47369274,1,ACORN-H,Comfortable,Std
MAC002264,13.134746,7.309578,0.27585027,1.6119956,0.17479643,12.122465,15.699895,1.2951075,0.556507,1,ACORN-E,Affluent,ToU
MAC002265,11.836712,5.4951115,0.24733052,0.9303988,0.27306044,11.809835,11.904605,1.0080246,0.46424308,1,ACORN-E,Affluent,ToU
MAC002266,4.9571977,1.4850134,0.10361151,0.39527327,0.32200933,4.8360167,5.263307,1.0883559,0.2995671,2,ACORN-F,Comfortable,Std
MAC002267,16.316053,5.4533,0.34183034,1.2317016,0.3135826,16.261452,16.453985,1.0118399,0.3342291,1,ACORN-D,Affluent,Std
MAC002268,4.809291,1.9674369,0.10064121,0.534043,0.20995946,4.4381638,5.7477956,1.2950841,0.40909085,2,ACORN-E,Affluent,ToU
MAC002269,14.730358,4.2749925,0.3076694,1.99861,0.16851634,14.940584,14.199318,0.95038575,0.29021648,1,ACORN-O,Adversity,Std
MAC002270,2.9781477,0.82695746,0.06219913,0.46196157,0.15386657,2.9322557,3.094073,1.0551853,0.2776751,2,ACORN-Q,Adversity,Std
MAC002271,3.0610251,0.85967666,0.0639483,0.21897931,0.30654153,2.972901,3.2836301,1.1045204,0.280846,2,ACORN-E,Affluent,Std
MAC002272,12.03326,3.7488122,0.25175506,1.2919897,0.21581121,12.164553,11.70161,0.96194327,0.31153753,1,ACORN-M,Adversity,Std
MAC002273,1.9716794,1.4300197,0.041191682,0.41229674,0.13306093,1.9096894,2.12844,1.1145477,0.72528005,2,ACORN-J,Comfortable,Std
MAC002274,7.3141184,1.994303,0.1545154,0.46755937,0.39934388,7.278795,7.403445,1.0171251,0.27266484,2,ACORN-Q,Adversity,Std
MAC002275,4.522413,1.5969067,0.09448222,0.43143386,0.27470362,4.678474,4.1322594,0.8832494,0.35310945,2,ACORN-F,Comfortable,Std
MAC002276,4.5738983,1.165893,0.09546073,0.34072083,0.29569882,4.4447875,4.9000363,1.1024231,0.25490138,2,ACORN-Q,Adversity,Std
MAC002277,6.374993,0.9097989,0.13308594,0.2953235,0.47909117,6.218656,6.7699065,1.0886446,0.14271371,2,ACORN-F,Comfortable,ToU
MAC002278,4.040235,0.94016975,0.08489286,0.22805761,0.3767168,4.2381854,3.540203,0.83531106,0.23270175,2,ACORN-F,Comfortable,Std
MAC002279,7.795711,2.3465726,0.16283591,0.6087953,0.30444866,7.7227764,7.9801464,1.0333261,0.30100816,2,ACORN-H,Comfortable,Std
MAC002280,11.6235285,6.189871,0.24283329,0.71265876,0.373915,11.772322,11.247672,0.9554336,0.5325294,1,ACORN-E,Affluent,ToU
MAC002281,7.9825625,8.923003,0.16741551,1.3947489,0.12737983,8.059408,7.788448,0.96637964,1.1178119,1,ACORN-E,Affluent,ToU
MAC002282,7.186601,3.2132778,0.1501549,0.7964756,0.21470065,7.032363,7.576214,1.0773355,0.44712067,2,ACORN-E,Affluent,Std
MAC002283,9.264176,4.650806,0.19331978,0.8513457,0.26095772,9.42299,8.862571,0.9405264,0.5020204,2,ACORN-F,Comfortable,Std
MAC002284,3.7603846,0.8677854,0.07858923,0.5066701,0.18311945,3.7183402,3.8671465,1.0400195,0.23077038,2,ACORN-J,Comfortable,Std
MAC002285,6.2037697,2.4024115,0.12946782,0.45930132,0.36201167,6.4519653,5.576818,0.86435956,0.38725027,2,ACORN-E,Affluent,Std
MAC002286,8.257985,2.027585,0.1725619,0.70516545,0.34305924,8.095691,8.667948,1.0706866,0.24553023,2,ACORN-F,Comfortable,Std
MAC002287,7.799972,2.8555713,0.1636846,0.631514,0.3164174,7.4476705,8.689901,1.1667945,0.3661002,2,ACORN-Q,Adversity,Std
MAC002288,4.956344,0.6904881,0.103417255,0.31988037,0.35248786,4.8854804,5.135349,1.0511451,0.139314,2,ACORN-M,Adversity,Std
MAC002289,5.260504,1.4435012,0.109912604,0.4535052,0.2742823,5.341505,5.0558906,0.9465292,0.2744036,2,ACORN-E,Affluent,Std
MAC002290,3.4283414,1.9113004,0.07155329,0.48619205,0.18440813,3.243295,3.895776,1.2011784,0.5575,2,ACORN-E,Affluent,ToU
MAC002291,20.714598,10.279425,0.43245897,1.3667903,0.32591188,20.88049,20.295546,0.9719861,0.49624062,1,ACORN-K,Adversity,ToU
MAC002292,2.192136,0.49086922,0.045733638,0.21147269,0.2215823,2.1975732,2.178401,0.9912757,0.22392279,2,ACORN-Q,Adversity,ToU
MAC002293,10.3508005,2.959278,0.21626256,0.989392,0.24126361,10.166762,10.814729,1.0637338,0.28589848,1,ACORN-Q,Adversity,Std
MAC002294,2.8903275,0.76214564,0.063647375,0.1808307,0.40352955,2.9545364,2.7278326,0.9232692,0.26368833,2,ACORN-Q,Adversity,Std
MAC002295,8.545204,3.2107968,0.17842513,0.6767382,0.3181492,8.092308,9.68688,1.1970478,0.37574255,2,ACORN-K,Adversity,Std
MAC002296,12.195307,7.626723,0.25494167,0.82240975,0.34583855,12.341775,11.826083,0.9582158,0.62538177,1,ACORN-C,Affluent,Std
MAC002297,4.710517,1.2999246,0.09905379,0.47939822,0.27567846,4.5789523,5.0425286,1.1012408,0.2759622,2,ACORN-E,Affluent,Std
MAC002298,6.318782,1.7377859,0.13199976,0.417867,0.37712845,6.4322643,6.033486,0.9380034,0.27501914,2,ACORN-Q,Adversity,Std
MAC002299,6.895713,1.4185351,0.14403631,0.5275828,0.33633974,6.5611343,7.73913,1.1795415,0.20571262,2,ACORN-O,Adversity,Std
MAC002300,9.395167,2.9253728,0.19624074,0.88766867,0.25946122,9.672,8.697318,0.8992264,0.31136996,2,ACORN-H,Comfortable,ToU
MAC002301,3.7037406,0.7254241,0.07766979,0.2389763,0.3466033,3.7461324,3.5963192,0.96000856,0.19586256,2,ACORN-F,Comfortable,Std
MAC002302,8.7798815,2.9435198,0.18335116,0.7894948,0.28507897,8.344572,9.882969,1.184359,0.33525735,2,ACORN-E,Affluent,Std
MAC002303,4.8970637,0.76700693,0.10279345,0.59430325,0.21598497,4.9249773,4.826698,0.98004466,0.15662588,2,ACORN-J,Comfortable,Std
MAC002304,2.9920356,1.0581284,0.062422164,0.6586,0.122322194,2.907795,3.203953,1.1018497,0.3536483,2,ACORN-P,Adversity,Std
MAC002305,11.331155,2.705074,0.23627178,0.69526184,0.36796817,10.975045,12.228848,1.1142412,0.2387289,1,ACORN-Q,Adversity,Std
MAC002306,14.343913,2.6373818,0.29977724,0.92365634,0.34883168,14.177661,14.765204,1.0414414,0.18386766,1,ACORN-E,Affluent,Std
MAC002307,7.2820873,2.3925138,0.1525236,0.72451925,0.2667236,7.3667865,7.0679007,0.95942795,0.3285478,2,ACORN-E,Affluent,Std
MAC002308,5.567306,4.3972564,0.11640166,0.6678669,0.18203394,5.5959153,5.4951878,0.9819998,0.7898356,2,ACORN-Q,Adversity,Std
MAC002309,6.7091417,1.8793584,0.13993098,1.4400592,0.099766746,6.253229,7.858422,1.2566983,0.28011906,2,ACORN-H,Comfortable,Std
MAC002310,11.151126,4.2910986,0.23288526,1.2907397,0.19491616,10.942736,11.676442,1.0670496,0.38481304,1,ACORN-E,Affluent,Std
MAC002311,7.7394333,1.7771164,0.16174032,0.5199377,0.38389707,7.665228,7.925719,1.0339835,0.22961842,2,ACORN-G,Comfortable,Std
MAC002312,16.196167,2.560557,0.33879372,0.8793358,0.41176727,15.799161,17.196953,1.0884725,0.15809648,1,ACORN-H,Comfortable,Std
MAC002313,5.400249,1.7527033,0.11354063,0.49017152,0.28095782,5.353579,5.5174546,1.0306104,0.32455972,2,ACORN-E,Affluent,Std
MAC002314,14.196931,9.635722,0.29651743,0.8758298,0.37275288,14.085785,14.477109,1.0277815,0.6787187,1,ACORN-A,Affluent,Std
MAC002315,2.2616448,0.8993932,0.04718617,0.32762426,0.2070451,2.271845,2.2359324,0.98419225,0.39767218,2,ACORN-Q,Adversity,Std
MAC002316,13.406031,1.992281,0.2805097,0.57811093,0.514127,13.288243,13.702953,1.0312088,0.1486108,1,ACORN-K,Adversity,Std
MAC002317,7.7891364,5.1398354,0.16264,0.72476923,0.2885531,7.800686,7.7600207,0.994787,0.6598723,2,ACORN-E,Affluent,Std
MAC002318,4.9956,1.2381651,0.10442433,0.3471361,0.3199269,4.9503307,5.109719,1.0321975,0.24785113,2,ACORN-Q,Adversity,ToU
MAC002319,3.6619985,1.0491064,0.07640887,0.48636243,0.1808486,3.5713077,3.8906145,1.089409,0.28648466,2,ACORN-E,Affluent,Std
MAC002320,8.595945,2.2725492,0.17940177,0.8396287,0.23219399,8.754166,8.197099,0.9363655,0.26437455,2,ACORN-F,Comfortable,Std
MAC002321,15.741295,12.072989,0.3288511,0.8572337,0.3984027,16.002733,15.08225,0.9424796,0.76696295,1,ACORN-E,Affluent,Std
MAC002322,5.8576713,2.0461636,0.12299766,0.4001775,0.35927516,5.945128,5.6372085,0.9482064,0.3493135,2,ACORN-E,Affluent,Std
MAC002323,8.960368,1.6754099,0.18772769,0.64256805,0.33450642,8.783766,9.405552,1.0707881,0.18698002,2,ACORN-H,Comfortable,Std
MAC002324,31.115845,17.8377,0.6495647,2.6641524,0.27247885,31.10827,31.134933,1.0008571,0.5732674,0,ACORN-E,Affluent,ToU
MAC002325,13.178401,2.3445754,0.27591425,0.81037235,0.3788077,13.08303,13.418764,1.0256618,0.17791046,1,ACORN-Q,Adversity,Std
MAC002326,11.342574,3.3603888,0.23691069,0.69723964,0.4370637,11.771253,10.261948,0.87178046,0.29626334,2,ACORN-E,Affluent,Std
MAC002327,14.72759,5.72054,0.3077937,1.1536682,0.3093108,14.609649,15.026455,1.0285295,0.38842338,1,ACORN-B,Affluent,Std
MAC002328,1.7320083,0.8527373,0.03623438,0.222625,0.29824036,1.7312908,1.7338235,1.0014629,0.49234018,2,ACORN-Q,Adversity,Std
MAC002329,2.4868758,1.0262012,0.05193134,0.35113463,0.19307901,2.4172893,2.6622918,1.1013542,0.41264677,2,ACORN-F,Comfortable,Std
MAC002330,10.519107,4.3648615,0.22084905,0.737216,0.3512102,10.372727,10.888104,1.0496858,0.41494602,2,ACORN-E,Affluent,Std
MAC002331,4.849055,2.1832614,0.101453885,0.46614644,0.27654356,4.790723,4.996099,1.0428696,0.45024472,2,ACORN-Q,Adversity,Std
MAC002332,10.187093,5.0955133,0.21335281,0.9191248,0.2607241,9.924862,10.845618,1.0927727,0.50019306,1,ACORN-F,Comfortable,Std
MAC002333,3.7882545,1.2830029,0.079299524,0.39199558,0.25161362,3.9314876,3.4271877,0.87172794,0.33867916,2,ACORN-E,Affluent,Std
MAC002334,6.48363,3.7697103,0.13544478,0.83399856,0.18761365,6.00281,7.695698,1.2820159,0.5814197,2,ACORN-E,Affluent,ToU
MAC002335,17.012882,5.0114717,0.3554422,1.222434,0.30461583,17.065857,16.87864,0.9890297,0.29456922,1,ACORN-D,Affluent,Std
MAC002336,7.56924,4.912867,0.15850191,0.86319816,0.22943585,7.187692,8.531057,1.186898,0.64905685,2,ACORN-E,Affluent,ToU
MAC002337,5.120712,1.2758578,0.10715716,0.41774613,0.294272,5.0816884,5.218624,1.0269469,0.24915634,2,ACORN-L,Adversity,Std
MAC002338,22.938925,4.3711753,0.48713392,1.185507,0.42313755,22.239414,24.705189,1.110874,0.1905571,1,ACORN-E,Affluent,Std
MAC002339,11.720224,4.5984845,0.24452847,1.5194896,0.1676797,10.438159,14.962304,1.4334236,0.39235464,1,ACORN-O,Adversity,Std
MAC002340,6.044751,2.9936128,0.12852673,0.6994874,0.23692563,5.972977,6.2266283,1.0424664,0.4952417,2,ACORN-E,Affluent,Std
MAC002341,12.025385,2.6559126,0.2517876,1.3715222,0.19310497,12.453238,10.946838,0.87903553,0.22085884,1,ACORN-E,Affluent,Std
MAC002342,10.895583,2.4023578,0.22766139,0.49894524,0.5189877,10.977452,10.689202,0.97374165,0.22048914,2,ACORN-L,Adversity,Std
MAC002343,15.057287,10.044754,0.3142459,0.85033625,0.38490394,15.264143,14.536916,0.9523572,0.6671025,1,ACORN-E,Affluent,Std
MAC002344,3.4577363,1.0064915,0.07209851,0.4331615,0.20013896,3.2731388,3.9221146,1.1982733,0.29108396,2,ACORN-F,Comfortable,ToU
MAC002345,7.1697865,0.9058749,0.1497954,0.44868886,0.39583877,7.1899486,7.1190677,0.9901417,0.12634616,2,ACORN-Q,Adversity,Std
MAC002346,7.8362875,2.3071737,0.16409944,0.72947854,0.2420711,7.5629606,8.523875,1.1270554,0.2944218,2,ACORN-L,Adversity,ToU
MAC002347,4.7020607,1.1398115,0.098568216,0.30708444,0.34426963,4.7401676,4.606198,0.9717373,0.2424068,2,ACORN-Q,Adversity,Std
MAC002348,14.372498,3.4961367,0.29982615,0.75397927,0.44436365,14.315929,14.514802,1.0138917,0.24325186,1,ACORN-F,Comfortable,Std
MAC002349,19.256311,6.3519135,0.4039074,1.5469971,0.29663867,18.43459,21.323458,1.1567091,0.32986137,1,ACORN-F,Comfortable,Std
MAC002350,10.44325,3.557365,0.21916065,0.71834075,0.341926,9.843798,11.951249,1.2140893,0.34063774,2,ACORN-L,Adversity,Std
MAC002351,6.5405273,0.9286734,0.13684225,0.3205812,0.43955103,6.634924,6.3035903,0.95006216,0.14198753,2,ACORN-Q,Adversity,Std
MAC002352,7.9736166,4.4529505,0.16650784,0.8867349,0.25331026,7.637717,8.818455,1.1545931,0.5584606,2,ACORN-Q,Adversity,Std
MAC002353,8.726812,2.4969218,0.18223831,0.83192,0.23715886,8.0981245,10.308354,1.2729311,0.2861207,2,ACORN-Q,Adversity,Std
MAC002354,9.588834,3.1593492,0.2010949,0.92576855,0.24913822,9.0971365,10.832235,1.1907302,0.3294821,2,ACORN-H,Comfortable,Std
MAC002355,3.1578825,1.3151404,0.06598662,0.27201635,0.29833943,3.1139398,3.267969,1.0494643,0.41646275,2,ACORN-E,Affluent,Std
MAC002356,6.3094597,1.752788,0.1318113,0.71660566,0.21741672,6.3173018,6.289712,0.99563265,0.27780318,2,ACORN-P,Adversity,Std
MAC002357,5.8998885,2.5069458,0.123101026,0.6700624,0.20263617,5.872811,5.967724,1.0161614,0.4249141,2,ACORN-Q,Adversity,ToU
MAC002358,11.751252,7.468314,0.24710877,0.72074294,0.39133942,11.857568,11.484912,0.9685723,0.63553345,1,ACORN-D,Affluent,Std
MAC002359,12.871689,2.710145,0.2690158,0.6736453,0.42120138,12.794985,13.063046,1.0209506,0.21055084,1,ACORN-E,Affluent,Std
MAC002360,6.820351,3.0322475,0.14261,0.6134725,0.28045878,6.741033,7.0190578,1.0412437,0.44458818,2,ACORN-E,Affluent,Std
MAC002361,30.665825,10.06966,0.6414988,1.5245571,0.4511673,29.713116,33.052555,1.1123894,0.3283675,0,ACORN-E,Affluent,Std
MAC002362,10.29997,3.0284736,0.21552575,1.0439614,0.26578262,10.646597,9.431599,0.8858792,0.29402742,2,ACORN-M,Adversity,Std
MAC002363,8.072859,1.9776815,0.17009911,0.56140566,0.38103563,8.045657,8.1410055,1.011851,0.24497908,2,ACORN-F,Comfortable,Std
MAC002364,4.1200695,0.7764798,0.085957825,0.2747563,0.3754395,4.1109085,4.143021,1.0078115,0.1884628,2,ACORN-Q,Adversity,Std
MAC002365,4.323327,1.2463415,0.09051173,0.46428677,0.2759238,4.156846,4.740396,1.1403829,0.28828296,2,ACORN-Q,Adversity,Std
MAC002366,4.23085,0.9830995,0.088431746,0.34085587,0.29241812,4.220869,4.255854,1.0082886,0.23236454,2,ACORN-P,Adversity,Std
MAC002367,16.325836,7.0669026,0.34103984,1.534483,0.2394584,14.6533575,20.51574,1.4000709,0.4328662,1,ACORN-L,Adversity,Std
MAC002368,8.124982,2.3419044,0.17044224,0.5564458,0.3538983,7.9427986,8.58139,1.0803988,0.28823504,2,ACORN-K,Adversity,Std
MAC002369,13.965968,4.0288625,0.29183882,0.9699003,0.3392603,13.669446,14.707276,1.0759233,0.28847712,1,ACORN-N,Adversity,Std
MAC002370,9.365324,4.293518,0.19564442,0.83253723,0.25905958,7.94264,12.922036,1.6269196,0.45844844,1,ACORN-E,Affluent,Std
MAC002371,3.1557646,1.9357951,0.06615183,0.2994441,0.2567615,3.0650792,3.382005,1.1033989,0.61341554,2,ACORN-K,Adversity,Std
MAC002372,7.128719,3.4041228,0.14937565,0.5977887,0.33477122,6.9916,7.4715157,1.0686418,0.47752237,2,ACORN-E,Affluent,Std
MAC002373,5.2419086,1.8643148,0.10980863,0.4806316,0.28744593,4.9331217,6.0149717,1.2193034,0.35565573,2,ACORN-K,Adversity,Std
MAC002374,7.895729,4.1788425,0.16483231,0.91711915,0.2120945,8.899269,5.4245124,0.6095458,0.52925354,2,ACORN-E,Affluent,Std
MAC002375,5.5121984,1.9153669,0.11527011,0.5326304,0.28337678,5.5325303,5.461474,0.9871566,0.34747785,2,ACORN-D,Affluent,Std
MAC002376,16.61351,4.121946,0.34699905,1.0303482,0.36143613,16.148233,17.776703,1.1008451,0.24810806,1,ACORN-F,Comfortable,Std
MAC002377,8.799256,3.0290015,0.18360883,0.7584286,0.2515406,8.015389,10.758922,1.3422831,0.3442338,2,ACORN-L,Adversity,Std
MAC002378,9.811279,2.375421,0.20526151,0.56407475,0.39742076,9.52078,10.537529,1.1067927,0.24211125,2,ACORN-E,Affluent,Std
MAC002379,11.1323805,5.2284727,0.23308039,0.7344405,0.34946865,10.587514,12.494548,1.1801211,0.4696635,1,ACORN-Q,Adversity,Std
MAC002380,21.543333,6.5900846,0.44975296,1.6595923,0.28859514,21.205273,22.388483,1.0557979,0.30589902,1,ACORN-D,Affluent,Std
MAC002381,9.356173,2.0687027,0.1952062,0.81861013,0.2758901,9.380242,9.2960005,0.99101925,0.22110566,2,ACORN-E,Affluent,Std
MAC002382,6.9257293,3.5885885,0.1461976,0.4580397,0.4003737,6.9951625,6.7547503,0.96563166,0.51815313,2,ACORN-Q,Adversity,Std
MAC002383,6.225614,1.2869554,0.13005063,0.5487976,0.25332192,5.844508,7.1783805,1.2282267,0.20671943,2,ACORN-F,Comfortable,Std
MAC002384,5.8661294,2.0014114,0.122715,0.67645687,0.20053126,5.818933,5.98412,1.0283878,0.34118092,2,ACORN-Q,Adversity,Std
MAC002385,14.09061,3.6251132,0.29486725,1.1379672,0.27525344,13.246416,16.201094,1.2230549,0.25727156,1,ACORN-M,Adversity,Std
MAC002386,6.8089795,1.1403892,0.14223738,1.1646597,0.12952831,6.828452,6.759784,0.98994386,0.16748314,2,ACORN-L,Adversity,Std
MAC002387,4.100985,1.6018687,0.085664585,0.6986268,0.1473556,3.8655918,4.6956635,1.2147334,0.39060584,2,ACORN-O,Adversity,Std
MAC002388,0.2720224,0.17745194,0.005683525,0.007437313,0.87991154,0.2707625,0.27520528,1.0164084,0.6523431,2,ACORN-H,Comfortable,Std
MAC002389,10.358636,2.8050227,0.21598445,1.0040075,0.24805425,10.225391,10.695252,1.0459504,0.27079076,1,ACORN-F,Comfortable,Std
MAC002390,5.038855,1.3989295,0.10536219,0.40716416,0.28126302,4.9816566,5.183358,1.0404888,0.27762845,2,ACORN-E,Affluent,Std
MAC002391,8.077855,2.514092,0.16916737,0.6629329,0.28533974,7.94095,8.42372,1.0607951,0.31123263,2,ACORN-Q,Adversity,Std
MAC002392,3.0360134,1.352204,0.06350558,0.40395364,0.20355028,3.1045146,2.8620424,0.92189693,0.44538802,2,ACORN-Q,Adversity,Std
MAC002393,8.887803,1.2309431,0.18583664,0.5741151,0.3679996,8.872157,8.927247,1.0062093,0.13849801,2,ACORN-F,Comfortable,Std
MAC002394,12.526533,4.584346,0.26180708,1.1787597,0.24849081,12.11064,13.57721,1.1210977,0.36597085,1,ACORN-E,Affluent,Std
MAC002395,11.782699,2.5898798,0.24668114,0.8171045,0.3392433,12.297398,10.482405,0.85240835,0.21980362,1,ACORN-F,Comfortable,Std
MAC002396,24.267698,10.984677,0.5076499,1.5364045,0.3436282,23.265055,26.800684,1.1519717,0.45264602,0,ACORN-M,Adversity,Std
MAC002397,12.909473,3.566114,0.27060515,0.7158982,0.41018084,12.578424,13.742738,1.0925643,0.27624008,1,ACORN-F,Comfortable,Std
MAC002398,8.912018,2.3468647,0.18604532,0.8278836,0.27481684,8.555298,9.813206,1.1470326,0.26333708,2,ACORN-L,Adversity,ToU
MAC002399,5.699025,1.5889236,0.118970625,0.644897,0.24307674,5.4952188,6.213905,1.1307839,0.2788062,2,ACORN-E,Affluent,Std
MAC002400,5.637384,2.7245271,0.117965735,0.75287163,0.21992612,5.550681,5.856421,1.0550815,0.48329636,2,ACORN-Q,Adversity,Std
MAC002401,16.123915,6.212239,0.33723193,1.0953612,0.32838893,15.531709,17.620016,1.1344545,0.38528106,1,ACORN-H,Comfortable,Std
MAC002402,11.692601,1.7150257,0.2449962,0.593103,0.43524176,11.538106,12.082905,1.0472174,0.14667614,2,ACORN-Q,Adversity,Std
MAC002403,8.533282,2.8634522,0.1920064,0.7787041,0.3077409,8.272612,9.192966,1.1112533,0.33556283,2,ACORN-Q,Adversity,Std
MAC002404,9.603649,2.7042277,0.20063509,0.7672284,0.30985585,9.553991,9.7291,1.0183283,0.28158334,2,ACORN-E,Affluent,ToU
MAC002405,10.765569,2.9938624,0.22508718,1.2238821,0.22604556,10.512659,11.4045,1.0848349,0.27809608,1,ACORN-G,Comfortable,Std
MAC002406,6.747472,1.9369563,0.14098807,0.722697,0.2533475,6.521487,7.3183784,1.1221946,0.28706402,2,ACORN-O,Adversity,Std
MAC002407,10.641489,3.1495721,0.22210759,1.2289507,0.22736453,10.378523,11.305826,1.0893483,0.295971,1,ACORN-E,Affluent,Std
MAC002408,8.714431,2.7130656,0.18292856,0.7967224,0.25539067,8.396037,9.518795,1.1337247,0.31133023,2,ACORN-Q,Adversity,Std
MAC002409,7.442926,1.3789268,0.15584134,0.58069444,0.32466662,7.2788906,7.859738,1.0797988,0.18526676,2,ACORN-H,Comfortable,Std
MAC002410,3.9162703,3.1128364,0.08269832,0.20134626,0.38441458,3.8476062,4.089737,1.0629302,0.7948472,2,ACORN-O,Adversity,Std
MAC002411,18.679617,3.7203178,0.38975146,1.2117194,0.3362406,18.710552,18.601469,0.99416995,0.19916457,1,ACORN-H,Comfortable,Std
MAC002412,10.462448,5.0497904,0.21852654,0.96376985,0.23407851,9.839309,12.045027,1.2241741,0.4826586,1,ACORN-K,Adversity,Std
MAC002413,3.237973,0.9117888,0.06761891,0.3094836,0.28243712,3.2468917,3.2154422,0.99031395,0.2815925,2,ACORN-E,Affluent,ToU
MAC002414,13.565118,3.8742666,0.28406236,0.9680836,0.3150078,13.090327,14.764589,1.1279007,0.28560507,1,ACORN-L,Adversity,Std
MAC002415,11.674945,3.5811834,0.24384916,1.009296,0.26108766,11.562412,11.960741,1.0344503,0.30674094,1,ACORN-N,Adversity,Std
MAC002416,3.6236537,1.7563334,0.07556284,0.2181612,0.39726195,3.6377687,3.5879948,0.98631746,0.48468578,2,ACORN-Q,Adversity,Std
MAC002417,1.9995463,0.43755612,0.04180126,0.22318956,0.24427406,1.9726833,2.0674107,1.0480195,0.2188277,2,ACORN-F,Comfortable,Std
MAC002418,1.8756503,1.053605,0.039246995,0.211429,0.31775913,1.8961834,1.8235027,0.96167,0.5617278,2,ACORN-P,Adversity,ToU
MAC002419,6.794894,2.7520442,0.14184186,1.0155313,0.214434,6.452179,7.6607,1.1873043,0.40501648,2,ACORN-Q,Adversity,Std
MAC002420,10.463153,3.2932582,0.21937983,0.75335723,0.31543908,10.432523,10.540374,1.010338,0.31474817,2,ACORN-H,Comfortable,Std
MAC002421,9.448203,2.4835138,0.1973835,1.2501032,0.18573813,9.565833,9.151652,0.95670205,0.26285568,2,ACORN-E,Affluent,ToU
MAC002422,3.452103,1.5311636,0.07202368,0.6623492,0.16892008,3.3585,3.6885736,1.0982801,0.44354516,2,ACORN-F,Comfortable,Std
MAC002423,2.7294836,0.74925494,0.05705016,0.28176796,0.23756562,2.7096004,2.7795053,1.0257989,0.27450427,2,ACORN-L,Adversity,Std
MAC002424,8.108394,2.331717,0.16989814,0.5548834,0.37656993,7.746748,9.026857,1.1652447,0.2875683,2,ACORN-Q,Adversity,Std
MAC002425,4.0705194,0.75067866,0.085576706,0.22904179,0.38278764,4.073823,4.062174,0.99714047,0.1844184,2,ACORN-L,Adversity,Std
MAC002426,6.5326877,2.2804615,0.13622887,0.54577535,0.2703632,6.523036,6.556986,1.0052046,0.34908473,2,ACORN-Q,Adversity,Std
MAC002427,4.687373,1.3644716,0.09830641,0.8154418,0.19770218,4.704771,4.643421,0.98696005,0.29109514,2,ACORN-Q,Adversity,Std
MAC002428,13.161012,3.6162038,0.27590647,0.7767074,0.3756604,12.68122,14.3731165,1.1334175,0.2747664,1,ACORN-D,Affluent,Std
MAC002429,3.8150387,1.0484228,0.07974484,0.33237162,0.27037022,3.5662875,4.4434633,1.2459633,0.27481315,2,ACORN-P,Adversity,Std
MAC002430,3.464588,1.8799784,0.07238308,0.43142536,0.21737646,3.4048228,3.6155736,1.0618978,0.54262686,2,ACORN-F,Comfortable,Std
MAC002431,6.461979,1.1049263,0.13493286,0.71589106,0.22864611,6.324329,6.809726,1.0767508,0.17098886,2,ACORN-L,Adversity,Std
MAC002432,13.919108,2.9317298,0.2912765,0.7390688,0.41222537,13.056354,16.094162,1.232669,0.21062626,1,ACORN-E,Affluent,ToU
MAC002433,11.064102,5.243347,0.23128934,0.9667931,0.27975866,11.041933,11.120169,1.0070853,0.47390625,1,ACORN-C,Affluent,ToU
MAC002434,6.1232753,4.0586267,0.12833261,0.8369073,0.30246052,5.898029,6.695328,1.1351806,0.66281956,2,ACORN-E,Affluent,Std
MAC002435,4.7648,2.886288,0.09956858,0.4416642,0.24019538,4.638575,5.0836844,1.0959582,0.60575217,2,ACORN-P,Adversity,Std
MAC002436,12.994325,5.371311,0.2715076,1.2872716,0.25421616,12.091293,15.275663,1.2633606,0.41335824,1,ACORN-E,Affluent,Std
MAC002437,12.336464,2.4264627,0.25764218,0.79817617,0.35268137,12.186039,12.716485,1.043529,0.19669029,1,ACORN-H,Comfortable,Std
MAC002438,7.4344015,2.0751538,0.15671186,0.64975464,0.28653306,7.1268034,8.215539,1.1527663,0.27912855,2,ACORN-Q,Adversity,Std
MAC002439,0.8701806,0.35671598,0.018215485,0.17191343,0.18680081,0.8848271,0.83317894,0.9416291,0.40993327,2,ACORN-Q,Adversity,ToU
MAC002440,8.042691,1.999947,0.16827849,0.51638657,0.40245205,7.957923,8.256843,1.0375625,0.24866639,2,ACORN-K,Adversity,Std
MAC002441,44.45026,22.332893,0.9294844,2.7431405,0.33445975,43.83406,46.006973,1.0495713,0.50242436,0,ACORN-E,Affluent,Std
MAC002442,7.3496027,2.779897,0.1537886,0.7155975,0.25459838,7.552786,6.8391356,0.9055117,0.37823772,2,ACORN-E,Affluent,Std
MAC002443,25.747438,15.192702,0.53798974,2.2856941,0.25525543,26.162975,24.697653,0.9439925,0.59006655,0,ACORN-G,Comfortable,Std
MAC002444,8.767777,2.2445357,0.18322787,1.0757761,0.19110617,9.14578,7.812826,0.8542548,0.25599825,2,ACORN-E,Affluent,ToU
MAC002445,9.432748,1.5583291,0.19707014,0.5657254,0.3558622,9.0357065,10.4358,1.1549511,0.16520415,2,ACORN-Q,Adversity,ToU
MAC002446,20.36413,5.5511117,0.4259347,1.1201242,0.392607,20.68724,19.551252,0.9450875,0.27259263,1,ACORN-E,Affluent,ToU
MAC002447,6.578976,2.1527429,0.13848512,0.57093835,0.29712915,6.699314,6.270793,0.9360351,0.3272155,2,ACORN-E,Affluent,Std
MAC002448,2.6352515,1.183037,0.055155754,0.12690419,0.47499588,2.7755752,2.2822263,0.82225347,0.44892755,2,ACORN-Q,Adversity,ToU
MAC002449,9.729133,2.78947,0.20296396,0.8209913,0.2728318,9.304944,10.79611,1.1602552,0.28671312,2,ACORN-F,Comfortable,Std
MAC002450,2.0503354,0.86410546,0.04289798,0.15389073,0.38537446,2.0705094,1.9992064,0.9655626,0.4214459,2,ACORN-N,Adversity,Std
MAC002451,15.428479,4.365565,0.32317373,1.2444874,0.29535794,15.829992,14.417069,0.91074395,0.28295496,1,ACORN-F,Comfortable,Std
MAC002452,2.7733269,0.6058619,0.05798966,0.29315224,0.21930811,2.786504,2.7400367,0.98332417,0.21846034,2,ACORN-P,Adversity,ToU
MAC002453,5.146167,2.0283172,0.10766328,0.72817016,0.17510776,5.044248,5.4036474,1.0712494,0.39414138,2,ACORN-O,Adversity,Std
MAC002454,3.5723953,1.0160797,0.074549876,0.40416715,0.2847979,3.6855812,3.2864528,0.89170545,0.28442532,2,ACORN-E,Affluent,Std
MAC002455,7.205218,3.1529891,0.15053377,0.7796627,0.27473232,6.9855604,7.7601423,1.1108832,0.43759802,2,ACORN-C,Affluent,ToU
MAC002456,8.0702,1.4386936,0.16937764,0.4830448,0.3664979,8.056733,8.104221,1.0058942,0.17827237,2,ACORN-N,Adversity,Std
MAC002457,7.3193936,2.6190312,0.15298,0.65913475,0.27053735,6.6379123,9.033857,1.3609486,0.35782078,2,ACORN-P,Adversity,ToU
MAC002458,12.426344,3.6532989,0.25969043,0.9498731,0.3310253,12.350352,12.61832,1.0216972,0.29399627,1,ACORN-D,Affluent,Std
MAC002459,4.6106086,1.2104017,0.09634689,0.46524066,0.24165748,4.576981,4.6960106,1.0260061,0.26252535,2,ACORN-N,Adversity,Std
MAC002460,3.7254417,0.53701764,0.0778851,0.22298656,0.3702736,3.6547666,3.9039896,1.0681912,0.14414872,2,ACORN-F,Comfortable,Std
MAC002461,4.8961225,1.0205703,0.10248167,0.4968627,0.24002542,4.780548,5.1881,1.085252,0.2084446,2,ACORN-G,Comfortable,Std
MAC002462,9.428061,2.743359,0.1981248,0.8397316,0.26915446,9.275355,9.817095,1.0584064,0.2909781,2,ACORN-O,Adversity,Std
MAC002463,3.8243623,1.6151559,0.07983721,0.42132184,0.21520843,3.8467593,3.7680156,0.97952986,0.4223334,2,ACORN-O,Adversity,ToU
MAC002464,7.8172107,1.5618378,0.16332018,0.77837515,0.3149836,7.98475,7.394837,0.92612004,0.19979477,2,ACORN-Q,Adversity,ToU
MAC002465,4.188745,5.5321083,0.08737007,0.2979878,0.41859847,4.1469445,4.294145,1.0354961,1.3207078,2,ACORN-F,Comfortable,Std
MAC002466,11.224102,3.3699696,0.23496065,1.03009,0.24825127,11.375293,10.841724,0.9530941,0.30024403,1,ACORN-F,Comfortable,Std
MAC002467,4.780218,1.7471006,0.10000851,0.5762825,0.2019696,4.883071,4.5209208,0.92583555,0.36548555,2,ACORN-K,Adversity,Std
MAC002468,6.590913,0.9440341,0.1375458,0.41716143,0.37675485,6.469365,6.897342,1.0661544,0.14323267,2,ACORN-I,Comfortable,Std
MAC002469,2.6233408,0.603778,0.054774817,0.30404037,0.19820455,2.56738,2.764421,1.0767479,0.23015614,2,ACORN-E,Affluent,Std
MAC002470,5.839975,2.1268322,0.12194592,0.78044844,0.17814186,5.645094,6.331279,1.1215543,0.36418518,2,ACORN-E,Affluent,ToU
MAC002471,11.155727,4.5406647,0.23274143,0.90536004,0.29188016,11.4432335,10.434439,0.91184354,0.40702543,1,ACORN-E,Affluent,Std
MAC002472,1.934713,0.7148407,0.040501192,0.18339163,0.23984212,1.9936389,1.7861578,0.8959285,0.36948153,2,ACORN-Q,Adversity,ToU
MAC002473,7.584589,3.145484,0.15843038,0.56831175,0.30529937,7.2752357,8.36426,1.1496892,0.41472042,2,ACORN-Q,Adversity,ToU
MAC002474,4.2798247,1.7742112,0.08937115,0.92275786,0.124454856,3.8866098,5.271142,1.3562313,0.4145523,2,ACORN-C,Affluent,Std
MAC002475,23.929945,9.562336,0.5004127,1.5283767,0.36582965,23.954453,23.868158,0.99639755,0.39959708,1,ACORN-Q,Adversity,Std
MAC002476,11.606907,4.4453835,0.24282457,0.6654279,0.4016079,12.074657,10.426392,0.8634938,0.38299468,1,ACORN-H,Comfortable,ToU
MAC002477,6.8530793,2.8528323,0.14337352,0.6176152,0.3131276,6.8442736,6.8753967,1.0045474,0.41628474,2,ACORN-E,Affluent,Std
MAC002478,13.7326975,6.713431,0.28848475,1.199734,0.25191188,12.974215,15.644875,1.2058437,0.4888647,1,ACORN-E,Affluent,Std
MAC002479,8.095372,3.6868935,0.16909765,0.9198625,0.22107768,7.6123905,9.312995,1.2233995,0.45543224,2,ACORN-E,Affluent,Std
MAC002480,12.311427,5.10096,0.25689486,1.1855412,0.27747193,12.557221,11.691769,0.93107927,0.41432726,1,ACORN-F,Comfortable,Std
MAC002481,12.845568,2.6607888,0.26869565,0.94930786,0.30411568,12.703629,13.203405,1.0393412,0.20713672,1,ACORN-C,Affluent,Std
MAC002482,22.009901,4.88382,0.46025023,1.1584013,0.41284928,21.941113,22.182959,1.0110224,0.22189195,1,ACORN-D,Affluent,ToU
MAC002483,3.979193,0.8199742,0.08316614,0.28192526,0.3043502,3.9488664,4.0556474,1.027041,0.20606545,2,ACORN-Q,Adversity,Std
MAC002484,3.102429,1.2086252,0.06476733,0.3204559,0.25132912,3.042238,3.2541735,1.0696644,0.38957384,2,ACORN-K,Adversity,ToU
MAC002485,12.27274,2.0746756,0.25595295,1.1544485,0.2295657,12.396973,11.962162,0.96492606,0.16904746,1,ACORN-U,ACORN-U,Std
MAC002486,11.605706,3.0595164,0.24325463,0.8720881,0.3478713,11.502649,11.863349,1.031358,0.26362175,1,ACORN-F,Comfortable,ToU
MAC002487,9.072316,2.9287972,0.18948261,0.5686013,0.37164074,8.791253,9.774971,1.1118973,0.32282797,2,ACORN-F,Comfortable,Std
MAC002488,3.6255648,0.4960508,0.07568587,0.24588205,0.35827038,3.606628,3.6729069,1.018377,0.13682029,2,ACORN-N,Adversity,ToU
MAC002489,14.556861,2.107308,0.30404642,0.75275415,0.4197176,14.324303,15.138256,1.0568233,0.1447639,1,ACORN-F,Comfortable,Std
MAC002490,5.383151,1.2977782,0.11271661,0.27298507,0.44042772,5.4127507,5.309151,0.9808601,0.24108152,2,ACORN-L,Adversity,ToU
MAC002491,8.905217,2.7135096,0.1860975,0.79353654,0.27603602,8.646644,9.551651,1.1046658,0.3047101,2,ACORN-H,Comfortable,ToU
MAC002492,18.69915,3.8301282,0.39041048,1.6680166,0.23566422,18.87396,18.262127,0.9675832,0.20482899,1,ACORN-E,Affluent,Std
MAC002493,13.759545,2.9963377,0.28723967,0.85191697,0.3540397,13.302996,14.900919,1.1201175,0.21776429,1,ACORN-H,Comfortable,Std
MAC002494,12.143459,6.0018854,0.25389692,0.9429618,0.29040018,10.992926,15.019796,1.3663148,0.49424842,1,ACORN-E,Affluent,Std
MAC002495,7.0579443,2.8288076,0.14897129,1.2192836,0.16067772,6.9763,7.25682,1.0402105,0.40079767,2,ACORN-E,Affluent,Std
MAC002496,13.627858,4.585118,0.28478155,1.2062575,0.24396586,13.393738,14.213163,1.0611798,0.33645183,1,ACORN-G,Comfortable,ToU
MAC002497,11.996726,4.4170337,0.25107208,1.1067641,0.24946608,11.507711,13.219261,1.1487306,0.3681866,1,ACORN-D,Affluent,ToU
MAC002498,2.9145346,1.8132646,0.061450507,0.38200393,0.1770899,2.8538485,3.0654178,1.0741347,0.62214553,2,ACORN-E,Affluent,Std
MAC002499,9.48094,4.1452184,0.19829148,0.66863626,0.32920712,9.500584,9.431831,0.99276334,0.43721598,2,ACORN-E,Affluent,Std
MAC002500,18.261568,9.686601,0.38245982,1.8318024,0.23444447,17.74483,19.553413,1.1019218,0.5304364,1,ACORN-F,Comfortable,Std
MAC002501,6.2312975,0.85409737,0.13031776,0.44274253,0.3257037,6.2498,6.185041,0.9896382,0.13706574,2,ACORN-Q,Adversity,Std
MAC002502,20.285812,7.1195345,0.4237998,1.2016212,0.37501436,19.729433,21.676767,1.098702,0.35096127,1,ACORN-F,Comfortable,Std
MAC002503,10.27486,2.56242,0.21632004,1.0360656,0.21393731,10.22419,10.400814,1.0172751,0.24938732,1,ACORN-C,Affluent,Std
MAC002504,7.313375,1.2626969,0.15289168,0.2990515,0.5674727,6.9851956,8.133825,1.1644378,0.17265584,2,ACORN-E,Affluent,Std
MAC002505,16.36371,6.4058266,0.3418276,1.2072059,0.32778516,15.906993,17.5055,1.1004909,0.3914654,1,ACORN-D,Affluent,Std
MAC002506,7.040135,1.7430463,0.14711997,0.468505,0.3457064,7.052263,7.009814,0.9939808,0.24758705,2,ACORN-E,Affluent,Std
MAC002507,7.2785087,1.800768,0.15187286,0.4878073,0.33533075,7.1436744,7.615593,1.066061,0.24740893,2,ACORN-F,Comfortable,ToU
MAC002508,3.8206162,0.7915632,0.0797422,0.50775087,0.1702501,3.6427372,4.2653136,1.1709089,0.20718208,2,ACORN-E,Affluent,ToU
MAC002509,7.4625816,3.8124557,0.1563185,0.6282857,0.28900132,7.4287114,7.547256,1.0159576,0.51087624,2,ACORN-E,Affluent,Std
MAC002510,12.070757,8.804335,0.25277996,2.144932,0.14335003,10.201453,16.70507,1.6375188,0.7293937,1,ACORN-E,Affluent,Std
MAC002511,12.584228,4.8316817,0.26306194,1.3266412,0.2590662,12.42804,12.974697,1.0439858,0.38394743,1,ACORN-Q,Adversity,Std
MAC002512,18.047102,11.028645,0.37741873,1.5562958,0.2650008,17.512068,19.384686,1.106933,0.61110336,1,ACORN-E,Affluent,Std
MAC002513,4.796607,4.106991,0.100132704,0.8060833,0.1927646,5.09534,4.0409884,0.7930754,0.85622835,2,ACORN-E,Affluent,Std
MAC002514,7.510262,2.919477,0.15673526,0.80690163,0.24284236,7.5746374,7.3474293,0.9700041,0.38873172,2,ACORN-E,Affluent,Std
MAC002515,11.389007,5.7334757,0.23762563,1.2997783,0.24429876,11.210556,11.840383,1.0561816,0.5034219,1,ACORN-H,Comfortable,Std
MAC002516,13.672483,3.2790112,0.28551912,0.86739665,0.37682784,13.14477,15.007288,1.1416928,0.23982558,1,ACORN-O,Adversity,Std
MAC002517,11.447748,3.840314,0.2393061,1.050635,0.2433033,11.591549,11.084018,0.95621544,0.33546457,1,ACORN-E,Affluent,Std
MAC002518,6.81867,1.5107262,0.142426,0.36488333,0.42240524,6.718749,7.071412,1.0524894,0.22155732,2,ACORN-E,Affluent,Std
MAC002519,9.773551,2.8091855,0.20372088,1.5884817,0.13144349,9.465135,10.553665,1.1150042,0.2874273,1,ACORN-E,Affluent,Std
MAC002520,16.537203,2.883538,0.34508848,0.840915,0.4574679,16.870226,15.694853,0.93032855,0.17436673,1,ACORN-F,Comfortable,ToU
MAC002521,2.9421751,1.652498,0.061482072,0.41751835,0.24252315,2.9690535,2.8741882,0.96804863,0.5616586,2,ACORN-F,Comfortable,Std
MAC002522,3.5382235,1.6165531,0.073877834,0.43637,0.23888285,3.6171699,3.3385355,0.922969,0.4568827,2,ACORN-E,Affluent,Std
MAC002523,11.270645,2.8900833,0.2351785,0.75883836,0.34609,11.437172,10.849429,0.9486112,0.2564257,2,ACORN-Q,Adversity,Std
MAC002524,4.7502537,1.7074242,0.09946048,0.47024333,0.24552098,4.755951,4.7358413,0.9957717,0.3594385,2,ACORN-K,Adversity,Std
MAC002525,6.9724765,1.7137222,0.14557536,0.58789,0.2800903,6.825421,7.3444414,1.0760423,0.24578387,2,ACORN-E,Affluent,Std
MAC002526,15.848691,5.039048,0.33137137,1.46822,0.25364494,15.428765,16.910858,1.0960604,0.31794727,1,ACORN-H,Comfortable,Std
MAC002527,4.6153164,1.4862007,0.09650419,0.40888,0.2775773,4.186598,5.6997237,1.3614213,0.3220149,2,ACORN-Q,Adversity,Std
MAC002528,3.275625,0.9254552,0.068542026,0.53336835,0.18210827,3.1259696,3.6541648,1.16897,0.28252783,2,ACORN-B,Affluent,Std
MAC002529,5.965935,1.3264987,0.12451206,0.5168433,0.2611839,5.995788,5.890424,0.98242694,0.22234549,2,ACORN-F,Comfortable,Std
MAC002530,2.2658234,2.7846763,0.04727057,0.34604833,0.39564037,1.4514465,4.325718,2.9802806,1.2289909,2,ACORN-E,Affluent,Std
MAC002531,8.302317,2.804289,0.17335065,0.8388283,0.2182402,8.470077,7.877982,0.93009573,0.3377719,2,ACORN-Q,Adversity,Std
MAC002532,6.1180935,1.9635292,0.12796408,0.60275495,0.2599692,5.650637,7.3004827,1.2919751,0.32093808,2,ACORN-F,Comfortable,Std
MAC002533,8.250291,2.1485286,0.1724515,0.74316335,0.27393228,8.357846,7.9782414,0.954581,0.26041853,2,ACORN-E,Affluent,ToU
MAC002534,7.5804696,2.319608,0.15836908,0.7408498,0.2276537,7.549245,7.6592646,1.0145736,0.30599794,2,ACORN-E,Affluent,ToU
MAC002535,19.552595,4.0927434,0.40976548,2.1193783,0.20248377,19.568798,19.511612,0.9970777,0.2093197,1,ACORN-G,Comfortable,Std
MAC002536,9.800072,3.660247,0.20574237,0.8893667,0.27343538,9.741835,9.947376,1.0210989,0.37349185,2,ACORN-E,Affluent,ToU
MAC002537,5.0050917,1.5937878,0.10461491,0.31279832,0.34737137,4.8307304,5.4461236,1.1273913,0.31843328,2,ACORN-Q,Adversity,Std
MAC002538,8.414055,2.9530482,0.17592175,0.841245,0.26858053,8.170661,9.029699,1.105137,0.35096613,2,ACORN-F,Comfortable,Std
MAC002539,4.1407566,2.7361042,0.08640281,0.5014433,0.28985763,3.7417605,5.1499825,1.3763528,0.660774,2,ACORN-E,Affluent,Std
MAC002540,8.55231,1.5784876,0.17960958,0.81150085,0.25920868,8.557538,8.539172,0.9978538,0.18456857,2,ACORN-I,Comfortable,Std
MAC002541,7.5211687,2.8858635,0.15716982,1.1765466,0.19799662,8.288488,5.5803,0.6732591,0.38369882,2,ACORN-Q,Adversity,Std
MAC002542,5.088763,1.7370437,0.106183305,1.5081884,0.08545038,5.096626,5.0688763,0.9945553,0.3413489,2,ACORN-E,Affluent,Std
MAC002543,3.4767566,1.9629811,0.07253233,0.35162666,0.40749973,3.5264535,3.351053,0.9502615,0.56460124,2,ACORN-E,Affluent,Std
MAC002544,15.1493635,8.680226,0.31615093,1.2376767,0.26237476,14.830847,15.955024,1.0758,0.5729763,1,ACORN-H,Comfortable,Std
MAC002545,2.773014,0.79937917,0.057887796,0.13656661,0.54733855,2.8278887,2.6348672,0.93174356,0.28827086,2,ACORN-E,Affluent,Std
MAC002546,7.230192,2.4873993,0.15165447,0.52527165,0.35131237,7.122844,7.5017176,1.0531913,0.3440295,2,ACORN-E,Affluent,Std
MAC002547,9.200905,2.6332364,0.19239159,0.6475483,0.32396844,8.991307,9.731065,1.0822748,0.2861932,2,ACORN-O,Adversity,Std
MAC002548,4.9377704,1.5067073,0.103138946,0.46378002,0.27436024,4.5408187,5.9418235,1.3085357,0.3051392,2,ACORN-E,Affluent,Std
MAC002549,17.382645,4.354294,0.36360645,1.187415,0.3205726,16.74511,18.995235,1.1343751,0.25049663,1,ACORN-E,Affluent,Std
MAC002550,9.76844,3.4064255,0.20400716,0.8927867,0.24112083,9.635858,10.103794,1.048562,0.34871745,2,ACORN-E,Affluent,Std
MAC002551,9.452868,3.3225465,0.19737123,1.0814033,0.21657898,9.588012,9.111035,0.95025283,0.35148552,2,ACORN-Q,Adversity,Std
MAC002552,9.151738,4.5904636,0.19105469,1.0709751,0.23966092,8.83867,9.943618,1.125013,0.5015947,1,ACORN-A,Affluent,ToU
MAC002553,13.879212,4.578789,0.29008308,0.839805,0.37881014,13.145698,15.7345705,1.1969368,0.32990268,1,ACORN-L,Adversity,Std
MAC002554,4.6383348,0.79778,0.09696604,0.22887668,0.45645115,4.6287,4.662706,1.0073467,0.17199707,2,ACORN-F,Comfortable,Std
MAC002555,7.419855,3.3884032,0.15529452,0.58276665,0.33718327,7.5511208,7.0878296,0.938646,0.45666704,2,ACORN-D,Affluent,Std
MAC002556,5.32522,1.6838689,0.11109032,0.98228496,0.1355201,5.24357,5.531747,1.0549582,0.31620643,2,ACORN-E,Affluent,Std
MAC002557,17.316633,5.5024953,0.36222285,1.8994315,0.21295273,17.521599,16.800606,0.95885116,0.31775782,1,ACORN-E,Affluent,Std
MAC002558,18.288385,6.6295624,0.38279784,1.39764,0.3000957,17.79621,19.533298,1.0976101,0.36250123,1,ACORN-E,Affluent,Std
MAC002559,7.251382,1.604451,0.15144645,0.34235165,0.4639092,7.35237,6.9959416,0.951522,0.22126141,2,ACORN-Q,Adversity,Std
MAC002560,3.63231,1.3243647,0.0761122,0.27609333,0.37415513,3.497042,3.974459,1.1365203,0.36460674,2,ACORN-E,Affluent,ToU
MAC002561,11.602525,2.7299032,0.24343099,0.89123,0.32283828,11.38862,12.143577,1.0662904,0.23528527,1,ACORN-H,Comfortable,Std
MAC002562,8.37534,3.4737227,0.17487164,0.762065,0.26236933,8.396276,8.322383,0.99119925,0.414756,2,ACORN-A,Affluent,Std
MAC002563,11.7353735,5.114744,0.24472427,1.2901449,0.22121844,11.797876,11.577276,0.9813017,0.43583992,1,ACORN-A,Affluent,Std
MAC002564,0.400985,0.6573786,0.00840084,0.013518333,0.78830683,0.40236744,0.39748824,0.98787373,1.6394094,2,ACORN-E,Affluent,Std
MAC002565,5.272382,2.9628632,0.109926365,0.45676336,0.28103358,5.130128,5.6322,1.0978674,0.56195915,2,ACORN-I,Comfortable,Std
MAC002566,3.85593,1.5926951,0.08075008,0.56776,0.18400395,3.7465816,4.132518,1.1030103,0.41305083,2,ACORN-Q,Adversity,ToU
MAC002567,12.189922,3.561553,0.25561073,1.3278776,0.20641316,12.2339,12.0787735,0.98731995,0.29217193,1,ACORN-E,Affluent,Std
MAC002568,5.7832403,1.5997877,0.12114613,0.4934683,0.26747236,5.7154026,5.954829,1.0418915,0.2766248,2,ACORN-E,Affluent,ToU
MAC002569,15.841533,3.5393856,0.3309663,1.3438381,0.27078685,15.942685,15.58627,0.97764397,0.22342443,1,ACORN-Q,Adversity,Std
MAC002570,15.504273,6.5844054,0.32417738,1.0842738,0.3649599,15.909238,14.482336,0.91030985,0.42468327,1,ACORN-E,Affluent,Std
MAC002571,7.8777194,2.7513504,0.16436501,0.7222454,0.27903515,7.9547763,7.6832647,0.9658681,0.34925723,2,ACORN-E,Affluent,Std
MAC002572,1.85499,0.73688215,0.03871318,0.14154759,0.4296472,1.8877972,1.7721999,0.938766,0.3972432,2,ACORN-Q,Adversity,Std
MAC002573,4.3355594,2.9957588,0.09041764,0.39705342,0.3324207,4.520259,3.8694649,0.85602725,0.690974,2,ACORN-E,Affluent,Std
MAC002574,6.9380584,1.7198316,0.14523645,0.43719196,0.35335496,6.942142,6.927753,0.9979273,0.2478837,2,ACORN-G,Comfortable,ToU
MAC002575,6.6411953,1.6991385,0.1385812,0.7293756,0.22484127,6.6260467,6.6794233,1.0080556,0.2558483,2,ACORN-C,Affluent,Std
MAC002576,8.688552,4.017241,0.18149571,0.5739933,0.36941054,8.275928,9.729823,1.1756777,0.46236023,2,ACORN-Q,Adversity,Std
MAC002577,3.9389234,1.8176646,0.082504995,0.2518731,0.35441598,3.943592,3.9271412,0.99582845,0.4614623,2,ACORN-F,Comfortable,Std
MAC002578,5.5372553,1.7269492,0.115694456,0.44251084,0.26616424,5.422431,5.827018,1.0746136,0.3118782,2,ACORN-E,Affluent,ToU
MAC002579,7.0732536,1.0499616,0.14757527,0.5749766,0.31211513,7.1085525,6.9841766,0.98250335,0.1484411,2,ACORN-P,Adversity,Std
MAC002580,3.0566444,2.8153145,0.063832976,0.29268613,0.2740568,3.0367482,3.1068528,1.0230855,0.92104745,2,ACORN-P,Adversity,Std
MAC002581,3.276227,1.1004446,0.0684167,0.16592154,0.46416792,3.3611703,3.0618706,0.9109537,0.33588776,2,ACORN-E,Affluent,Std
MAC002582,9.248835,1.8908553,0.19350506,1.0223072,0.19997951,9.318203,9.073782,0.9737695,0.20444255,2,ACORN-C,Affluent,Std
MAC002583,12.24788,5.236015,0.25561133,0.9777729,0.30749565,13.591774,8.8565235,0.65160906,0.42750376,1,ACORN-E,Affluent,Std
MAC002584,7.735139,3.7309055,0.16156107,0.83859766,0.27548534,7.383124,8.623459,1.1679959,0.48233208,2,ACORN-E,Affluent,Std
MAC002585,5.0953474,1.4430126,0.10634525,0.5109783,0.27600333,4.8928275,5.606412,1.1458429,0.283202,2,ACORN-F,Comfortable,ToU
MAC002586,6.968247,1.6866813,0.14604782,0.4553606,0.38265982,7.096566,6.644429,0.93628794,0.24205245,2,ACORN-F,Comfortable,ToU
MAC002587,4.8132405,1.5353241,0.10042192,1.3085593,0.0934667,4.7760324,4.9071355,1.0274502,0.3189793,2,ACORN-E,Affluent,Std
MAC002588,8.392574,3.1465728,0.17514288,0.67355424,0.3384362,8.228955,8.80547,1.0700593,0.37492344,2,ACORN-E,Affluent,Std
MAC002589,8.41122,2.752417,0.17569748,0.8261319,0.22991896,8.326429,8.625194,1.0358814,0.32723162,2,ACORN-F,Comfortable,ToU
MAC002590,41.78246,17.002804,0.8732385,2.394452,0.37060553,43.134583,38.37999,0.8897731,0.4069364,0,ACORN-E,Affluent,Std
MAC002591,8.315495,2.4296877,0.17347755,0.687995,0.28537223,8.176335,8.666665,1.0599694,0.292188,2,ACORN-H,Comfortable,Std
MAC002592,14.678977,6.333271,0.30634108,0.851803,0.369343,14.71353,14.591783,0.9917255,0.4314518,1,ACORN-H,Comfortable,Std
MAC002593,2.4152536,1.1269214,0.05066645,0.23931052,0.2787285,2.514485,2.1648412,0.8609482,0.46658513,2,ACORN-E,Affluent,ToU
MAC002594,0.0021419032,0.036232546,4.4622982e-05,0.0004540902,0.060821872,0.0026410257,0.000882353,0.33409482,16.916052,3,ACORN-Q,Adversity,Std
MAC002595,8.287546,1.9750323,0.17287731,0.7956277,0.2593768,8.566378,7.583906,0.88531077,0.23831329,2,ACORN-C,Affluent,Std
MAC002596,13.754545,5.599414,0.28723618,1.1712854,0.25801668,14.861734,10.960524,0.73749965,0.40709552,1,ACORN-E,Affluent,ToU
MAC002597,2.9922862,1.9916369,0.06272026,0.75898415,0.1936913,2.9158533,3.1865985,1.0928528,0.66559035,2,ACORN-E,Affluent,Std
MAC002598,1.4932822,0.791491,0.031210525,0.24371119,0.25585702,1.4633636,1.5687823,1.0720387,0.5300344,2,ACORN-E,Affluent,Std
MAC002599,11.763925,3.5721657,0.24584064,0.73056597,0.38662878,11.705177,11.912176,1.0176843,0.30365425,1,ACORN-C,Affluent,Std
MAC002600,14.713647,2.770985,0.30720946,0.753202,0.4465668,14.113797,16.227388,1.1497536,0.18832754,1,ACORN-Q,Adversity,Std
MAC002601,33.394524,12.719458,0.6986548,2.3858314,0.346102,33.779137,32.42395,0.95988095,0.38088453,0,ACORN-A,Affluent,Std
MAC002602,8.736191,3.569951,0.18310258,0.44939065,0.42670357,8.761185,8.673118,0.98994803,0.4086393,2,ACORN-H,Comfortable,ToU
MAC002603,11.852012,5.9040685,0.24716112,1.2642154,0.20588036,11.708569,12.213994,1.0431671,0.49814907,1,ACORN-E,Affluent,Std
MAC002604,17.767786,5.5619707,0.37071246,1.3089967,0.29635012,17.54317,18.334606,1.0451136,0.3130368,1,ACORN-C,Affluent,ToU
MAC002605,18.96149,6.40886,0.3959079,1.4462671,0.29713205,19.533998,17.516752,0.8967315,0.33799347,1,ACORN-E,Affluent,Std
MAC002606,11.61314,4.576471,0.24246873,0.97269285,0.29900515,11.158405,12.760676,1.1435932,0.39407694,1,ACORN-C,Affluent,Std
MAC002607,4.045464,1.7651967,0.08452477,0.75807846,0.13826603,4.057149,4.0159764,0.9898519,0.43633974,2,ACORN-Q,Adversity,Std
MAC002608,6.9748735,1.6272717,0.14560622,0.3812404,0.43153965,6.7342334,7.582135,1.1259092,0.23330483,2,ACORN-E,Affluent,Std
MAC002609,5.7771387,3.8670673,0.12067981,0.66616863,0.27531934,6.068413,5.0421,0.83087623,0.66937417,2,ACORN-E,Affluent,ToU
MAC002610,10.024944,5.5166245,0.20954934,0.6553205,0.4384307,10.294289,9.345247,0.90780896,0.5502898,2,ACORN-J,Comfortable,Std
MAC002611,13.5513,14.719741,0.2824698,0.9273656,0.31762868,13.931289,12.592388,0.9038926,1.0862235,1,ACORN-E,Affluent,Std
MAC002612,4.654015,5.8319955,0.09699101,0.37898833,0.28725258,4.548233,4.9209585,1.0819495,1.2531105,2,ACORN-H,Comfortable,Std
MAC002613,43.162163,9.35492,0.90158683,2.124327,0.43238327,43.282566,42.859528,0.99022615,0.21673891,0,ACORN-A,Affluent,Std
MAC002614,14.117419,2.5192463,0.29474932,1.0287296,0.3030207,13.56918,15.500917,1.1423621,0.1784495,1,ACORN-E,Affluent,ToU
MAC002615,5.4647512,2.5062268,0.117400154,0.6127244,0.21804968,5.116667,6.333132,1.2377456,0.45861682,2,ACORN-E,Affluent,Std
MAC002616,5.993877,2.756526,0.12508596,0.72223085,0.22259854,5.7490606,6.6084948,1.1494912,0.45989034,2,ACORN-E,Affluent,Std
MAC002617,13.2231045,6.0427265,0.27781337,1.2421314,0.23614126,12.156484,15.885704,1.3067681,0.45698243,1,ACORN-E,Affluent,Std
MAC002618,8.387661,2.4964478,0.17544167,0.7804063,0.2531529,8.100123,9.109531,1.1246164,0.29763338,2,ACORN-Q,Adversity,ToU
MAC002619,3.2368608,0.4857912,0.067929864,0.2609955,0.3072721,3.225784,3.2646685,1.0120542,0.15008098,2,ACORN-F,Comfortable,Std
MAC002620,15.6598425,3.2873456,0.32717082,0.89609444,0.38101447,14.836247,17.7275,1.1948776,0.20992202,1,ACORN-E,Affluent,Std
MAC002621,9.035811,2.1008925,0.18875511,0.73771966,0.297162,8.933504,9.292658,1.040203,0.23250735,2,ACORN-E,Affluent,Std
MAC002622,9.794267,3.6660955,0.20498691,1.3226417,0.17789781,9.589119,10.309295,1.0751034,0.37431037,1,ACORN-D,Affluent,ToU
MAC002623,4.6445675,2.2228591,0.097334296,0.5634535,0.23331098,4.3875513,5.293227,1.2064195,0.47859335,2,ACORN-E,Affluent,Std
MAC002624,2.103496,1.5047193,0.043971293,0.31329775,0.2594201,2.1381874,2.0167685,0.94321406,0.7153421,2,ACORN-J,Comfortable,Std
MAC002625,11.361204,3.1263175,0.2378196,1.0736582,0.23783867,11.328962,11.442147,1.0099908,0.27517483,1,ACORN-E,Affluent,ToU
MAC002626,20.773478,7.883409,0.43416685,1.8294708,0.27757284,20.615177,21.169228,1.0268759,0.37949395,1,ACORN-E,Affluent,Std
MAC002627,49.73968,16.127039,1.0378064,2.6767197,0.4088794,51.008358,46.55464,0.9126865,0.32422882,0,ACORN-D,Affluent,Std
MAC002628,46.402313,25.51678,0.9686306,1.9850465,0.50554955,46.130684,47.084248,1.0206709,0.5499032,0,ACORN-A,Affluent,Std
MAC002629,3.4059057,0.9192041,0.07121349,0.20324212,0.41822624,3.3247106,3.6116002,1.0862901,0.26988536,2,ACORN-Q,Adversity,Std
MAC002630,10.377087,2.7626994,0.21660936,1.0358021,0.2287222,9.759969,11.926379,1.221969,0.26623073,1,ACORN-F,Comfortable,Std
MAC002631,4.8853793,1.4717401,0.10201514,0.73676765,0.16016857,4.747914,5.2304893,1.1016395,0.301254,2,ACORN-H,Comfortable,Std
MAC002632,3.8624845,0.68728447,0.08076107,0.438964,0.20896962,3.8630064,3.8611736,0.99952555,0.17793845,2,ACORN-Q,Adversity,Std
MAC002633,19.507532,14.537969,0.41230777,0.9854633,0.37966543,19.29441,20.042574,1.0387762,0.745249,1,ACORN-E,Affluent,ToU
MAC002634,7.058174,3.5470116,0.14766438,0.46100828,0.38060102,7.011729,7.173394,1.0230564,0.5025395,2,ACORN-P,Adversity,ToU
MAC002635,22.444836,9.593826,0.4683695,1.3536462,0.40744662,23.228458,20.477526,0.8815706,0.42744026,1,ACORN-E,Affluent,Std
MAC002636,4.066135,0.80379725,0.085012704,0.33529836,0.28983456,3.9027002,4.476442,1.1470115,0.1976809,2,ACORN-E,Affluent,Std
MAC002637,7.8449907,2.145598,0.16476884,0.50398195,0.40085903,7.799901,7.9585505,1.02034,0.2734991,2,ACORN-K,Adversity,Std
MAC002638,5.8632655,5.830182,0.12259266,0.81115896,0.15824592,5.6230397,6.466358,1.1499755,0.9943575,2,ACORN-Q,Adversity,Std
MAC002639,16.79495,3.8716874,0.35176507,1.2233628,0.30257475,16.460724,17.634037,1.0712795,0.23052688,1,ACORN-Q,Adversity,Std
MAC002640,10.709352,4.418024,0.2240389,0.91999555,0.3177515,10.324279,11.6760845,1.1309346,0.4125389,1,ACORN-F,Comfortable,Std
MAC002641,19.117008,9.728799,0.40036398,1.2483793,0.408247,19.438646,18.309532,0.94191396,0.50890803,1,ACORN-E,Affluent,Std
MAC002642,2.4510825,1.9624468,0.051280376,0.33310345,0.34827343,2.6411173,1.9739947,0.7474089,0.80064493,2,ACORN-Q,Adversity,Std
MAC002643,4.4609413,0.58507305,0.09353568,0.22255021,0.45390418,4.4729624,4.4307632,0.9905657,0.13115461,2,ACORN-L,Adversity,Std
MAC002644,25.313812,8.311555,0.53069526,2.4746747,0.24257648,25.131556,25.771368,1.0254586,0.3283407,0,ACORN-E,Affluent,Std
MAC002645,16.665894,4.07464,0.34983236,1.0201335,0.3847822,16.605618,16.817215,1.0127425,0.24448973,1,ACORN-D,Affluent,ToU
MAC002646,6.191787,1.1371497,0.12924695,0.4725592,0.29086605,6.111063,6.394447,1.0463723,0.18365453,2,ACORN-Q,Adversity,Std
MAC002647,11.643495,6.3044505,0.24354225,1.0117376,0.26800665,11.403478,12.246063,1.0738884,0.5414569,1,ACORN-U,ACORN-U,Std
MAC002648,14.341917,5.4997478,0.300096,1.3018852,0.2611082,14.618379,13.649079,0.9336931,0.3834737,1,ACORN-E,Affluent,Std
MAC002649,22.482386,10.944041,0.46927562,1.8813589,0.2795813,26.240839,13.066468,0.497944,0.4867829,1,ACORN-D,Affluent,Std
MAC002650,6.723008,2.5405524,0.14083056,0.5523313,0.3293566,6.5607305,7.128701,1.0865712,0.37788922,2,ACORN-F,Comfortable,Std
MAC002651,3.1458168,1.774697,0.06587919,0.24751952,0.31148136,3.0504034,3.3848526,1.109641,0.564145,2,ACORN-F,Comfortable,Std
MAC002652,9.318548,3.1764004,0.19538671,0.65816367,0.34589115,9.317657,9.320779,1.000335,0.3408686,2,ACORN-Q,Adversity,Std
MAC002653,8.419885,1.6930528,0.17599407,0.6242492,0.31387505,8.365702,8.555626,1.0227027,0.20107791,2,ACORN-Q,Adversity,Std
MAC002654,5.238102,1.5399619,0.10970194,0.39734533,0.32126623,5.2567916,5.191279,0.9875375,0.29399237,2,ACORN-H,Comfortable,Std
MAC002655,9.840445,2.85101,0.20557374,0.8434024,0.28638542,9.923657,9.631973,0.9706072,0.2897237,2,ACORN-K,Adversity,Std
MAC002656,6.0016274,2.054127,0.1258073,0.53467566,0.3239183,5.534357,7.172263,1.2959523,0.34226167,2,ACORN-E,Affluent,Std
MAC002657,5.3148093,2.253994,0.11099898,0.5647358,0.24704497,5.0511007,5.975468,1.1830032,0.42409688,2,ACORN-K,Adversity,Std
MAC002658,8.436784,2.2132587,0.17652142,0.5518018,0.33996814,8.32028,8.728658,1.0490822,0.2623344,2,ACORN-H,Comfortable,Std
MAC002659,6.4380674,1.7210909,0.13432486,0.6252282,0.23643292,6.344576,6.6722894,1.0516526,0.26733038,2,ACORN-Q,Adversity,Std
MAC002660,3.5312343,1.4897356,0.073879555,0.25010508,0.31335306,3.5412626,3.5061107,0.9900736,0.4218739,2,ACORN-E,Affluent,Std
MAC002661,2.6935465,1.0303499,0.05624482,0.4377087,0.19438815,2.5622585,3.022458,1.179607,0.38252535,2,ACORN-P,Adversity,Std
MAC002662,7.6959443,2.0473428,0.16070391,0.6900165,0.3045626,7.588494,7.9651365,1.0496334,0.2660288,2,ACORN-E,Affluent,Std
MAC002663,12.543782,4.1989126,0.26224908,0.971458,0.3500048,12.174023,13.470126,1.1064647,0.33474055,1,ACORN-E,Affluent,Std
MAC002664,2.5234308,1.379458,0.052891523,0.2031126,0.33386257,2.5413382,2.4785686,0.97530055,0.5466597,2,ACORN-K,Adversity,Std
MAC002665,4.1239924,1.5790727,0.08623474,0.49329877,0.21086568,4.146378,4.0679107,0.9810757,0.38289905,2,ACORN-Q,Adversity,ToU
MAC002666,19.901081,4.488586,0.4168284,0.77434283,0.5680143,18.64682,23.059958,1.2366697,0.22554483,1,ACORN-E,Affluent,Std
MAC002667,13.817195,5.12594,0.28838542,0.8637688,0.43200317,13.768064,13.940285,1.0125087,0.37098268,1,ACORN-G,Comfortable,Std
MAC002668,11.978062,3.6918588,0.2500266,0.99210525,0.2945839,11.664227,12.76846,1.0946684,0.3082184,1,ACORN-L,Adversity,ToU
MAC002669,12.670628,3.5805893,0.26444757,1.2363334,0.22971481,12.265624,13.685268,1.1157417,0.28258973,1,ACORN-H,Comfortable,Std
MAC002670,24.050026,61.454865,0.5020664,0.7878881,0.5012101,24.08038,23.974144,0.9955883,2.555293,0,ACORN-D,Affluent,Std
MAC002671,9.515809,4.386405,0.19882984,1.0280285,0.23426564,9.179213,10.3573,1.128343,0.46095976,1,ACORN-P,Adversity,Std
MAC002672,19.912693,12.289183,0.41682616,1.4437956,0.28465435,19.797348,20.201052,1.0203918,0.6171532,1,ACORN-F,Comfortable,ToU
MAC002673,3.9964626,0.8426578,0.083570436,0.3087162,0.32533434,3.879836,4.288642,1.1053668,0.21085092,2,ACORN-P,Adversity,ToU
MAC002674,2.4051833,0.4569668,0.05023419,0.33821622,0.16573705,2.495855,2.1780264,0.8726574,0.1899925,2,ACORN-Q,Adversity,Std
MAC002675,4.1033516,1.4530602,0.08598784,0.3861051,0.27399862,3.9984055,4.3662686,1.0920025,0.35411543,2,ACORN-E,Affluent,ToU
MAC002676,4.6917596,1.6723033,0.09830511,0.5207718,0.23065573,4.5921407,4.941332,1.0760411,0.35643414,2,ACORN-E,Affluent,Std
MAC002677,5.1778665,1.7975404,0.10827487,0.53749096,0.21499051,4.989994,5.648537,1.1319727,0.34715852,2,ACORN-E,Affluent,ToU
MAC002678,3.985063,0.7013664,0.0831624,0.330997,0.27914503,3.9837542,3.988342,1.0011517,0.17599882,2,ACORN-Q,Adversity,ToU
MAC002679,13.237378,2.6940331,0.27722034,0.91814417,0.31264502,13.51567,12.540184,0.92782557,0.20351712,1,ACORN-E,Affluent,ToU
MAC002680,10.061071,1.7349252,0.21029428,0.5973739,0.3917701,9.845985,10.599921,1.0765729,0.1724394,2,ACORN-H,Comfortable,ToU
MAC002681,4.0264997,0.7256624,0.0842112,0.2805961,0.33036122,4.064662,3.9308946,0.9670902,0.18022165,2,ACORN-E,Affluent,Std
MAC002682,12.988251,2.9938378,0.2711771,0.83863664,0.36041045,12.659857,13.810964,1.0909257,0.23050354,1,ACORN-F,Comfortable,Std
MAC002683,9.74393,1.8362724,0.20390183,0.6437357,0.3817528,9.617798,10.059921,1.0459692,0.18845296,2,ACORN-E,Affluent,Std
MAC002684,3.2586787,1.2354504,0.06810622,0.38917714,0.22599898,3.185559,3.441863,1.080458,0.3791262,2,ACORN-F,Comfortable,Std
MAC002685,5.3943048,1.88026,0.11290801,0.62939644,0.23442769,5.13379,6.046963,1.177875,0.3485639,2,ACORN-Q,Adversity,Std
MAC002686,9.72618,5.9785867,0.20473881,0.79906905,0.30375686,9.315893,10.754058,1.1543776,0.6146901,1,ACORN-E,Affluent,ToU
MAC002687,6.207071,1.8132324,0.12999658,0.3179189,0.43234783,6.1286616,6.4035053,1.0448456,0.29212368,2,ACORN-Q,Adversity,Std
MAC002688,13.368645,5.247224,0.2802034,1.5806854,0.22655167,12.880971,14.582527,1.1320984,0.3925023,1,ACORN-H,Comfortable,Std
MAC002689,7.005042,1.5997888,0.1464199,0.45070976,0.34911844,6.8248234,7.458926,1.0929112,0.22837676,2,ACORN-Q,Adversity,Std
MAC002690,4.349584,1.9962493,0.090907544,0.59586036,0.17799653,3.8047311,5.7145844,1.501968,0.45895177,2,ACORN-E,Affluent,ToU
MAC002691,6.6509867,3.3822706,0.13889994,0.48980182,0.30891582,6.1609244,7.878721,1.2788212,0.50853664,2,ACORN-E,Affluent,Std
MAC002692,8.184664,3.1261091,0.17079912,0.8428033,0.22924273,7.9758615,8.707768,1.0917653,0.38194716,2,ACORN-H,Comfortable,ToU
MAC002693,8.256369,3.1084588,0.1722088,0.7456992,0.24632315,7.9287724,9.075357,1.1446106,0.37649223,2,ACORN-E,Affluent,Std
MAC002694,13.645325,3.5222087,0.2850173,1.2561985,0.23706548,13.111777,14.979196,1.1424229,0.2581257,1,ACORN-H,Comfortable,ToU
MAC002695,4.2463927,2.2727504,0.08877037,0.4830331,0.27647218,3.9767368,4.9205317,1.237329,0.5352191,2,ACORN-E,Affluent,ToU
MAC002696,2.5448556,1.1457658,0.053264003,0.22401352,0.41140816,2.5620801,2.5017948,0.9764702,0.4502282,2,ACORN-P,Adversity,Std
MAC002697,2.9019308,0.83312815,0.060960434,0.23739399,0.30679682,2.885202,2.9437525,1.0202934,0.2870944,2,ACORN-E,Affluent,Std
MAC002698,10.263165,2.7371776,0.21408804,0.8822406,0.27009386,10.455935,9.781242,0.9354728,0.26669917,2,ACORN-F,Comfortable,Std
MAC002699,7.075471,2.0787926,0.14773065,1.1570256,0.15758455,7.049977,7.1390734,1.0126379,0.2938027,2,ACORN-G,Comfortable,Std
MAC002700,6.8590302,3.4570081,0.14346592,1.2783585,0.151883,6.401939,8.007804,1.2508404,0.5040083,2,ACORN-Q,Adversity,Std
MAC002701,5.167041,1.8120648,0.10795803,0.7254902,0.18563423,4.803577,6.0757003,1.2648283,0.3506968,2,ACORN-L,Adversity,ToU
MAC002702,14.933049,2.5001717,0.3119096,0.8274451,0.39993906,14.604628,15.754106,1.0787064,0.1674254,1,ACORN-E,Affluent,Std
MAC002703,12.425075,3.628531,0.25956702,1.3577955,0.20912148,11.259204,15.339752,1.3624189,0.29203293,1,ACORN-N,Adversity,Std
MAC002704,10.613366,2.3290935,0.22236967,0.6826611,0.37650362,10.443924,11.039211,1.0569985,0.21944909,2,ACORN-H,Comfortable,Std
MAC002705,4.8431625,1.2452807,0.10109012,0.3970121,0.29328763,4.659418,5.307006,1.1389847,0.2571214,2,ACORN-Q,Adversity,Std
MAC002706,8.967551,2.7232091,0.18739101,0.8573534,0.23552907,8.448523,10.265126,1.2150203,0.30367365,2,ACORN-L,Adversity,Std
MAC002707,4.2380934,0.9244506,0.08869619,0.24539249,0.3848077,4.0641136,4.673042,1.1498305,0.21812889,2,ACORN-Q,Adversity,Std
MAC002708,8.066165,2.8345494,0.16830915,0.82470375,0.23502846,7.6998634,8.981921,1.1665039,0.35141227,2,ACORN-G,Comfortable,Std
MAC002709,17.064816,4.035329,0.35622844,1.3599081,0.28309917,16.919176,17.430836,1.0302414,0.2364707,1,ACORN-Q,Adversity,Std
MAC002710,7.412297,1.7636194,0.15506586,0.82055575,0.22104132,7.1717386,8.016872,1.1178422,0.23793158,2,ACORN-Q,Adversity,ToU
MAC002711,3.1362014,1.0759007,0.065554515,0.31661054,0.24927536,2.830259,3.9010577,1.3783394,0.34305856,2,ACORN-Q,Adversity,Std
MAC002712,7.161899,2.7345474,0.14953157,0.80323714,0.21001096,6.549386,8.706212,1.3293173,0.38181874,2,ACORN-E,Affluent,ToU
MAC002713,7.9963703,2.2687838,0.16712232,0.60837007,0.31418553,7.8365192,8.399399,1.0718278,0.2837267,2,ACORN-E,Affluent,ToU
MAC002714,9.829569,3.5567925,0.2052799,0.90334195,0.25144953,9.92342,9.59168,0.96656996,0.36184624,2,ACORN-I,Comfortable,Std
MAC002715,4.2924047,2.175405,0.0896577,0.61938787,0.2656676,4.425727,3.9551764,0.89367837,0.50680333,2,ACORN-F,Comfortable,Std
MAC002716,4.4802747,2.1552174,0.093556106,0.41346827,0.29452327,4.4257026,4.617867,1.0434201,0.4810458,2,ACORN-F,Comfortable,Std
MAC002717,4.3753624,2.1805346,0.09151318,0.45099247,0.23736277,4.1766562,4.8763566,1.1675265,0.49836662,2,ACORN-Q,Adversity,Std
MAC002718,12.631032,6.097664,0.26430362,0.8982478,0.3083418,12.64839,12.587266,0.99516743,0.48275262,1,ACORN-G,Comfortable,Std
MAC002719,9.821037,2.644895,0.20528033,0.74404985,0.29951268,9.611808,10.348564,1.0766512,0.26930913,2,ACORN-E,Affluent,Std
MAC002720,7.5098896,3.1881504,0.15771122,0.4986677,0.34006217,7.4848547,7.5730104,1.0117779,0.42452693,2,ACORN-U,ACORN-U,Std
MAC002721,5.308701,2.892289,0.11100234,0.38739577,0.3386248,5.093612,5.8510003,1.1486937,0.5448204,2,ACORN-H,Comfortable,Std
MAC002722,8.106499,3.026632,0.16912009,0.5045936,0.38189268,8.074156,8.188043,1.0141051,0.37335873,2,ACORN-L,Adversity,ToU
MAC002723,11.937112,2.626489,0.24921298,1.0552163,0.27586624,11.711217,12.505451,1.0678183,0.22002716,1,ACORN-Q,Adversity,Std
MAC002724,15.839814,16.439522,0.33059463,1.4401283,0.25150242,16.532278,14.09392,0.85250926,1.0378608,1,ACORN-E,Affluent,Std
MAC002725,25.25545,12.129723,0.52921325,1.4865423,0.4361906,26.498371,22.121702,0.83483255,0.4802814,0,ACORN-D,Affluent,Std
MAC002726,4.414239,0.9138373,0.09238259,0.3728278,0.27023008,4.2357764,4.8641915,1.148359,0.20702036,2,ACORN-E,Affluent,ToU
MAC002727,10.700512,4.94524,0.2263587,0.874968,0.32771698,11.757119,8.050519,0.68473566,0.46214986,2,ACORN-E,Affluent,Std
MAC002728,11.838295,5.358719,0.24707976,1.062639,0.23717183,11.10246,13.693538,1.2333788,0.4526597,1,ACORN-Q,Adversity,ToU
MAC002729,6.3915358,2.0465388,0.13346758,0.45802572,0.32675964,6.21577,6.833755,1.0994222,0.32019517,2,ACORN-E,Affluent,Std
MAC002730,11.370593,3.7030964,0.23802489,1.1601033,0.22214296,10.935256,12.475317,1.1408345,0.3256731,1,ACORN-E,Affluent,Std
MAC002731,5.835669,1.5552803,0.121907845,0.8140906,0.17730945,5.631283,6.350984,1.1278042,0.26651278,2,ACORN-F,Comfortable,Std
MAC002732,3.6834273,0.8007042,0.07704916,0.35878098,0.24559344,3.7266562,3.5744362,0.9591537,0.2173802,2,ACORN-J,Comfortable,ToU
MAC002733,5.817769,1.4443783,0.12163644,0.44801357,0.32349864,5.6805086,6.1638403,1.085086,0.24827012,2,ACORN-F,Comfortable,Std
MAC002734,7.8565845,1.7292238,0.16430394,0.7210453,0.25963962,7.4473166,8.888463,1.1935122,0.22009867,2,ACORN-O,Adversity,Std
MAC002735,7.2182317,1.9137759,0.15065509,0.59071195,0.28570288,6.9208283,7.965119,1.150891,0.26513085,2,ACORN-E,Affluent,Std
MAC002736,3.4006147,1.6996769,0.071000546,0.5568127,0.18944499,3.1347616,4.0709043,1.2986329,0.4998146,2,ACORN-Q,Adversity,Std
MAC002737,6.2035227,2.2126555,0.1299153,0.5105378,0.332454,6.12404,6.40392,1.0457019,0.35667726,2,ACORN-E,Affluent,Std
MAC002738,5.314483,0.6003523,0.11115762,0.32717523,0.39249307,5.2515593,5.4731326,1.0421919,0.112965316,2,ACORN-F,Comfortable,ToU
MAC002739,14.516714,5.527673,0.3031085,1.4363353,0.22342348,13.372736,17.400995,1.3012292,0.3807799,1,ACORN-N,Adversity,Std
MAC002740,21.146582,6.4334745,0.44395533,1.099361,0.433073,20.345879,23.165377,1.1385783,0.30423236,1,ACORN-E,Affluent,Std
MAC002741,25.792747,11.755042,0.53858685,2.2670302,0.25762144,26.07727,25.075388,0.9615802,0.4557499,0,ACORN-D,Affluent,ToU
MAC002742,9.550589,2.3628414,0.20053738,0.45700756,0.4803441,9.534027,9.592345,1.0061169,0.2474027,2,ACORN-K,Adversity,Std
MAC002743,9.413654,2.874991,0.19723645,0.7333535,0.3248849,9.500667,9.194271,0.9677501,0.30540648,2,ACORN-Q,Adversity,Std
MAC002744,0.8708536,0.28808865,0.018185252,0.029630842,0.7429,0.88079304,0.8459235,0.9604112,0.3308118,2,ACORN-E,Affluent,Std
MAC002745,5.993796,2.2076032,0.12652124,0.45141754,0.29207328,5.9419856,6.124149,1.0306569,0.3683147,2,ACORN-I,Comfortable,Std
MAC002746,3.2627761,1.5763726,0.06856996,0.3348336,0.2528173,3.1974566,3.4271169,1.071826,0.48313844,2,ACORN-F,Comfortable,Std
MAC002747,8.484186,5.0684786,0.17720494,0.7590847,0.27161783,8.613924,8.157771,0.94704473,0.59740305,2,ACORN-Q,Adversity,Std
MAC002748,4.9814234,2.240744,0.104071796,0.52107114,0.2362151,4.90741,5.1676383,1.0530276,0.44982004,2,ACORN-F,Comfortable,Std
MAC002749,10.781886,4.807396,0.22487457,1.3579454,0.18980327,8.878524,15.560543,1.7526047,0.44587708,1,ACORN-H,Comfortable,Std
MAC002750,2.6183789,0.9216911,0.055058487,0.42829695,0.18262365,2.5103157,2.889686,1.1511246,0.3520083,2,ACORN-E,Affluent,Std
MAC002751,14.750982,4.2913775,0.30810726,1.4537257,0.24475497,13.901596,16.883484,1.2144997,0.29092148,1,ACORN-D,Affluent,Std
MAC002752,3.2988212,1.0601661,0.06910183,0.5720303,0.17612037,3.1831992,3.5891066,1.1275156,0.32137725,2,ACORN-E,Affluent,Std
MAC002753,4.400682,1.9367695,0.09214902,0.34090757,0.31286478,4.4173923,4.3587284,0.9867198,0.44010666,2,ACORN-F,Comfortable,Std
MAC002754,16.350231,11.846223,0.3419836,0.9967667,0.32474676,16.272455,16.545494,1.0167792,0.7245294,1,ACORN-E,Affluent,Std
MAC002755,19.553997,12.313743,0.4105655,0.74536365,0.579835,19.52687,19.622107,1.0048772,0.6297302,1,ACORN-F,Comfortable,Std
MAC002756,5.4032607,3.4055362,0.11317936,0.59693336,0.2887368,5.553809,5.025287,0.9048361,0.63027424,2,ACORN-E,Affluent,Std
MAC002757,20.682476,5.973431,0.43214166,1.5882045,0.29589763,21.266056,19.21732,0.90366167,0.28881606,1,ACORN-E,Affluent,Std
MAC002758,9.034223,1.8356377,0.1887041,0.6611182,0.3264211,8.710937,9.845878,1.1302892,0.20318712,2,ACORN-N,Adversity,ToU
MAC002759,13.738458,4.065849,0.28730968,1.0637485,0.28861016,13.265878,14.924936,1.1250621,0.29594654,1,ACORN-G,Comfortable,Std
MAC002760,10.241644,2.7450428,0.21359189,0.8780364,0.28045085,10.305685,10.080862,0.9781846,0.26802754,2,ACORN-M,Adversity,Std
MAC002761,1.3158379,0.644692,0.027496202,0.07549545,0.5192899,1.3483623,1.2341808,0.91531837,0.48994792,2,ACORN-E,Affluent,Std
MAC002762,3.5189955,1.0103452,0.07364155,0.40519848,0.22194262,3.4733264,3.6336544,1.0461597,0.28711182,2,ACORN-P,Adversity,Std
MAC002763,15.868668,4.5501084,0.33120167,1.5325682,0.23177376,15.134534,17.71181,1.1702911,0.2867354,1,ACORN-H,Comfortable,Std
MAC002764,5.384741,1.0704612,0.11259265,0.96876967,0.13791089,5.2696695,5.6736436,1.0766603,0.1987953,2,ACORN-E,Affluent,Std
MAC002765,15.792859,10.033097,0.33043325,1.2605288,0.31388235,15.799256,15.776798,0.99857855,0.6352933,1,ACORN-D,Affluent,ToU
MAC002766,2.8670213,0.44831824,0.060080756,0.1669106,0.37718695,2.8740256,2.849436,0.99144423,0.15637074,2,ACORN-N,Adversity,Std
MAC002767,4.0234346,2.0254886,0.08466501,0.43385312,0.24723253,3.9740674,4.1468525,1.0434781,0.5034228,2,ACORN-E,Affluent,Std
MAC002768,9.9485445,2.0536208,0.20779872,1.0692272,0.2238859,9.629447,10.7496805,1.1163342,0.20642425,2,ACORN-M,Adversity,Std
MAC002769,3.5040045,1.5541307,0.07310528,0.431371,0.21792415,3.3682628,3.8433583,1.1410506,0.44352987,2,ACORN-F,Comfortable,ToU
MAC002770,15.5572195,5.4573064,0.32524365,1.0696955,0.32979283,14.703483,17.700644,1.2038403,0.3507893,1,ACORN-O,Adversity,Std
MAC002771,2.6862454,1.8878926,0.05615252,0.17655,0.429482,2.6873136,2.683564,0.9986047,0.70279974,2,ACORN-Q,Adversity,Std
MAC002772,4.990006,1.7057629,0.104258135,0.6264015,0.20135503,4.783705,5.507952,1.1513988,0.34183583,2,ACORN-E,Affluent,Std
MAC002773,4.8061733,1.7405052,0.10076668,0.4689608,0.3024944,4.7795196,4.8737326,1.0197119,0.3621395,2,ACORN-Q,Adversity,Std
MAC002774,6.393508,4.136548,0.13346525,0.67573196,0.22379375,6.2458706,6.7634125,1.0828614,0.6469919,2,ACORN-U,ACORN-U,ToU
MAC002775,9.135005,2.166904,0.19109547,0.68547726,0.3076698,8.943771,9.615122,1.0750635,0.23720884,2,ACORN-Q,Adversity,Std
MAC002776,14.186399,5.5271225,0.29634073,1.0848136,0.27771077,13.685176,15.444787,1.128578,0.38960713,1,ACORN-H,Comfortable,Std
MAC002777,7.3464117,1.5049512,0.15359417,0.51009697,0.34503695,7.418981,7.1642184,0.9656607,0.20485528,2,ACORN-E,Affluent,Std
MAC002778,12.894041,3.980982,0.26929972,1.0517026,0.26593181,12.589347,13.653799,1.0845518,0.3087459,1,ACORN-N,Adversity,Std
MAC002779,3.385194,0.6439157,0.071005285,0.1813212,0.40449652,3.3963284,3.3572395,0.9884908,0.1902153,2,ACORN-D,Affluent,Std
MAC002780,12.429296,3.0048742,0.260405,1.1563712,0.2572075,12.05614,13.366154,1.1086595,0.24175741,1,ACORN-H,Comfortable,Std
MAC002781,3.8989666,0.9698461,0.0816876,0.38902426,0.28046733,3.861807,3.9922605,1.0337803,0.24874441,2,ACORN-Q,Adversity,Std
MAC002782,11.962717,3.446678,0.24985203,1.2626545,0.22634326,11.534557,13.03767,1.1303139,0.28811833,1,ACORN-K,Adversity,Std
MAC002783,9.851463,2.6884422,0.20557503,0.7465757,0.3283786,9.838524,9.883952,1.0046173,0.27289775,2,ACORN-F,Comfortable,Std
MAC002784,7.6475134,3.381366,0.16037995,1.1393439,0.17269175,7.782,7.309867,0.9393301,0.44215235,2,ACORN-E,Affluent,Std
MAC002785,10.522471,2.7508793,0.21986024,1.3193576,0.27040893,10.316402,11.039835,1.0701245,0.261429,1,ACORN-N,Adversity,Std
MAC002786,4.883535,3.177164,0.10209018,0.43298334,0.3361724,5.177229,4.146176,0.8008485,0.65058696,2,ACORN-Q,Adversity,ToU
MAC002787,8.376526,3.1730416,0.17478752,0.8850227,0.22305574,8.09046,9.094734,1.1241307,0.3788016,2,ACORN-G,Comfortable,Std
MAC002788,5.2074485,1.714122,0.108720884,0.32791212,0.43086195,5.2182183,5.1804094,0.99275446,0.32916737,2,ACORN-H,Comfortable,Std
MAC002789,6.309622,1.9857757,0.13209662,0.43863338,0.3763424,6.2777185,6.389747,1.0178454,0.31472182,2,ACORN-G,Comfortable,Std
MAC002790,11.685149,3.7069898,0.24398126,0.94936365,0.27106756,11.4071,12.383229,1.0855721,0.3172394,1,ACORN-E,Affluent,Std
MAC002791,4.1715684,1.4319195,0.08719038,0.3140106,0.3601216,4.649648,2.971282,0.63903373,0.34325686,2,ACORN-E,Affluent,Std
MAC002792,2.9322772,1.7888721,0.061299063,0.5239424,0.16825505,2.689093,3.5428245,1.3174793,0.6100624,2,ACORN-E,Affluent,ToU
MAC002793,10.804417,1.9101776,0.2256804,0.80006975,0.30773824,10.538786,11.471318,1.0884857,0.17679599,2,ACORN-Q,Adversity,Std
MAC002794,14.354476,2.6211123,0.300475,0.8516545,0.3887798,14.027682,15.174936,1.081785,0.18259896,1,ACORN-F,Comfortable,ToU
MAC002795,8.27083,2.111169,0.17286164,0.7047015,0.27547732,8.178459,8.50274,1.0396506,0.2552548,2,ACORN-F,Comfortable,ToU
MAC002796,8.617044,1.6222162,0.17982334,0.71939474,0.27422458,8.322338,9.359269,1.1245961,0.18825668,2,ACORN-I,Comfortable,Std
MAC002797,7.363164,2.3460102,0.15402621,0.7186297,0.26906675,7.287242,7.553373,1.0365201,0.31861442,2,ACORN-C,Affluent,ToU
MAC002798,6.015565,1.8982505,0.12594914,0.42569244,0.34283203,5.829303,6.4832025,1.1121746,0.31555647,2,ACORN-E,Affluent,ToU
MAC002799,9.824004,2.267164,0.20512511,0.5896212,0.37440404,9.80439,9.87325,1.0070233,0.230778,2,ACORN-F,Comfortable,Std
MAC002800,3.2583818,0.62304837,0.06823917,0.21218637,0.41016796,3.27918,3.2061648,0.9777337,0.19121404,2,ACORN-E,Affluent,ToU
MAC002801,5.6248856,1.8050518,0.11820346,0.43303624,0.329976,5.5537314,5.804167,1.0450932,0.3209046,2,ACORN-P,Adversity,Std
MAC002802,9.243667,4.350661,0.1932785,0.9428879,0.24437591,9.035631,9.765967,1.0808284,0.47066396,2,ACORN-Q,Adversity,Std
MAC002803,7.160965,1.659852,0.15023091,0.53407425,0.31994173,7.2199345,7.0129147,0.97132665,0.23179168,2,ACORN-Q,Adversity,Std
MAC002804,15.999896,5.081373,0.33544225,1.5836052,0.23668617,15.861255,16.34845,1.0307161,0.31758788,1,ACORN-E,Affluent,Std
MAC002805,14.038496,3.424741,0.29438588,0.7136424,0.42143092,13.867282,14.468351,1.0433444,0.24395356,1,ACORN-D,Affluent,Std
MAC002806,6.981331,2.6148696,0.14569768,0.7309197,0.22927135,6.974424,6.99867,1.0034765,0.37455174,2,ACORN-L,Adversity,Std
MAC002807,14.68179,3.5778942,0.30777484,1.3124636,0.2786908,14.672097,14.706122,1.0023191,0.24369605,1,ACORN-E,Affluent,Std
MAC002808,9.572753,2.51131,0.2005463,0.7913106,0.29410633,9.274245,10.322197,1.1129959,0.26233938,2,ACORN-Q,Adversity,Std
MAC002809,3.3156316,0.5341548,0.069176726,0.30309242,0.24781707,3.2411778,3.5025587,1.0806438,0.16110197,2,ACORN-E,Affluent,ToU
MAC002810,10.913467,2.9225018,0.22879788,1.1237804,0.22171947,10.254959,12.56674,1.2254305,0.26778856,1,ACORN-E,Affluent,Std
MAC002811,19.460392,12.4559965,0.4086817,1.4050728,0.3522652,19.42588,19.547031,1.0062366,0.6400691,1,ACORN-E,Affluent,ToU
MAC002812,7.601112,1.1502738,0.15935275,0.5994158,0.28743288,7.6747346,7.416665,0.96637416,0.15132968,2,ACORN-D,Affluent,Std
MAC002813,6.6821914,2.1221375,0.13968235,0.5562959,0.2947247,6.7171955,6.594495,0.9817333,0.3175811,2,ACORN-A,Affluent,Std
MAC002814,15.778123,4.451465,0.32982478,0.9292064,0.38275358,15.692705,15.992123,1.01908,0.28212893,1,ACORN-E,Affluent,ToU
MAC002815,3.5676668,1.9527899,0.07441226,0.37478226,0.29150864,3.641861,3.3814812,0.92850363,0.5473577,2,ACORN-E,Affluent,Std
MAC002816,6.790674,1.0439211,0.14203657,0.48823822,0.37059662,6.6933694,7.0344524,1.0509584,0.15372863,2,ACORN-N,Adversity,Std
MAC002817,10.635119,4.459349,0.22222354,1.0829893,0.3474078,10.38311,11.266484,1.085078,0.4193041,1,ACORN-E,Affluent,Std
MAC002818,16.095425,3.9276338,0.33670044,0.9116449,0.3970494,15.986524,16.368256,1.0238783,0.24402176,1,ACORN-F,Comfortable,Std
MAC002819,10.566868,3.3403966,0.22116305,0.9163323,0.25962713,10.295348,11.247112,1.0924461,0.31611985,1,ACORN-Q,Adversity,Std
MAC002820,12.737021,4.982224,0.26642892,0.9405387,0.3317743,12.594746,13.093469,1.0395977,0.39116085,1,ACORN-D,Affluent,Std
MAC002821,8.861674,2.677966,0.1851636,0.50849086,0.37579715,8.9522295,8.633594,0.9644071,0.3021964,2,ACORN-Q,Adversity,Std
MAC002822,4.4693823,0.48413852,0.0933927,0.26680577,0.37957,4.4218664,4.5884256,1.0376672,0.108323365,2,ACORN-H,Comfortable,Std
MAC002823,18.912422,4.1827536,0.394709,1.4922321,0.28142723,18.130245,20.87202,1.1512266,0.22116435,1,ACORN-L,Adversity,Std
MAC002824,12.97566,6.376914,0.2710993,1.1424613,0.26538393,13.162323,12.508011,0.950289,0.49145198,1,ACORN-Q,Adversity,Std
MAC002825,8.37515,3.1629717,0.17538686,1.2030946,0.1897565,8.290371,8.588919,1.0360113,0.37766153,2,ACORN-Q,Adversity,Std
MAC002826,4.964144,1.5616083,0.1036894,0.6696449,0.17029811,4.8602657,5.2243934,1.0749193,0.31457755,2,ACORN-E,Affluent,ToU
MAC002827,5.6497087,3.1525583,0.11839457,0.49260548,0.30482918,5.6751957,5.5858564,0.98425794,0.55800366,2,ACORN-E,Affluent,ToU
MAC002828,11.8926735,7.0937757,0.24836479,1.162091,0.23395905,12.028512,11.552357,0.96041447,0.5964829,1,ACORN-H,Comfortable,Std
MAC002829,10.133812,3.5848665,0.21130426,0.892044,0.2687434,10.278304,9.771813,0.95072234,0.353753,2,ACORN-C,Affluent,Std
MAC002830,2.3240607,1.1436303,0.048675913,0.21902733,0.3478147,2.283586,2.4254627,1.0621289,0.4920828,2,ACORN-P,Adversity,Std
MAC002831,4.5751886,1.1805174,0.09586965,0.29611245,0.34818074,4.456792,4.873396,1.0934762,0.25802594,2,ACORN-E,Affluent,Std
MAC002832,4.396624,1.0854784,0.09294291,0.29915375,0.3590698,4.4546165,4.251952,0.95450467,0.24688907,2,ACORN-Q,Adversity,Std
MAC002833,6.160609,1.9084147,0.12900777,0.5649575,0.26585522,6.070267,6.3869414,1.0521681,0.30977696,2,ACORN-M,Adversity,ToU
MAC002834,8.517536,1.8486668,0.17780222,0.6419575,0.2990004,8.394518,8.825734,1.0513688,0.21704243,2,ACORN-F,Comfortable,Std
MAC002835,2.9097595,1.9235407,0.060813215,0.17961556,0.38383895,2.8981538,2.938728,1.014,0.66106516,2,ACORN-E,Affluent,Std
MAC002836,7.1602097,4.0704846,0.14936648,0.7395085,0.24392213,7.140883,7.20838,1.0094522,0.5684868,2,ACORN-G,Comfortable,ToU
MAC002837,6.658581,1.7179742,0.13895728,0.37950987,0.37593552,6.5201993,7.005271,1.0743952,0.25800908,2,ACORN-F,Comfortable,Std
MAC002838,8.168199,2.1094544,0.1715812,0.76672834,0.2397483,7.987567,8.620739,1.0792696,0.25825208,2,ACORN-Q,Adversity,Std
MAC002839,19.578457,12.162952,0.41020724,1.9922792,0.23260769,19.453966,19.890347,1.0224315,0.6212416,1,ACORN-E,Affluent,ToU
MAC002840,16.430187,5.8651657,0.34326643,1.9035336,0.19765009,16.358816,16.609186,1.0153049,0.356975,1,ACORN-Q,Adversity,Std
MAC002841,3.383959,2.1208086,0.070713066,0.28589833,0.31521738,3.1202376,4.044665,1.2962682,0.62672406,2,ACORN-E,Affluent,Std
MAC002842,2.3063586,1.9472429,0.048533127,0.37450945,0.17662445,2.1997354,2.5715132,1.1690103,0.8442932,2,ACORN-J,Comfortable,Std
MAC002843,5.827859,1.9135665,0.122131124,0.28269348,0.48511797,5.816066,5.857404,1.0071076,0.3283481,2,ACORN-K,Adversity,Std
MAC002844,23.234169,5.5459323,0.48503157,2.014475,0.24707441,23.093834,23.58041,1.0210695,0.23869725,1,ACORN-H,Comfortable,Std
MAC002845,7.9048653,1.7143686,0.16522346,0.5619287,0.35385787,7.981656,7.712479,0.9662756,0.21687512,2,ACORN-L,Adversity,ToU
MAC002846,7.850369,2.1290178,0.16465026,0.80414873,0.22576523,7.849108,7.8535266,1.0005629,0.2711997,2,ACORN-Q,Adversity,Std
MAC002847,4.779605,3.0648892,0.09984618,0.3459052,0.39222836,4.742326,4.872569,1.027464,0.6412432,2,ACORN-G,Comfortable,Std
MAC002848,8.292057,4.9961534,0.1730632,0.86117446,0.23880056,7.692199,9.794893,1.273354,0.6025228,2,ACORN-K,Adversity,ToU
MAC002849,51.071136,21.740347,1.0661024,2.9985662,0.35955298,51.204353,50.73738,0.99088025,0.42568755,0,ACORN-H,Comfortable,Std
MAC002850,3.929191,0.8393218,0.082107686,0.30975264,0.28135547,3.7914565,4.2742605,1.12734,0.21361186,2,ACORN-L,Adversity,Std
MAC002851,22.116156,8.507996,0.46205753,1.2900304,0.39678422,21.810373,22.882238,1.0491447,0.38469595,1,ACORN-D,Affluent,Std
MAC002852,27.447968,22.253653,0.5757308,1.9446421,0.269988,27.13442,28.226774,1.0402571,0.81075776,0,ACORN-Q,Adversity,Std
MAC002853,14.39902,3.784927,0.3007433,1.0984432,0.2890986,14.825223,13.331244,0.89922726,0.26286003,1,ACORN-E,Affluent,Std
MAC002854,6.186454,2.3313096,0.1290807,0.9446829,0.16254038,6.206138,6.1371384,0.988882,0.376841,2,ACORN-Q,Adversity,Std
MAC002855,12.270127,5.972572,0.25621393,0.9660592,0.30283523,12.9248295,10.64565,0.8236588,0.48675713,1,ACORN-F,Comfortable,ToU
MAC002856,14.984105,6.9498315,0.31326136,1.2767117,0.2619899,16.093296,12.205224,0.75840425,0.46381357,1,ACORN-Q,Adversity,Std
MAC002857,5.2107587,1.7535697,0.108966894,0.39476025,0.35298744,5.3222103,4.931537,0.9265957,0.3365287,2,ACORN-L,Adversity,Std
MAC002858,1.3947178,0.5881179,0.029083677,0.20120637,0.14550878,1.3590382,1.4841063,1.092027,0.42167518,2,ACORN-E,Affluent,Std
MAC002859,11.115167,4.509431,0.23266844,1.1414067,0.23338574,11.0093775,11.380202,1.0336826,0.4057007,1,ACORN-C,Affluent,Std
MAC002860,6.4919953,1.6654724,0.13592137,0.36604103,0.4195243,6.506566,6.455569,0.99216217,0.25654244,2,ACORN-E,Affluent,Std
MAC002861,6.78756,1.2800939,0.1416766,1.6001017,0.09484256,6.8079133,6.736569,0.9895204,0.18859412,2,ACORN-K,Adversity,ToU
MAC002862,17.363935,8.762518,0.36207613,1.5544096,0.2411043,16.7907,18.800076,1.1196718,0.5046389,1,ACORN-C,Affluent,Std
MAC002863,2.7438438,2.2557273,0.05725249,0.39214718,0.25325817,2.6863675,2.8878405,1.0749983,0.8221049,2,ACORN-P,Adversity,Std
MAC002864,19.69458,4.6044946,0.413171,1.2919832,0.41511104,18.456549,22.79625,1.2351307,0.23379502,1,ACORN-E,Affluent,ToU
MAC002865,23.285719,6.1569533,0.48738983,1.6251777,0.32281154,23.63717,22.407085,0.9479597,0.26440898,1,ACORN-E,Affluent,Std
MAC002866,6.1243157,2.1066835,0.12791693,0.7526221,0.23662582,5.785836,6.972314,1.2050658,0.34398675,2,ACORN-L,Adversity,Std
MAC002867,3.7126,2.0181708,0.07762753,0.18687111,0.55880463,3.7329717,3.661907,0.980963,0.5436004,2,ACORN-Q,Adversity,Std
MAC002868,4.0365505,1.1844461,0.08500504,0.3375694,0.2904972,4.0203304,4.0774612,1.0142105,0.29343027,2,ACORN-J,Comfortable,ToU
MAC002869,27.73821,9.911794,0.5812297,1.5951122,0.39147463,29.105316,24.313175,0.8353517,0.35733357,0,ACORN-E,Affluent,ToU
MAC002870,4.8162932,2.2323246,0.10115283,0.26076138,0.41153398,4.770923,4.929718,1.033284,0.46349433,2,ACORN-O,Adversity,Std
MAC002871,8.164349,4.4425545,0.17063376,0.7987786,0.26084396,8.117842,8.280238,1.0200049,0.5441407,2,ACORN-N,Adversity,Std
MAC002872,51.674038,37.024265,1.0845429,1.7425145,0.5625196,51.473553,52.17634,1.0136533,0.71649647,0,ACORN-F,Comfortable,Std
MAC002873,0.80208653,2.0667968,0.016719986,0.042669196,0.23007563,0.8525053,0.6757713,0.79268867,2.5767753,2,ACORN-F,Comfortable,Std
MAC002874,13.128219,3.452907,0.274249,1.1618952,0.25816736,13.155755,13.058862,0.9926349,0.26301414,1,ACORN-F,Comfortable,ToU
MAC002875,5.7215004,2.1775188,0.119757704,0.3600115,0.3802868,4.952477,7.639638,1.5425893,0.38058528,2,ACORN-Q,Adversity,Std
MAC002876,7.030283,2.3515522,0.14699402,0.5713108,0.30075243,6.723873,7.7945457,1.1592345,0.334489,2,ACORN-E,Affluent,Std
MAC002877,5.8863225,2.810069,0.12383903,0.51989144,0.29793397,5.5909586,6.6230345,1.1845973,0.4773896,2,ACORN-L,Adversity,Std
MAC002878,9.666799,2.6856241,0.20197716,0.58446306,0.38351512,8.87478,11.646845,1.3123531,0.2778194,2,ACORN-Q,Adversity,Std
MAC002879,4.069876,1.8472096,0.08494739,0.3405594,0.31002313,3.7521875,4.8586206,1.2948768,0.45387366,2,ACORN-E,Affluent,ToU
MAC002880,10.63359,5.674549,0.22221841,1.6733333,0.14666091,10.255306,11.579299,1.1291032,0.5336438,1,ACORN-E,Affluent,Std
MAC002881,15.972145,7.685625,0.33470342,0.59524673,0.54656076,15.392259,17.41853,1.1316422,0.48118928,1,ACORN-E,Affluent,ToU
MAC002882,2.761995,0.6392915,0.05770992,0.2619819,0.25535578,2.5599747,3.2658849,1.2757488,0.23146005,2,ACORN-Q,Adversity,Std
MAC002883,10.951382,1.6392686,0.22859257,0.8690329,0.29877904,10.968577,10.907895,0.9944676,0.14968601,2,ACORN-K,Adversity,Std
MAC002884,12.265487,4.8623214,0.25626057,0.87034816,0.342488,12.089367,12.709885,1.0513276,0.39642304,1,ACORN-D,Affluent,Std
MAC002885,8.195345,6.2430186,0.17131191,0.61553633,0.29958016,8.706468,6.905651,0.79316336,0.7617762,2,ACORN-D,Affluent,Std
MAC002886,3.5636928,1.5750321,0.07463843,0.3059538,0.47310957,3.545037,3.6107674,1.0185415,0.4419663,2,ACORN-P,Adversity,ToU
MAC002887,9.542043,2.8670022,0.20018618,0.833256,0.26896694,9.573301,9.463896,0.9885718,0.30046,2,ACORN-Q,Adversity,Std
MAC002888,3.0079982,1.9028034,0.06310541,0.41997024,0.23602429,2.8303065,3.4589827,1.222123,0.6325813,2,ACORN-E,Affluent,Std
MAC002889,5.140221,1.6122715,0.107332416,0.58467656,0.24295314,5.0493364,5.3695464,1.0634162,0.313658,2,ACORN-H,Comfortable,Std
MAC002890,1.8764637,0.5813346,0.0393511,0.24425413,0.18623577,1.8830599,1.8598198,0.9876583,0.30980328,2,ACORN-F,Comfortable,Std
MAC002891,6.061413,2.7875528,0.12653948,0.4165759,0.36027327,6.1485505,5.841541,0.95006794,0.459885,2,ACORN-D,Affluent,ToU
MAC002892,8.122296,3.798141,0.17015246,0.8325008,0.23241207,8.12912,8.105041,0.9970379,0.46761912,2,ACORN-K,Adversity,Std
MAC002893,9.161195,1.6875811,0.19139507,1.1817293,0.1919668,9.027058,9.499658,1.0523537,0.18420972,2,ACORN-O,Adversity,Std
MAC002894,13.408348,2.5097115,0.28163677,0.8304736,0.36185583,13.2467,13.816227,1.0429939,0.18717529,1,ACORN-F,Comfortable,ToU
MAC002895,6.873438,1.205797,0.14366885,0.49314025,0.32462454,6.795908,7.069064,1.0401942,0.17542851,2,ACORN-E,Affluent,ToU
MAC002896,18.030828,4.4855742,0.37675068,1.2697294,0.31644502,18.327759,17.281605,0.9429197,0.2487725,1,ACORN-E,Affluent,Std
MAC002897,19.835056,4.634437,0.41457355,1.5117298,0.3146979,19.285183,21.229374,1.1008127,0.23364879,1,ACORN-E,Affluent,ToU
MAC002898,2.04018,1.2859983,0.042673737,0.2180528,0.29071,2.223887,1.5766395,0.70895666,0.63033575,2,ACORN-Q,Adversity,Std
MAC002899,3.4181151,0.5958069,0.07148187,0.2082603,0.37520057,3.4855356,3.2476046,0.9317376,0.17430861,2,ACORN-Q,Adversity,Std
MAC002900,13.447132,4.0858383,0.28099442,1.1205107,0.30668032,12.961742,14.674715,1.132156,0.3038446,1,ACORN-L,Adversity,Std
MAC002901,13.0271635,4.262346,0.27215162,0.99664354,0.32570654,12.12068,15.314453,1.2634978,0.3271891,1,ACORN-E,Affluent,ToU
MAC002902,5.7978916,1.8422507,0.12108983,1.0794481,0.14330119,5.951156,5.4102736,0.90911305,0.31774494,2,ACORN-P,Adversity,Std
MAC002903,11.433127,1.9850692,0.23919557,0.49852228,0.4985281,11.36591,11.602344,1.020802,0.17362434,2,ACORN-N,Adversity,Std
MAC002904,5.2300444,1.1508642,0.10949214,0.29652146,0.39868104,5.2049866,5.2932734,1.0169619,0.22004865,2,ACORN-F,Comfortable,Std
MAC002905,1.8388301,0.6220485,0.03842004,0.274868,0.16695213,1.9270115,1.6163255,0.83877313,0.3382849,2,ACORN-Q,Adversity,Std
MAC002906,7.3361483,2.5581625,0.15303792,0.38377923,0.41553974,7.2248693,7.6175814,1.0543556,0.34870648,2,ACORN-Q,Adversity,Std
MAC002907,10.719013,3.4377646,0.2240585,0.80938613,0.2990423,11.019505,9.960796,0.90392417,0.32071653,2,ACORN-E,Affluent,Std
MAC002908,9.0126915,4.4739056,0.18814029,0.7768465,0.26082546,9.002152,9.039285,1.0041249,0.49640062,2,ACORN-H,Comfortable,Std
MAC002909,8.202469,4.1359363,0.17104936,0.692592,0.27925205,7.6619005,9.557035,1.2473453,0.5042307,2,ACORN-F,Comfortable,ToU
MAC002910,7.2034893,1.1996515,0.15044644,0.48872817,0.3242169,7.056609,7.574959,1.0734559,0.16653755,2,ACORN-O,Adversity,ToU
MAC002911,4.595194,1.5664617,0.0957552,0.32327813,0.37052524,4.4746437,4.8979707,1.0946057,0.3408913,2,ACORN-Q,Adversity,Std
MAC002912,17.640905,3.4541936,0.36983755,1.1258317,0.3481813,16.825512,19.698355,1.1707432,0.1958059,1,ACORN-H,Comfortable,Std
MAC002913,30.163969,16.203062,0.6304997,1.8365734,0.32948652,30.157824,30.179518,1.0007193,0.5371661,0,ACORN-M,Adversity,Std
MAC002914,5.6805677,1.8497411,0.11878447,0.381132,0.3515869,5.2834954,6.6824822,1.2647843,0.3256261,2,ACORN-E,Affluent,Std
MAC002915,13.58037,5.004836,0.28402853,0.947995,0.35914084,13.683702,13.319634,0.97339404,0.3685346,1,ACORN-H,Comfortable,ToU
MAC002916,4.244346,0.8581292,0.08862262,0.1898336,0.48507792,4.2711196,4.176634,0.977878,0.20218173,2,ACORN-Q,Adversity,Std
MAC002917,6.3494034,1.2104784,0.13286543,0.43456674,0.33002847,6.403347,6.2129765,0.97027016,0.19064444,2,ACORN-Q,Adversity,Std
MAC002918,14.378107,4.1719837,0.30261618,0.86671996,0.39099425,14.35651,14.432727,1.0053089,0.29016224,1,ACORN-F,Comfortable,ToU
MAC002919,12.972455,12.503576,0.27237707,0.90766,0.298545,12.945299,13.040501,1.0073541,0.9638558,1,ACORN-E,Affluent,Std
MAC002920,19.013273,12.539901,0.39676702,1.6486369,0.25674117,19.862076,16.871529,0.8494343,0.65953404,1,ACORN-E,Affluent,Std
MAC002921,6.7737823,2.402779,0.14192383,0.52167326,0.36508965,6.6254125,7.148157,1.0789,0.3547175,2,ACORN-E,Affluent,Std
MAC002922,6.630226,1.7486045,0.13862786,0.9452871,0.17127703,6.4178777,7.1660347,1.1165739,0.26373225,2,ACORN-F,Comfortable,Std
MAC002923,25.415012,11.406522,0.53059435,1.489664,0.38302517,24.450132,27.855255,1.139268,0.4488104,0,ACORN-H,Comfortable,Std
MAC002924,16.539507,3.833247,0.34546497,1.0897261,0.34821102,15.501605,19.158394,1.2358974,0.23176308,1,ACORN-A,Affluent,Std
MAC002925,9.065851,3.069193,0.18936902,0.5134047,0.42747498,8.908593,9.466278,1.0626007,0.33854437,2,ACORN-H,Comfortable,ToU
MAC002926,4.14873,1.8146684,0.08687381,0.4815328,0.266298,4.1204896,4.2203393,1.0242325,0.43740338,2,ACORN-M,Adversity,ToU
MAC002927,13.281665,3.8900933,0.2781183,0.95715183,0.30435356,13.552666,12.59786,0.9295485,0.292892,1,ACORN-F,Comfortable,ToU
MAC002928,7.4681764,3.9685578,0.15658726,0.90445477,0.19360378,7.399083,7.6429186,1.0329548,0.53139585,2,ACORN-D,Affluent,Std
MAC002929,11.313594,2.921539,0.23664999,0.79586965,0.32046035,10.948234,12.235494,1.117577,0.25823262,1,ACORN-D,Affluent,Std
MAC002930,4.6287727,3.653103,0.097049184,0.31067875,0.3237916,4.6640253,4.5396166,0.9733259,0.78921634,2,ACORN-E,Affluent,ToU
MAC002931,4.5358334,2.2519584,0.09478101,0.6055974,0.24229746,4.5299377,4.5507092,1.0045854,0.49648172,2,ACORN-D,Affluent,ToU
MAC002932,5.6047764,1.723195,0.1171164,0.38571995,0.34782138,5.5438757,5.7587967,1.0387673,0.30745116,2,ACORN-F,Comfortable,ToU
MAC002933,4.897807,1.6999265,0.10245902,0.54445547,0.2431481,4.6558065,5.508436,1.1831325,0.3470791,2,ACORN-P,Adversity,Std
MAC002934,7.3598714,3.0103807,0.15384205,0.9693977,0.1784743,7.033076,8.18446,1.1637099,0.40902627,2,ACORN-Q,Adversity,Std
MAC002935,6.0362453,6.9250646,0.12612446,0.65089124,0.41909757,6.3996987,5.117047,0.7995762,1.1472471,2,ACORN-E,Affluent,ToU
MAC002936,8.393489,2.1019235,0.17686696,0.66116196,0.31983492,8.3189745,8.581076,1.0315064,0.2504231,2,ACORN-Q,Adversity,Std
MAC002937,14.330448,4.0865526,0.29923907,1.0014678,0.33231694,14.887506,12.921611,0.86795,0.28516573,1,ACORN-A,Affluent,Std
MAC002938,5.9575677,1.2892647,0.12455014,1.0890231,0.16179669,5.9867096,5.884035,0.9828496,0.2164079,2,ACORN-P,Adversity,Std
MAC002939,8.047179,2.7180402,0.16812442,0.7889307,0.25439453,8.004313,8.155343,1.0188686,0.3377631,2,ACORN-E,Affluent,Std
MAC002940,2.0344172,0.48044053,0.04247906,0.21949172,0.20551984,1.9706366,2.1946104,1.1136556,0.23615634,2,ACORN-P,Adversity,Std
MAC002941,14.452198,4.3445616,0.30193627,1.0510478,0.30393666,13.769882,16.173855,1.1745819,0.30061597,1,ACORN-E,Affluent,Std
MAC002942,12.906257,2.942415,0.2696139,0.943447,0.30463997,12.087451,14.962791,1.2378782,0.22798361,1,ACORN-F,Comfortable,Std
MAC002943,8.773839,4.2259383,0.18328962,0.7635298,0.28467438,8.783868,8.748651,0.9959907,0.48165214,2,ACORN-E,Affluent,Std
MAC002944,8.663059,2.5351808,0.18065424,0.72869533,0.26814958,8.33868,9.477779,1.1366042,0.29264268,2,ACORN-F,Comfortable,Std
MAC002945,6.38074,1.0362087,0.13319156,0.4180811,0.36994502,6.4325347,6.2506514,0.97172445,0.16239633,2,ACORN-E,Affluent,Std
MAC002946,2.4648378,1.1245818,0.05142271,0.24741225,0.3705026,2.6590116,1.9771453,0.743564,0.45624983,2,ACORN-D,Affluent,Std
MAC002947,4.8530464,1.2149991,0.101217456,0.37961587,0.28901547,4.7675557,5.0677676,1.0629698,0.25035802,2,ACORN-E,Affluent,Std
MAC002948,2.4184422,0.5871791,0.05078817,0.20519967,0.32307544,2.4337373,2.379849,0.97785777,0.2427923,2,ACORN-Q,Adversity,Std
MAC002949,12.9996605,5.477318,0.27095827,1.1998576,0.2509441,13.178634,12.550145,0.95231,0.42134315,1,ACORN-E,Affluent,Std
MAC002950,11.943726,4.175858,0.24940178,0.9512294,0.30188835,11.761097,12.404547,1.05471,0.34962776,1,ACORN-Q,Adversity,Std
MAC002951,2.4445794,1.5259496,0.05120395,0.2515331,0.25928158,2.3545856,2.6706104,1.1342168,0.6242176,2,ACORN-H,Comfortable,ToU
MAC002952,11.653894,2.6745074,0.25175798,1.1349207,0.26662627,11.437434,12.19882,1.0665697,0.22949474,1,ACORN-K,Adversity,Std
MAC002953,24.722103,8.720847,0.5160096,1.2952036,0.41596612,24.631298,24.95017,1.0129458,0.35275507,1,ACORN-E,Affluent,Std
MAC002954,6.3073196,1.0684128,0.13150638,0.4892566,0.28948352,6.311243,6.297465,0.99781686,0.16939253,2,ACORN-N,Adversity,ToU
MAC002955,16.094275,7.355596,0.33822212,1.2228438,0.3068211,16.793306,14.346692,0.85431015,0.45703185,1,ACORN-E,Affluent,Std
MAC002956,17.179224,6.6429467,0.358524,1.0897152,0.355234,15.675643,20.955658,1.3368293,0.38668492,1,ACORN-F,Comfortable,Std
MAC002957,3.1121905,1.3802358,0.06485711,0.35076657,0.24787049,3.0950763,3.1551745,1.0194174,0.44349337,2,ACORN-F,Comfortable,Std
MAC002958,7.2702346,1.981567,0.15189557,0.53785145,0.31991866,7.002968,7.9446163,1.1344641,0.2725589,2,ACORN-Q,Adversity,Std
MAC002959,25.784758,6.0141845,0.5379726,1.141841,0.5126924,25.953617,25.360643,0.9771526,0.23324573,1,ACORN-A,Affluent,ToU
MAC002960,11.140547,3.3454974,0.23242871,1.2741275,0.20143384,11.241899,10.885988,0.96834075,0.3002992,1,ACORN-F,Comfortable,Std
MAC002961,9.101621,1.1268337,0.19033597,0.4466518,0.45394188,8.95933,9.460657,1.0559559,0.12380583,2,ACORN-K,Adversity,Std
MAC002962,21.860502,4.0807123,0.45918253,1.30216,0.3673505,21.194752,23.54036,1.1106693,0.18667057,1,ACORN-H,Comfortable,Std
MAC002963,5.566457,2.3928354,0.11638569,0.9356076,0.15344428,5.5343843,5.6470118,1.0203505,0.42986688,2,ACORN-Q,Adversity,ToU
MAC002964,4.6673317,2.1159875,0.09744545,0.37264687,0.32966533,4.6233873,4.7782154,1.033488,0.4533613,2,ACORN-F,Comfortable,Std
MAC002965,11.6418,3.2941573,0.24288987,0.7563874,0.37215286,11.67477,11.558989,0.99008274,0.28295946,1,ACORN-D,Affluent,Std
MAC002966,5.302359,2.1670933,0.110596426,0.64845693,0.21345785,5.2552776,5.4206104,1.0314603,0.4087036,2,ACORN-E,Affluent,Std
MAC002967,4.2057133,0.662024,0.087867066,0.275434,0.33581054,4.180949,4.2681975,1.0208681,0.15741064,2,ACORN-Q,Adversity,Std
MAC002968,4.6390185,1.2142136,0.09708584,0.33769473,0.3499079,4.723954,4.4247036,0.93665254,0.26173934,2,ACORN-E,Affluent,Std
MAC002969,13.488765,6.317159,0.28152785,1.6576043,0.18552537,13.217632,14.16975,1.0720339,0.46832746,1,ACORN-Q,Adversity,Std
MAC002970,4.842995,1.9873185,0.101009645,0.5152046,0.2296699,4.887901,4.729686,0.9676313,0.41034907,2,ACORN-Q,Adversity,ToU
MAC002971,4.219735,1.8301064,0.08807437,0.47156954,0.25066885,4.0825067,4.564401,1.1180389,0.43370172,2,ACORN-E,Affluent,ToU
MAC002972,4.903543,2.765821,0.10258499,0.5456238,0.3104737,5.148085,4.2865,0.8326397,0.5640454,2,ACORN-E,Affluent,Std
MAC002973,9.329441,3.050146,0.19469896,0.7830611,0.27647722,9.037903,10.065064,1.1136504,0.3269377,2,ACORN-F,Comfortable,Std
MAC002974,7.240051,3.4641001,0.15095064,0.73882544,0.2529952,7.376877,6.896357,0.93486136,0.4784635,2,ACORN-E,Affluent,Std
MAC002975,6.575396,2.0772822,0.13748193,0.609005,0.2698197,6.510783,6.7384305,1.0349647,0.31591743,2,ACORN-N,Adversity,Std
MAC002976,0.7646283,1.2937875,0.016093524,0.041769635,0.38352707,0.75276643,0.79472226,1.0557355,1.6920476,2,ACORN-Q,Adversity,Std
MAC002977,5.7658377,4.0710917,0.120741285,0.6878924,0.25405538,5.1067996,7.4483232,1.458511,0.70607114,2,ACORN-E,Affluent,Std
MAC002978,3.4316175,0.983043,0.071594924,0.27684426,0.2892515,3.3643243,3.6011443,1.0703915,0.28646636,2,ACORN-D,Affluent,Std
MAC002979,4.5252633,1.1842026,0.094324745,0.4017616,0.26035473,4.4915323,4.6099825,1.0263718,0.26168698,2,ACORN-P,Adversity,Std
MAC002980,12.662168,3.80883,0.26414767,0.9492897,0.28960514,12.66403,12.657488,0.9994834,0.30080396,1,ACORN-E,Affluent,Std
MAC002981,5.6081038,3.1194167,0.11699043,0.5965693,0.23456931,5.1290665,6.816837,1.32906,0.55623376,2,ACORN-J,Comfortable,Std
MAC002982,2.6693466,1.0133471,0.055929366,0.2636056,0.27264395,2.58262,2.8881803,1.1183141,0.37962368,2,ACORN-E,Affluent,ToU
MAC002983,12.747934,2.455067,0.26641074,0.76983494,0.40895858,12.520412,13.322028,1.0640247,0.19258547,1,ACORN-F,Comfortable,ToU
MAC002984,6.5994453,2.7525666,0.1378206,0.71618646,0.22817397,6.442947,6.9943314,1.0855795,0.4170906,2,ACORN-F,Comfortable,Std
MAC002985,4.079711,3.1814065,0.085245684,0.46147522,0.21940722,3.8300483,4.7096744,1.2296644,0.77981174,2,ACORN-M,Adversity,ToU
MAC002986,3.275132,0.9789856,0.068532124,0.4771205,0.19184521,3.3395553,3.1125755,0.93203294,0.29891485,2,ACORN-P,Adversity,Std
MAC002987,5.5623207,2.304014,0.11624067,0.7091322,0.23243153,5.2288866,6.4017205,1.224299,0.4142181,2,ACORN-F,Comfortable,Std
MAC002988,4.3797636,1.7273399,0.09144902,0.35914546,0.30044985,4.4217596,4.2740407,0.9665927,0.39439112,2,ACORN-Q,Adversity,Std
MAC002989,9.157852,3.5669723,0.19158301,1.3454212,0.17660493,8.65878,10.422545,1.2036967,0.38949877,1,ACORN-E,Affluent,Std
MAC002990,10.705632,3.8019812,0.22342105,1.3394595,0.17698915,10.015314,12.443464,1.2424437,0.35513842,1,ACORN-E,Affluent,Std
MAC002991,10.157916,1.9239454,0.212348,0.8996843,0.25001532,10.055538,10.415646,1.0358119,0.18940355,2,ACORN-M,Adversity,Std
MAC002992,5.308211,1.7209325,0.111506306,0.54977554,0.3000114,5.3132825,5.2955317,0.99665916,0.32420197,2,ACORN-P,Adversity,ToU
MAC002993,8.114513,0.7628852,0.1695573,0.41898513,0.41931143,7.9062657,8.638767,1.0926483,0.094014905,2,ACORN-Q,Adversity,Std
MAC002994,8.200118,1.8045557,0.17116062,0.9651441,0.20184596,8.238206,8.104453,0.98376435,0.2200646,2,ACORN-F,Comfortable,Std
MAC002995,12.408703,3.103683,0.2592679,0.68219995,0.46790817,12.495406,12.19043,0.9755929,0.25012147,1,ACORN-F,Comfortable,ToU
MAC002996,8.866426,3.7907374,0.18567817,1.0757504,0.209004,8.987631,8.561302,0.95256495,0.42753837,2,ACORN-K,Adversity,Std
MAC002997,4.6492877,1.0337039,0.097166516,0.39875868,0.2782822,4.5836673,4.8144827,1.050356,0.22233598,2,ACORN-Q,Adversity,ToU
MAC002998,18.820616,6.1952767,0.3932832,1.377076,0.31259328,18.437304,19.785587,1.073128,0.32917503,1,ACORN-F,Comfortable,Std
MAC002999,8.793689,5.581012,0.18411714,0.6726609,0.2799541,7.7816834,11.329872,1.4559667,0.6346611,2,ACORN-H,Comfortable,Std
MAC003000,12.527491,3.2610905,0.26154673,1.5041752,0.17831318,12.805268,11.828203,0.9236982,0.26031473,1,ACORN-H,Comfortable,Std
MAC003001,8.429312,2.3174405,0.17592986,0.6083008,0.34117195,8.406075,8.487814,1.0097239,0.27492642,2,ACORN-C,Affluent,Std
MAC003002,4.106385,2.0774004,0.08568265,0.32554215,0.43267363,4.02609,4.308523,1.0701507,0.5058952,2,ACORN-H,Comfortable,Std
MAC003003,5.595064,1.2842642,0.11705142,0.6872066,0.21351726,5.6225405,5.525895,0.9828111,0.2295352,2,ACORN-Q,Adversity,Std
MAC003004,2.8022335,1.4615924,0.058504585,0.26170197,0.3250849,2.7549422,2.9210117,1.0602806,0.52158123,2,ACORN-E,Affluent,Std
MAC003005,16.007236,8.399115,0.33469254,1.8866932,0.17366697,15.83117,16.451187,1.0391643,0.5247074,1,ACORN-E,Affluent,Std
MAC003006,1.3243531,1.3935498,0.027825968,0.24094446,0.40771458,1.447158,1.0161824,0.70219177,1.0522494,2,ACORN-E,Affluent,Std
MAC003007,8.004929,3.6145332,0.16735171,0.77983665,0.2889498,8.170204,7.5881824,0.9287629,0.45153847,2,ACORN-E,Affluent,Std
MAC003008,6.3936615,1.0130391,0.13360514,0.37647632,0.37279388,6.391518,6.399064,1.0011806,0.15844429,2,ACORN-L,Adversity,Std
MAC003009,3.2755246,0.8623692,0.06840309,0.53727376,0.16150895,3.22002,3.4165509,1.0610341,0.26327667,2,ACORN-Q,Adversity,Std
MAC003010,3.803396,2.2379007,0.07969487,0.28301376,0.53140396,3.7905886,3.835865,1.0119444,0.5883954,2,ACORN-E,Affluent,Std
MAC003011,4.8164215,1.2089312,0.100552194,0.5804122,0.21917273,4.919821,4.555699,0.9259888,0.25100195,2,ACORN-E,Affluent,Std
MAC003012,15.199053,3.7435048,0.3174408,1.3072504,0.2645084,14.233457,17.633812,1.2388988,0.24629855,1,ACORN-H,Comfortable,Std
MAC003013,7.6311145,2.5573158,0.1596166,0.76011294,0.22495507,6.8871493,9.507027,1.3804008,0.33511695,2,ACORN-D,Affluent,Std
MAC003014,2.420607,0.7797761,0.050800636,0.3182009,0.19329692,2.4209683,2.4196723,0.99946463,0.32214072,2,ACORN-E,Affluent,Std
MAC003015,7.242272,2.573957,0.15099865,0.74911755,0.21356055,6.9836698,7.894339,1.1303998,0.3554074,2,ACORN-K,Adversity,Std
MAC003016,8.165174,2.508406,0.17063516,0.6587335,0.29934922,8.183567,8.1187,0.9920735,0.3072079,2,ACORN-E,Affluent,Std
MAC003017,2.005046,1.0868436,0.04189464,0.19167633,0.22353551,2.0526397,1.8850377,0.918348,0.54205424,2,ACORN-E,Affluent,Std
MAC003018,23.312073,13.273035,0.48884928,1.3457572,0.36308303,24.055119,21.438473,0.8912229,0.5693631,0,ACORN-D,Affluent,Std
MAC003019,6.6974735,2.5422084,0.14079927,0.6858366,0.23574638,6.6938124,6.7067046,1.001926,0.37957722,2,ACORN-L,Adversity,ToU
MAC003020,9.3273,2.3668838,0.195003,1.7604291,0.13756618,9.277224,9.45357,1.0190085,0.25375873,1,ACORN-Q,Adversity,Std
MAC003021,4.6391435,1.4324355,0.096814014,0.35440305,0.29385188,4.4683366,5.0698333,1.1346132,0.30877155,2,ACORN-Q,Adversity,Std
MAC003022,8.358795,1.9205809,0.17569183,0.51376444,0.3705346,8.289758,8.532469,1.0292784,0.22976767,2,ACORN-D,Affluent,Std
MAC003023,7.4913845,1.9527651,0.15677063,0.5975038,0.2939431,7.46736,7.5519624,1.0113297,0.26066813,2,ACORN-Q,Adversity,Std
MAC003024,3.6598685,1.7992234,0.07709869,0.51039356,0.25765744,3.6647644,3.6475751,0.9953096,0.49160877,2,ACORN-Q,Adversity,Std
MAC003025,18.545355,7.4956565,0.3870209,1.5538733,0.28369674,18.897865,17.656494,0.93431157,0.40417972,1,ACORN-J,Comfortable,Std
MAC003026,9.635727,3.2209263,0.20300803,0.70412517,0.31236807,9.69233,9.493,0.9794342,0.33426917,2,ACORN-N,Adversity,Std
MAC003027,1.9281816,1.0934552,0.04026183,0.18856642,0.2630187,1.9601663,1.8475322,0.94253844,0.5670914,2,ACORN-Q,Adversity,Std
MAC003028,13.465995,6.20511,0.28103706,0.7779825,0.39889464,13.1613455,14.23326,1.0814441,0.4607985,1,ACORN-F,Comfortable,Std
MAC003029,7.4840045,1.2372265,0.15625894,0.4215878,0.40058067,7.3574095,7.8032146,1.0605927,0.1653161,2,ACORN-F,Comfortable,Std
MAC003030,2.6704,0.47532302,0.05574823,0.1794458,0.32728106,2.677098,2.6535108,0.99118924,0.17799695,2,ACORN-M,Adversity,Std
MAC003031,0.7987053,0.29915786,0.016744807,0.08672519,0.19478095,0.7884819,0.8244839,1.0456599,0.3745535,2,ACORN-Q,Adversity,Std
MAC003032,9.478644,3.6367702,0.19794805,0.86396337,0.27597055,8.658954,11.5455,1.3333597,0.38368043,2,ACORN-Q,Adversity,Std
MAC003033,13.197162,3.9517407,0.27581024,1.2492412,0.25302908,13.252605,13.05736,0.98526734,0.2994387,1,ACORN-C,Affluent,Std
MAC003034,9.12843,2.6820505,0.19070093,0.95150536,0.2510519,9.071535,9.271893,1.0220864,0.29381287,2,ACORN-F,Comfortable,Std
MAC003035,3.1296062,1.4297154,0.06539297,0.19753893,0.41541857,3.1765864,3.011145,0.94791853,0.45683554,2,ACORN-E,Affluent,ToU
MAC003036,4.979745,0.727831,0.10400436,0.35543358,0.32618392,5.024908,4.8658657,0.9683492,0.1461583,2,ACORN-Q,Adversity,Std
MAC003037,2.617452,0.8679641,0.05468869,0.3912901,0.17683963,2.549452,2.788914,1.0939268,0.3316065,2,ACORN-Q,Adversity,ToU
MAC003038,5.3491497,3.548965,0.11161105,0.53363204,0.36730117,5.5822964,4.761269,0.85292304,0.6634634,2,ACORN-Q,Adversity,Std
MAC003039,7.9210043,1.5265677,0.16647214,0.8922855,0.21225786,7.5134687,8.948607,1.1910088,0.192724,2,ACORN-E,Affluent,Std
MAC003040,9.670096,1.3523418,0.20186092,0.4463023,0.48754427,9.665262,9.682285,1.0017613,0.1398478,2,ACORN-Q,Adversity,Std
MAC003041,5.9193864,4.536872,0.12404858,0.7062234,0.23498352,5.8234406,6.1618586,1.0581131,0.76644295,2,ACORN-H,Comfortable,Std
MAC003042,8.503331,3.0003607,0.17763874,0.75498015,0.29204965,8.151597,9.390231,1.1519499,0.35284534,2,ACORN-G,Comfortable,Std
MAC003043,6.030454,1.3874071,0.12602054,0.4235627,0.34312892,6.1642237,5.6913295,0.92328405,0.23006676,2,ACORN-E,Affluent,ToU
MAC003044,6.752316,2.1779659,0.14099225,0.79833287,0.22089875,6.6727996,6.952817,1.041964,0.32255095,2,ACORN-H,Comfortable,ToU
MAC003045,4.6125283,0.3880952,0.09651069,0.2310536,0.43710688,4.608831,4.621812,1.0028166,0.08413936,2,ACORN-Q,Adversity,ToU
MAC003046,5.3717804,1.9312471,0.11215975,0.38358778,0.35941625,5.4921966,5.0681505,0.9227912,0.35951713,2,ACORN-E,Affluent,Std
MAC003047,6.5826993,3.0865173,0.1373757,0.69584274,0.242385,5.8803263,8.353737,1.4206247,0.46888325,2,ACORN-Q,Adversity,ToU
MAC003048,4.490988,0.6660988,0.093692526,0.2955435,0.34331602,4.4739766,4.5338817,1.0133897,0.14831899,2,ACORN-K,Adversity,Std
MAC003049,5.8731923,1.5279965,0.12252902,0.51675874,0.27157676,5.7618613,6.1539145,1.0680428,0.26016456,2,ACORN-L,Adversity,ToU
MAC003050,7.810145,2.5461743,0.16303125,0.6704717,0.2836445,7.7442665,7.976258,1.0299566,0.3260086,2,ACORN-F,Comfortable,Std
MAC003051,10.266815,2.1883788,0.2149351,0.8244703,0.29716578,10.391296,9.952935,0.9578146,0.2131507,2,ACORN-H,Comfortable,Std
MAC003052,6.2750506,5.3123446,0.13096201,0.38878474,0.34966853,6.2165117,6.422656,1.0331608,0.84658194,2,ACORN-E,Affluent,Std
MAC003053,8.494229,3.033719,0.17736083,0.7599603,0.2685926,7.9622645,9.835581,1.2352743,0.35715058,2,ACORN-J,Comfortable,Std
MAC003054,3.9556108,0.9204493,0.082976565,0.2064183,0.42633918,3.9679425,3.9245162,0.9890557,0.23269461,2,ACORN-E,Affluent,Std
MAC003055,5.5550733,6.114726,0.1159761,1.189571,0.16543002,5.544348,5.5821185,1.0068125,1.1007463,2,ACORN-E,Affluent,ToU
MAC003056,3.8562443,1.8668164,0.080625564,0.49860612,0.33427525,3.7751749,4.0606613,1.0756221,0.48410222,2,ACORN-E,Affluent,Std
MAC003057,3.7364123,0.55382305,0.078125305,0.27726108,0.3095807,3.6132262,4.047027,1.1200591,0.14822322,2,ACORN-F,Comfortable,Std
MAC003058,6.9167356,6.040272,0.14510287,0.5271649,0.28686613,6.926328,6.8925486,0.995123,0.8732837,2,ACORN-E,Affluent,Std
MAC003059,5.725173,0.8791582,0.11984132,0.2876447,0.4418725,5.612765,6.0095353,1.0706908,0.15356012,2,ACORN-Q,Adversity,Std
MAC003060,6.0020504,1.6938622,0.12544814,1.2074062,0.13314283,5.673034,6.831667,1.2042351,0.28221393,2,ACORN-Q,Adversity,Std
MAC003061,27.064222,7.4600787,0.5654968,2.6575537,0.22708632,26.236507,29.162596,1.1115273,0.27564356,0,ACORN-C,Affluent,ToU
MAC003062,2.8425832,0.80182433,0.05951966,0.23450688,0.26897246,2.816614,2.9080646,1.0324683,0.28207594,2,ACORN-O,Adversity,Std
MAC003063,9.060664,3.331412,0.18949386,0.7863832,0.2713678,8.957019,9.322005,1.0407486,0.36767858,2,ACORN-D,Affluent,Std
MAC003064,8.851107,2.3960905,0.18474165,0.66471756,0.30898553,8.709582,9.207963,1.0572221,0.27071083,2,ACORN-Q,Adversity,Std
MAC003065,17.651955,6.197747,0.3684826,1.158974,0.34478933,17.67706,17.58865,0.99499863,0.35110828,1,ACORN-C,Affluent,Std
MAC003066,7.21547,3.3443637,0.15066776,0.7914718,0.22633533,7.1359744,7.4159193,1.0392301,0.4634991,2,ACORN-E,Affluent,Std
MAC003067,15.25745,5.4855185,0.31895375,1.8269527,0.19647634,15.323974,15.08971,0.9847126,0.35953048,1,ACORN-E,Affluent,Std
MAC003068,13.820262,4.1059213,0.28862256,1.1266748,0.26887506,13.590047,14.400747,1.059654,0.29709432,1,ACORN-E,Affluent,ToU
MAC003069,5.4399967,1.9921428,0.11393704,0.4928702,0.29838425,5.8069916,4.5146184,0.7774453,0.36620295,2,ACORN-F,Comfortable,ToU
MAC003070,7.898246,2.2845743,0.16544758,0.39348093,0.4498647,7.8904586,7.9178815,1.0034754,0.28925085,2,ACORN-Q,Adversity,Std
MAC003071,5.1474767,3.5774422,0.10761097,0.6864691,0.19457226,4.436122,6.945264,1.5656161,0.6949895,2,ACORN-E,Affluent,Std
MAC003072,16.64364,7.0075965,0.34772614,0.9587801,0.43857673,16.858936,16.100773,0.955029,0.4210375,1,ACORN-A,Affluent,Std
MAC003073,8.952335,4.0583286,0.18735093,0.7934947,0.2686693,8.706347,9.5725975,1.0994964,0.45332626,2,ACORN-E,Affluent,Std
MAC003074,4.6392965,0.9309217,0.09721087,0.32361725,0.33981445,4.641274,4.63428,0.99849313,0.2006601,2,ACORN-K,Adversity,Std
MAC003075,3.7698903,1.4654549,0.0787554,0.4811481,0.18655756,3.7607164,3.7930217,1.0085902,0.38872615,2,ACORN-E,Affluent,Std
MAC003076,14.35379,2.5786889,0.29947692,0.85485345,0.3750623,13.966418,15.330548,1.0976721,0.17965212,1,ACORN-K,Adversity,Std
MAC003077,5.0136137,1.6395481,0.10490713,0.43856338,0.28774938,4.9887805,5.0762315,1.0175295,0.3270192,2,ACORN-H,Comfortable,Std
MAC003078,14.950303,4.063451,0.31219545,1.1713068,0.27781704,14.384548,16.376854,1.1385032,0.2717972,1,ACORN-U,ACORN-U,Std
MAC003079,4.902176,1.186613,0.10240541,0.39440522,0.2953236,4.8758826,4.9683332,1.0189608,0.24205843,2,ACORN-L,Adversity,Std
MAC003080,6.4486527,1.372046,0.1347994,0.50485456,0.3302602,6.430595,6.493989,1.0098583,0.21276475,2,ACORN-F,Comfortable,ToU
MAC003081,11.156198,1.9406937,0.23283139,0.9558851,0.25884312,11.097872,11.303746,1.0185508,0.17395656,1,ACORN-H,Comfortable,Std
MAC003082,4.4300156,0.9701526,0.09277574,0.32676876,0.306572,4.3347373,4.6710434,1.0775839,0.2189953,2,ACORN-E,Affluent,ToU
MAC003083,4.444922,1.7358243,0.09272763,0.7101208,0.16528602,4.192109,5.0810323,1.2120467,0.39051852,2,ACORN-E,Affluent,Std
MAC003084,4.790902,1.0100363,0.100093015,0.511023,0.24923751,4.6723166,5.0892797,1.0892411,0.21082383,2,ACORN-Q,Adversity,Std
MAC003085,11.429303,3.013582,0.24008419,0.6797584,0.3894787,11.182675,12.0498495,1.0775462,0.26367155,1,ACORN-H,Comfortable,Std
MAC003086,6.2261653,2.5869083,0.1300759,0.7167538,0.21696699,6.2362585,6.200769,0.9943092,0.41548982,2,ACORN-N,Adversity,Std
MAC003087,5.322497,1.7369341,0.1115855,0.3541529,0.34176448,5.3224783,5.322543,1.0000122,0.3263382,2,ACORN-P,Adversity,Std
MAC003088,8.194298,1.6695663,0.17091432,0.62944955,0.29576525,7.9881263,8.713054,1.0907506,0.20374733,2,ACORN-Q,Adversity,ToU
MAC003089,11.897437,2.6985028,0.24891819,0.789945,0.37070593,12.031574,11.55993,0.96079946,0.2268138,1,ACORN-L,Adversity,Std
MAC003090,12.145478,9.72809,0.25323308,0.7606743,0.36221427,12.12624,12.193887,1.0055785,0.80096394,1,ACORN-L,Adversity,Std
MAC003091,7.699752,1.8681214,0.16085495,0.5590949,0.35434595,7.619557,7.901102,1.0369503,0.24262099,2,ACORN-H,Comfortable,Std
MAC003092,12.553217,3.8654985,0.26599917,1.0186114,0.29228672,12.422931,12.883886,1.0371052,0.30792892,1,ACORN-G,Comfortable,Std
MAC003093,7.267457,3.9961057,0.15166946,0.6363532,0.32487267,7.7297735,6.10421,0.789701,0.549863,2,ACORN-D,Affluent,Std
MAC003094,7.8186145,4.3525205,0.1655189,1.3327492,0.12510583,7.7294574,8.042947,1.0405577,0.55668694,2,ACORN-E,Affluent,ToU
MAC003095,20.155317,6.941661,0.42096704,1.6579236,0.26545483,19.897997,20.802763,1.0454702,0.34440842,1,ACORN-H,Comfortable,Std
MAC003096,1.1587936,0.32632792,0.024209658,0.077455655,0.37759846,1.1752478,1.1173925,0.95077187,0.28161004,2,ACORN-Q,Adversity,Std
MAC003097,3.5669587,1.0382118,0.074371785,0.53316057,0.15817803,3.4355707,3.8975482,1.1344689,0.2910636,2,ACORN-Q,Adversity,ToU
MAC003098,6.397752,4.3009467,0.13422269,0.5164686,0.4262263,6.734543,5.545762,0.8234801,0.6722591,2,ACORN-E,Affluent,Std
MAC003099,3.8503776,0.8335072,0.08032796,0.2767263,0.30782488,3.9654145,3.5609303,0.89799696,0.21647415,2,ACORN-Q,Adversity,ToU
MAC003100,14.449173,5.9936237,0.3014084,1.1267778,0.33508188,14.312922,14.791464,1.0334343,0.41480738,1,ACORN-D,Affluent,Std
MAC003101,8.662479,3.2821612,0.18097202,0.5420413,0.42424226,8.570947,8.892785,1.03755,0.37889397,2,ACORN-F,Comfortable,Std
MAC003102,3.3276505,1.6059723,0.069538966,0.41583675,0.27275229,3.548958,2.7725968,0.7812425,0.48261446,2,ACORN-Q,Adversity,ToU
MAC003103,7.709697,2.7414138,0.1613667,0.69458807,0.28567964,7.0837193,9.281371,1.3102398,0.35557997,2,ACORN-E,Affluent,Std
MAC003104,3.0941606,0.50567514,0.06456237,0.2164893,0.34908965,3.1243908,3.018097,0.96597934,0.16342886,2,ACORN-M,Adversity,Std
MAC003105,5.7008653,0.5483012,0.11898292,0.40185472,0.33284992,5.6492243,5.8308015,1.0321419,0.0961786,2,ACORN-E,Affluent,Std
MAC003106,4.89283,1.6873951,0.10218863,0.5372049,0.27857792,4.920404,4.8234515,0.98029584,0.34487098,2,ACORN-E,Affluent,Std
MAC003107,13.939326,4.3890557,0.29126891,1.4639326,0.21872413,13.736308,14.449054,1.0518878,0.31486857,1,ACORN-M,Adversity,Std
MAC003108,9.145885,1.5446056,0.19095363,0.6147385,0.36614755,9.0119295,9.482936,1.0522648,0.1688853,2,ACORN-Q,Adversity,Std
MAC003109,10.941991,2.6235893,0.22847483,0.9241162,0.26705903,11.024515,10.734349,0.97367996,0.23977257,1,ACORN-L,Adversity,Std
MAC003110,7.903702,2.617236,0.16494152,0.6699342,0.29804406,7.7494316,8.291865,1.0699966,0.33114052,2,ACORN-A,Affluent,Std
MAC003111,7.012136,2.1206844,0.14637974,0.69585323,0.26093027,6.8538036,7.410522,1.0812277,0.30243057,2,ACORN-E,Affluent,ToU
MAC003112,16.55637,4.3913956,0.34570414,0.88487613,0.44004095,16.875679,15.752941,0.9334701,0.26523903,1,ACORN-N,Adversity,Std
MAC003113,12.941767,5.3437314,0.27137306,1.0782863,0.27050388,12.880024,13.097962,1.0169207,0.41290587,1,ACORN-E,Affluent,Std
MAC003114,11.084404,3.8012488,0.23138393,1.0299664,0.25531033,12.112707,8.497059,0.7014996,0.3429367,1,ACORN-E,Affluent,Std
MAC003115,7.5259356,4.338465,0.15706567,0.7901746,0.28675854,7.748381,6.96743,0.89921105,0.5764685,2,ACORN-E,Affluent,Std
MAC003116,7.239657,1.3582889,0.15110302,0.7667963,0.22380982,7.1786857,7.393897,1.0299792,0.18761785,2,ACORN-H,Comfortable,ToU
MAC003117,9.823557,2.5429862,0.20533052,0.93206733,0.26244888,9.944013,9.5204735,0.9574076,0.25886613,2,ACORN-Q,Adversity,Std
MAC003118,10.806689,3.4119763,0.22614324,0.6752818,0.3518793,10.200145,12.341082,1.2098927,0.3157282,2,ACORN-F,Comfortable,Std
MAC003119,10.431228,2.6135619,0.21795799,0.5725926,0.43572184,10.236075,10.921209,1.0669333,0.2505517,2,ACORN-H,Comfortable,Std
MAC003120,9.844326,3.070242,0.20557618,0.91477525,0.24742621,9.621331,10.405409,1.0814936,0.31187934,2,ACORN-H,Comfortable,ToU
MAC003121,11.2240715,4.0067,0.23436949,0.7640428,0.378807,10.97597,11.848329,1.079479,0.35697386,1,ACORN-F,Comfortable,Std
MAC003122,15.734886,8.287278,0.3284044,0.9998239,0.35205656,16.43636,13.973661,0.8501677,0.5266818,1,ACORN-E,Affluent,Std
MAC003123,10.794202,4.0641303,0.22534302,0.9595651,0.2651499,11.303366,9.515818,0.841857,0.3765105,1,ACORN-Q,Adversity,Std
MAC003124,11.883025,4.3725247,0.24834158,1.4071531,0.2560435,12.050212,11.460086,0.95102775,0.36796394,1,ACORN-E,Affluent,ToU
MAC003125,6.244127,2.4893007,0.1305147,0.42519417,0.39262658,6.2322993,6.273887,1.006673,0.39866275,2,ACORN-F,Comfortable,Std
MAC003126,12.980976,2.7740476,0.2719483,0.8698699,0.33423775,12.286684,14.737346,1.1994567,0.21370101,1,ACORN-F,Comfortable,Std
MAC003127,13.472984,4.3240914,0.28127205,1.2226025,0.26630288,12.694194,15.432522,1.215715,0.32094532,1,ACORN-L,Adversity,Std
MAC003128,12.107474,2.7951386,0.25312948,0.8263532,0.32155997,11.950641,12.502086,1.0461435,0.23086059,1,ACORN-H,Comfortable,Std
MAC003129,8.147343,2.591138,0.17008004,0.84802294,0.21931283,7.8180747,8.975822,1.1480861,0.31803474,2,ACORN-M,Adversity,Std
MAC003130,14.239347,6.708773,0.29829195,1.0391287,0.2851787,14.349063,13.9638815,0.97315633,0.4711433,1,ACORN-E,Affluent,Std
MAC003131,7.154011,1.804422,0.14950505,0.5234862,0.314769,7.058776,7.3936343,1.0474386,0.25222522,2,ACORN-Q,Adversity,Std
MAC003132,10.307474,1.8585312,0.21550374,0.67828375,0.3545502,10.113118,10.794409,1.0673671,0.18030909,2,ACORN-F,Comfortable,Std
MAC003133,19.208508,11.382706,0.4014265,1.4285551,0.28943226,18.963755,19.824339,1.0453805,0.5925867,1,ACORN-H,Comfortable,Std
MAC003134,8.3039665,2.8240504,0.17340626,0.43184558,0.44578987,7.756357,9.681823,1.2482436,0.34008452,2,ACORN-Q,Adversity,Std
MAC003135,11.373901,5.6159782,0.237733,1.6262891,0.18063433,11.223182,11.7507,1.0470026,0.49376005,1,ACORN-E,Affluent,ToU
MAC003136,14.260141,7.847455,0.2973448,1.7948285,0.1688394,13.915708,15.121223,1.0866299,0.550307,1,ACORN-O,Adversity,Std
MAC003137,16.293139,5.476024,0.3405479,1.1185261,0.33092034,15.752353,17.6451,1.1201564,0.33609387,1,ACORN-C,Affluent,Std
MAC003138,7.1679745,4.8398533,0.1501652,0.9127933,0.20157318,7.051927,7.458094,1.0575966,0.6752052,2,ACORN-Q,Adversity,Std
MAC003139,7.5497766,1.6460953,0.15764418,0.51100004,0.32086208,7.3741975,7.9887238,1.0833347,0.21803232,2,ACORN-M,Adversity,Std
MAC003140,18.91528,11.215982,0.39802253,1.2819462,0.3043328,18.377302,20.260223,1.1024591,0.59295887,1,ACORN-G,Comfortable,ToU
MAC003141,11.29885,2.4962587,0.23618771,0.73846555,0.3450268,11.014901,12.008723,1.0902252,0.22093034,1,ACORN-E,Affluent,Std
MAC003142,5.566773,2.0633996,0.11630254,0.48023194,0.27696523,5.312063,6.203547,1.1678225,0.3706635,2,ACORN-H,Comfortable,Std
MAC003143,12.278023,6.5082626,0.25600892,0.82668906,0.31687748,12.356216,12.082541,0.9778512,0.5300742,1,ACORN-M,Adversity,Std
MAC003144,19.107422,6.0637364,0.40029943,1.0895227,0.42182907,19.156654,18.98434,0.991005,0.3173498,1,ACORN-K,Adversity,Std
MAC003145,3.877723,2.9138606,0.08112434,0.42258152,0.23934747,3.8880775,3.8518353,0.9906786,0.751436,2,ACORN-H,Comfortable,ToU
MAC003146,6.9392605,4.132886,0.14700288,0.5848101,0.30940825,6.815741,7.2480593,1.0634294,0.59558016,2,ACORN-D,Affluent,Std
MAC003147,23.995182,10.78355,0.5004327,1.8765445,0.26413947,23.265337,25.819786,1.1097964,0.4494048,0,ACORN-E,Affluent,Std
MAC003148,11.959577,11.870054,0.25003007,0.9003378,0.29046017,11.736692,12.5167885,1.0664665,0.9925146,1,ACORN-E,Affluent,Std
MAC003149,3.461299,1.559392,0.07255431,0.42106554,0.21785982,3.0695953,4.440559,1.4466268,0.45052218,2,ACORN-K,Adversity,Std
MAC003150,5.5137563,2.146125,0.11503059,0.6219244,0.21695241,5.1270895,6.4804235,1.2639575,0.38923103,2,ACORN-E,Affluent,Std
MAC003151,10.407252,2.790316,0.2171536,0.9498218,0.25060773,10.172508,10.994112,1.080767,0.26811266,1,ACORN-J,Comfortable,ToU
MAC003152,4.592271,2.0696037,0.09591109,0.5247529,0.21417765,4.1778965,5.628206,1.3471386,0.45067108,2,ACORN-F,Comfortable,Std
MAC003153,18.50403,4.800696,0.386322,1.0757781,0.36528695,18.458979,18.616653,1.008542,0.25944057,1,ACORN-E,Affluent,Std
MAC003154,2.8919933,1.0874124,0.060313128,0.52692604,0.15996633,3.0395436,2.5231175,0.8300975,0.3760079,2,ACORN-H,Comfortable,Std
MAC003155,7.386746,2.2369745,0.15488057,0.57590413,0.34684247,7.2865644,7.6401477,1.0485253,0.30283627,2,ACORN-Q,Adversity,ToU
MAC003156,0.51559436,1.518318,0.010742659,0.105515495,0.08435021,0.6547431,0.17045097,0.2603326,2.9447918,2,ACORN-E,Affluent,ToU
MAC003157,18.52531,6.947175,0.38673776,1.0392236,0.3959653,18.493965,18.603676,1.0059322,0.37500992,1,ACORN-C,Affluent,ToU
MAC003158,12.034477,8.0483265,0.2508599,0.954926,0.25857615,11.820134,12.570335,1.0634681,0.6687724,1,ACORN-E,Affluent,Std
MAC003159,4.0240726,1.6400015,0.08404871,0.8383909,0.19533113,4.0823545,3.8773274,0.94977725,0.40754768,2,ACORN-E,Affluent,Std
MAC003160,8.551771,4.751064,0.17840564,0.7964227,0.23039259,8.490924,8.704249,1.025124,0.5555649,2,ACORN-E,Affluent,Std
MAC003161,7.2503185,1.8484713,0.1521149,0.7045124,0.27643347,7.2683506,7.2041764,0.99117076,0.25495034,2,ACORN-Q,Adversity,Std
MAC003162,16.099493,3.9805017,0.3358382,1.3360757,0.26214942,15.815945,16.810072,1.062856,0.24724391,1,ACORN-K,Adversity,Std
MAC003163,10.79061,5.241456,0.22531223,1.0623766,0.2323261,10.393896,11.794488,1.1347514,0.4857423,1,ACORN-U,ACORN-U,Std
MAC003164,9.612953,3.5806642,0.2005938,0.6634291,0.40410128,9.599531,9.646835,1.0049278,0.37248325,2,ACORN-L,Adversity,Std
MAC003165,15.997201,9.687177,0.3379932,0.75257736,0.43482026,16.126791,15.67244,0.9718263,0.60555446,1,ACORN-K,Adversity,ToU
MAC003166,23.76296,9.882367,0.49729407,2.1221523,0.24893284,22.385351,27.240585,1.2168933,0.41587272,0,ACORN-A,Affluent,Std
MAC003167,8.79,4.2908716,0.18364261,0.7207074,0.26701435,8.766992,8.848307,1.0092751,0.48815376,2,ACORN-N,Adversity,Std
MAC003168,10.907715,3.0328557,0.22770806,0.9640713,0.2459846,10.6191845,11.630844,1.0952672,0.27804685,1,ACORN-Q,Adversity,Std
MAC003169,3.3200917,0.7835293,0.069265224,0.33337757,0.23877756,3.320321,3.3195133,0.9997567,0.23599628,2,ACORN-G,Comfortable,Std
MAC003170,15.451671,3.988175,0.32221237,1.1438448,0.2931254,14.982684,16.633394,1.1101745,0.25810638,1,ACORN-H,Comfortable,ToU
MAC003171,12.396744,6.2225223,0.25933936,0.8070131,0.3491801,13.402754,9.861862,0.7358087,0.5019481,1,ACORN-H,Comfortable,Std
MAC003172,5.6629853,1.1247873,0.11823548,0.5022916,0.27746207,5.582376,5.8660984,1.0508246,0.19862092,2,ACORN-L,Adversity,Std
MAC003173,12.910782,5.222041,0.26964143,0.98015696,0.32763088,12.951326,12.808619,0.98898125,0.40447134,1,ACORN-B,Affluent,Std
MAC003174,15.29426,6.8550234,0.3199071,0.9451383,0.34351546,15.321934,15.224525,0.99364257,0.4482089,1,ACORN-G,Comfortable,Std
MAC003175,11.574114,3.7269297,0.24159344,1.3544431,0.21296042,11.232782,12.434177,1.1069543,0.32200563,1,ACORN-L,Adversity,ToU
MAC003176,13.625287,5.144455,0.28436902,1.0480505,0.3283237,13.310707,14.417948,1.0831842,0.37756673,1,ACORN-I,Comfortable,Std
MAC003177,9.068929,2.4511776,0.1898287,1.1950693,0.1793947,8.893822,9.509,1.0691692,0.27028304,2,ACORN-N,Adversity,Std
MAC003178,4.1349216,0.7900992,0.08632714,0.26697192,0.36274892,4.1964974,3.9801712,0.94845074,0.19107962,2,ACORN-L,Adversity,ToU
MAC003179,3.2712865,0.5468191,0.06822756,0.30965355,0.25013882,3.4139764,2.9126842,0.85316473,0.1671572,2,ACORN-M,Adversity,Std
MAC003180,16.8479,4.6664762,0.35174552,1.1601778,0.32109606,15.666767,19.816277,1.2648606,0.27697673,1,ACORN-J,Comfortable,ToU
MAC003181,8.066067,4.480147,0.16829318,0.92748123,0.19826107,7.412045,9.70973,1.3099934,0.5554314,2,ACORN-L,Adversity,Std
MAC003182,21.475033,8.158121,0.4491864,1.5807397,0.33163774,21.401115,21.660803,1.0121343,0.37988865,1,ACORN-A,Affluent,Std
MAC003183,13.415097,5.690161,0.28072843,0.9193108,0.34792006,13.43517,13.364652,0.9947512,0.42416102,1,ACORN-H,Comfortable,Std
MAC003184,13.884032,4.7564774,0.2901901,1.3279756,0.23358043,13.049903,15.980329,1.2245554,0.34258616,1,ACORN-C,Affluent,Std
MAC003185,15.00696,2.8889105,0.31351694,1.4730057,0.2573497,14.709826,15.753704,1.0709647,0.19250472,1,ACORN-M,Adversity,ToU
MAC003186,18.509974,3.8893306,0.38845372,1.5540599,0.2672922,18.285448,19.074244,1.0431379,0.21012081,1,ACORN-I,Comfortable,Std
MAC003187,7.6143017,2.2028131,0.15911786,0.5065731,0.34051594,7.603442,7.641592,1.0050174,0.28929943,2,ACORN-G,Comfortable,Std
MAC003188,21.880705,11.146856,0.45742622,1.3602734,0.36049116,21.530289,22.761362,1.0571786,0.50943774,1,ACORN-H,Comfortable,Std
MAC003189,9.775928,7.367891,0.20404449,0.7393914,0.31474778,9.608982,10.195487,1.0610372,0.7536769,1,ACORN-L,Adversity,Std
MAC003190,10.037271,0.96738344,0.2094921,0.53042215,0.4376846,10.009515,10.106842,1.0097234,0.09637913,2,ACORN-H,Comfortable,Std
MAC003191,11.121435,2.3763576,0.23251903,0.69108254,0.403458,10.875406,11.738125,1.0793275,0.21367364,2,ACORN-L,Adversity,Std
MAC003192,13.137679,4.549994,0.27475303,1.0022026,0.33386293,13.044889,13.370263,1.0249426,0.34633166,1,ACORN-L,Adversity,Std
MAC003193,15.296678,4.076218,0.31936988,0.94406754,0.36418816,14.795037,16.55408,1.1188941,0.26647735,1,ACORN-L,Adversity,Std
MAC003194,9.370593,2.8048525,0.1956119,0.82361346,0.28255084,9.278299,9.601934,1.0348809,0.29932496,2,ACORN-M,Adversity,Std
MAC003195,14.884911,3.5580769,0.31079793,1.104651,0.29547608,14.843019,14.989915,1.0098966,0.23903918,1,ACORN-H,Comfortable,Std
MAC003196,8.472321,3.5107133,0.17673811,0.68978095,0.26443332,8.333617,8.8190775,1.0582533,0.41437447,2,ACORN-A,Affluent,ToU
MAC003197,16.453419,6.7269373,0.34607062,0.90410906,0.38147447,16.072779,17.38123,1.0814079,0.4088474,1,ACORN-L,Adversity,Std
MAC003198,8.309076,3.5569892,0.17332019,1.0255779,0.2015886,7.677013,9.893394,1.2887037,0.4280848,2,ACORN-H,Comfortable,ToU
MAC003199,19.683895,6.068134,0.4109441,1.3271877,0.3406689,19.021881,21.343288,1.1220388,0.30827913,1,ACORN-M,Adversity,Std
MAC003200,11.22049,2.7550025,0.23467162,0.6880659,0.41073465,11.219795,11.222216,1.0002158,0.24553317,2,ACORN-J,Comfortable,Std
MAC003201,10.823952,3.701788,0.22587588,1.1182382,0.21956146,10.331128,12.05925,1.1672733,0.34199968,1,ACORN-C,Affluent,ToU
MAC003202,9.009687,1.8002608,0.1889216,0.9887771,0.2026124,8.764036,9.602457,1.095666,0.1998139,2,ACORN-J,Comfortable,ToU
MAC003203,10.114144,3.2531893,0.21170703,0.62581426,0.40235725,10.051412,10.271388,1.0218852,0.3216475,2,ACORN-N,Adversity,Std
MAC003204,7.0496354,1.587542,0.14901838,0.3979906,0.3849435,6.7375016,7.837205,1.1632212,0.22519492,2,ACORN-C,Affluent,Std
MAC003205,4.436996,1.8169096,0.09275535,0.4654953,0.22917205,3.9050133,5.770454,1.477704,0.4094909,2,ACORN-N,Adversity,Std
MAC003206,4.6094484,2.9812512,0.098096296,0.44058162,0.24998085,4.498929,4.8864737,1.0861416,0.64676964,2,ACORN-H,Comfortable,Std
MAC003207,3.4367783,3.520014,0.07199103,0.32427847,0.41805205,3.3582544,3.6402273,1.0839641,1.0242192,2,ACORN-O,Adversity,Std
MAC003208,9.249935,3.5503514,0.19303253,0.9949641,0.28558654,9.429544,8.794927,0.932699,0.38382447,2,ACORN-H,Comfortable,Std
MAC003209,6.103309,1.0474212,0.12736255,0.36253583,0.3707611,5.8957815,6.6290464,1.1243712,0.1716153,2,ACORN-N,Adversity,Std
MAC003210,15.527041,4.461693,0.32527024,0.9655245,0.36494303,15.669345,15.16654,0.96791154,0.28734985,1,ACORN-H,Comfortable,Std
MAC003211,15.782136,4.393093,0.32951593,1.2743245,0.28339475,15.515545,16.4575,1.0607104,0.27835858,1,ACORN-A,Affluent,ToU
MAC003212,12.339673,4.5719185,0.2578671,0.7347811,0.37900332,12.5132885,11.899847,0.9509768,0.37050563,1,ACORN-A,Affluent,Std
MAC003213,14.712424,4.392506,0.30732733,1.3764831,0.25264418,14.504374,15.239488,1.0506822,0.2985576,1,ACORN-J,Comfortable,Std
MAC003214,12.868606,7.2967772,0.26966453,0.97955656,0.32668093,12.8505945,12.914233,1.0049522,0.5670216,1,ACORN-J,Comfortable,Std
MAC003215,9.516707,2.573281,0.20080924,0.705761,0.32251123,9.250984,10.196382,1.1021942,0.27039614,2,ACORN-N,Adversity,Std
MAC003216,13.355245,2.4678557,0.27887505,0.8315717,0.39807835,13.316713,13.45286,1.0102237,0.18478552,1,ACORN-H,Comfortable,Std
MAC003217,5.7103224,1.4606005,0.11928346,0.83212644,0.15830061,5.633195,5.905713,1.0483772,0.25578249,2,ACORN-N,Adversity,Std
MAC003218,90.97975,25.341055,1.9276676,6.0790915,0.3156441,90.78453,91.484634,1.0077116,0.2785351,0,ACORN-U,ACORN-U,Std
MAC003219,7.6913867,1.43568,0.16084526,0.7094585,0.27192742,7.5674844,8.005274,1.0578514,0.18666075,2,ACORN-H,Comfortable,Std
MAC003220,13.280181,3.3343866,0.27812105,0.90620756,0.3312093,13.150373,13.609027,1.0348777,0.25107992,1,ACORN-C,Affluent,Std
MAC003221,5.5800414,2.0326161,0.119143866,0.33657765,0.41696742,5.3926525,6.061176,1.1239693,0.3642654,2,ACORN-A,Affluent,ToU
MAC003222,11.495492,3.3669682,0.24073876,0.7059792,0.37939656,11.428932,11.664113,1.0205777,0.29289466,1,ACORN-H,Comfortable,Std
MAC003223,19.154083,5.147319,0.4000318,1.7690943,0.2406714,19.295216,18.796547,0.97415584,0.2687322,1,ACORN-A,Affluent,Std
MAC003224,15.79469,6.250177,0.32958698,0.85503775,0.3803863,15.649874,16.16156,1.0326959,0.3957138,1,ACORN-L,Adversity,Std
MAC003225,12.304521,3.0291848,0.25783888,0.900417,0.30734304,12.074214,12.887966,1.0673959,0.2461847,1,ACORN-B,Affluent,Std
MAC003226,17.199795,5.1527886,0.35914174,1.3994038,0.28731272,16.916708,17.916954,1.0591277,0.2995843,1,ACORN-M,Adversity,Std
MAC003227,8.336313,1.1692791,0.17410718,0.74454904,0.2972075,8.139387,8.835194,1.0854863,0.14026333,2,ACORN-N,Adversity,Std
MAC003228,15.305437,11.43708,0.31959593,0.710683,0.4231094,15.130253,15.74924,1.0409106,0.74725604,1,ACORN-G,Comfortable,Std
MAC003229,13.0451565,4.3392463,0.27311856,1.0105981,0.31118178,13.340913,12.295907,0.92166907,0.33263275,1,ACORN-D,Affluent,Std
MAC003230,11.292651,8.755739,0.23557368,0.5573698,0.4030066,11.1819315,11.573139,1.0349857,0.7753484,1,ACORN-G,Comfortable,Std
MAC003231,20.484362,4.3086915,0.42735314,1.3462656,0.3428885,20.2651,21.036976,1.0380889,0.21034053,1,ACORN-C,Affluent,Std
MAC003232,11.9804535,4.474941,0.25022545,1.1282641,0.23489876,11.582458,12.988707,1.1214119,0.37352014,1,ACORN-N,Adversity,Std
MAC003233,8.534002,2.221905,0.17855383,1.0885131,0.1910337,7.9038844,10.1303005,1.2816863,0.26035908,2,ACORN-L,Adversity,Std
MAC003234,6.87713,1.9714619,0.14357038,0.6632207,0.26344213,6.61391,7.5439534,1.1406193,0.28666928,2,ACORN-G,Comfortable,Std
MAC003235,23.892347,7.6601357,0.49936643,1.2513528,0.40282762,23.290808,25.416246,1.0912565,0.32061043,1,ACORN-C,Affluent,Std
MAC003236,7.8578787,2.767288,0.16391058,0.90685445,0.25349024,7.7842793,8.04384,1.0333443,0.3521673,2,ACORN-H,Comfortable,Std
MAC003237,12.039103,5.4033494,0.251382,1.0856237,0.26243997,11.461253,13.499133,1.177806,0.44881663,1,ACORN-H,Comfortable,Std
MAC003238,9.600315,2.423356,0.20074427,0.7767108,0.29572192,8.997746,11.122807,1.236177,0.25242463,2,ACORN-J,Comfortable,ToU
MAC003239,7.5684137,2.1405253,0.15795045,0.55104727,0.3179588,7.6425934,7.380986,0.9657698,0.2828235,2,ACORN-A,Affluent,Std
MAC003240,11.568425,2.0820909,0.2416989,0.76745176,0.357202,11.269502,12.323707,1.093545,0.17998049,1,ACORN-H,Comfortable,Std
MAC003241,13.632321,2.9319792,0.2850165,0.738104,0.40764105,13.305494,14.458107,1.0866268,0.21507557,1,ACORN-H,Comfortable,Std
MAC003242,8.17383,1.5773551,0.17067981,0.667327,0.29112828,7.9524803,8.733107,1.0981613,0.19297627,2,ACORN-L,Adversity,Std
MAC003243,14.862694,3.2750294,0.31066215,0.89279777,0.3670592,14.391921,16.05218,1.1153604,0.22035235,1,ACORN-N,Adversity,Std
MAC003244,15.793731,5.1053877,0.32958817,1.1222477,0.31159508,16.021841,15.217373,0.9497893,0.32325408,1,ACORN-G,Comfortable,Std
MAC003245,10.390251,4.1241083,0.21746145,0.7692628,0.3114013,10.607098,9.842354,0.92790264,0.39692095,2,ACORN-J,Comfortable,ToU
MAC003246,2.1767566,1.9778615,0.04585677,0.2617828,0.2697713,2.072131,2.4396973,1.1773857,0.90862775,2,ACORN-P,Adversity,Std
MAC003247,16.57911,5.979143,0.34594765,1.9967239,0.19320671,15.980792,18.090858,1.1320376,0.3606432,1,ACORN-G,Comfortable,ToU
MAC003248,5.50162,1.7963207,0.11519201,0.46348584,0.31452358,5.640689,5.15024,0.9130516,0.3265076,2,ACORN-I,Comfortable,Std
MAC003249,15.569318,4.150947,0.32504642,1.1287731,0.30070055,15.292675,16.268301,1.063797,0.2666107,1,ACORN-N,Adversity,Std
MAC003250,12.567806,4.2219415,0.26292595,0.8889025,0.30883208,12.254115,13.355194,1.0898538,0.33593306,1,ACORN-H,Comfortable,Std
MAC003251,2.1488695,0.40611592,0.044871215,0.16738942,0.2909958,2.1351266,2.1835933,1.0226997,0.1889905,2,ACORN-M,Adversity,Std
MAC003252,12.773311,3.9034507,0.2693806,1.197933,0.26119253,12.616598,13.165617,1.0435156,0.3055943,1,ACORN-A,Affluent,Std
MAC003253,18.01983,3.8517592,0.37589553,1.2522974,0.32445812,18.042048,17.963846,0.9956656,0.21375114,1,ACORN-L,Adversity,Std
MAC003254,11.657644,2.1136203,0.2434717,1.6452373,0.15102686,11.727852,11.480553,0.9789135,0.18130767,1,ACORN-L,Adversity,Std
MAC003255,18.521746,5.881467,0.38633904,1.1250454,0.35502446,18.34296,18.97228,1.0343086,0.31754386,1,ACORN-G,Comfortable,Std
MAC003256,12.16215,3.7929597,0.2537352,1.067894,0.26236862,11.902783,12.815754,1.0767022,0.31186587,1,ACORN-H,Comfortable,ToU
MAC003257,52.834423,18.958452,1.1032374,2.349627,0.52125955,52.866253,52.75422,0.9978808,0.35882765,0,ACORN-A,Affluent,ToU
MAC003258,4.0996423,1.6512733,0.08557782,0.36917236,0.29268578,4.0750847,4.1615267,1.0212123,0.4027847,2,ACORN-L,Adversity,Std
MAC003259,13.816566,3.716609,0.28892156,1.4752272,0.20741166,13.33159,15.038706,1.1280504,0.26899657,1,ACORN-G,Comfortable,ToU
MAC003260,16.868011,5.101685,0.35222247,1.2112823,0.30382824,16.822042,16.983852,1.0096189,0.30244732,1,ACORN-C,Affluent,Std
MAC003261,11.905309,4.516806,0.24992432,1.0828542,0.2706753,11.87939,11.970627,1.0076803,0.3793943,1,ACORN-H,Comfortable,Std
MAC003262,9.09307,2.9345298,0.19098298,0.76060414,0.2800605,8.9186535,9.5326,1.0688385,0.32272157,2,ACORN-G,Comfortable,ToU
MAC003263,12.061255,3.131914,0.25170097,0.9672254,0.27713984,11.885614,12.503874,1.0520175,0.2596673,1,ACORN-L,Adversity,Std
MAC003264,17.846657,5.4641094,0.37314063,1.3529848,0.32767245,17.613708,18.432135,1.0464653,0.30616993,1,ACORN-H,Comfortable,Std
MAC003265,3.6797001,2.0615199,0.07701644,0.45087665,0.22917986,3.6784034,3.6829598,1.0012387,0.5602413,2,ACORN-L,Adversity,ToU
MAC003266,4.4161158,1.0220859,0.0922032,0.34357306,0.28094816,4.4260793,4.391073,0.99209094,0.23144455,2,ACORN-G,Comfortable,Std
MAC003267,15.948172,3.4976118,0.33313575,1.4731063,0.24540386,15.396055,17.335827,1.1259915,0.21931115,1,ACORN-L,Adversity,Std
MAC003268,15.404745,4.094197,0.32808018,1.010541,0.3417091,14.706229,17.151033,1.1662427,0.26577505,1,ACORN-O,Adversity,ToU
MAC003269,13.403421,4.4333644,0.27994433,1.0013435,0.31247213,13.135551,14.076667,1.0716465,0.33076364,1,ACORN-J,Comfortable,ToU
MAC003270,8.498865,4.19371,0.17740412,0.7933036,0.2530463,8.212405,9.218833,1.1225497,0.49344352,2,ACORN-L,Adversity,Std
MAC003271,13.936941,4.0597,0.29089633,1.1796052,0.27470958,14.095356,13.538794,0.9605145,0.2912906,1,ACORN-H,Comfortable,Std
MAC003272,21.251917,6.0184207,0.44504017,1.7292088,0.2705699,21.206827,21.36524,1.0074699,0.28319424,1,ACORN-H,Comfortable,ToU
MAC003273,12.916804,6.218769,0.2695037,1.249501,0.2619879,12.395881,14.22606,1.1476442,0.48144796,1,ACORN-E,Affluent,Std
MAC003274,11.601642,4.578481,0.24312888,1.168093,0.22876589,11.031709,13.034073,1.1815099,0.3946408,1,ACORN-G,Comfortable,ToU
MAC003275,9.502625,2.2223263,0.19874898,0.8399772,0.28147313,9.2877035,10.0428,1.0813006,0.23386446,2,ACORN-C,Affluent,Std
MAC003276,21.724749,11.889817,0.4529426,2.3585844,0.1869097,20.888065,23.827608,1.1407284,0.54729366,1,ACORN-G,Comfortable,Std
MAC003277,9.599226,3.1475263,0.20051223,0.98037577,0.2219718,9.3370905,10.2580595,1.0986356,0.32789376,2,ACORN-L,Adversity,ToU
MAC003278,26.489983,5.3246694,0.55405426,1.7876585,0.3601915,26.14838,27.348549,1.0458984,0.2010069,0,ACORN-C,Affluent,Std
MAC003279,11.450068,3.5015311,0.23905915,0.69074,0.36917463,11.348493,11.705359,1.0314462,0.30580875,1,ACORN-H,Comfortable,Std
MAC003280,19.967236,3.391209,0.4175174,1.9385324,0.22142889,19.535694,21.048967,1.077462,0.16983868,1,ACORN-M,Adversity,Std
MAC003281,9.366735,6.7276406,0.19538659,0.71802664,0.3220366,9.131096,9.957406,1.090494,0.7182482,2,ACORN-A,Affluent,Std
MAC003282,8.236438,2.9093766,0.17239481,0.8273118,0.23501562,7.716197,9.540507,1.2364261,0.35323238,2,ACORN-N,Adversity,Std
MAC003283,24.006935,7.762353,0.5016787,1.6525037,0.32367483,22.363438,28.126635,1.2577062,0.32333794,1,ACORN-C,Affluent,Std
MAC003284,6.2535267,1.7114241,0.13047841,0.44299048,0.32789978,6.1499095,6.51326,1.0590823,0.27367344,2,ACORN-H,Comfortable,Std
MAC003285,25.975,19.275993,0.5413345,2.3739357,0.20828156,25.209368,27.8827,1.1060452,0.7420979,0,ACORN-J,Comfortable,ToU
MAC003286,13.348386,4.7428813,0.27884644,1.0446959,0.29951367,13.319918,13.419747,1.0074948,0.35531497,1,ACORN-A,Affluent,ToU
MAC003287,6.2885685,2.4296887,0.13158195,0.6451274,0.25401306,6.682389,5.301393,0.793338,0.38636595,2,ACORN-C,Affluent,Std
MAC003288,8.113129,2.370331,0.16925305,0.67555517,0.28569084,8.058859,8.2491665,1.0236148,0.29215991,2,ACORN-C,Affluent,Std
MAC003289,7.826055,2.5861552,0.16347364,1.154808,0.19255203,7.5376463,8.549,1.1341736,0.3304545,2,ACORN-L,Adversity,Std
MAC003290,23.207985,9.633426,0.48423433,1.6080917,0.3595237,23.78264,21.751932,0.91461384,0.415091,1,ACORN-E,Affluent,Std
MAC003291,11.843861,1.9208974,0.24727684,0.94752777,0.28437328,11.759766,12.056939,1.0252703,0.16218507,1,ACORN-L,Adversity,Std
MAC003292,20.195982,5.332885,0.4235913,1.3054894,0.3417335,19.610758,21.678818,1.1054554,0.2640567,1,ACORN-H,Comfortable,Std
MAC003293,17.199444,9.915781,0.35866246,1.1956283,0.3294648,16.154398,19.840298,1.2281669,0.5765175,1,ACORN-H,Comfortable,Std
MAC003294,14.799553,4.2719665,0.30865365,1.4379579,0.2234418,15.025921,14.2259865,0.94676304,0.2886551,1,ACORN-H,Comfortable,Std
MAC003295,11.918283,3.016776,0.24892999,1.9273231,0.14778781,11.557448,12.832561,1.1103282,0.2531217,1,ACORN-G,Comfortable,Std
MAC003296,13.813975,5.285405,0.288285,1.1100574,0.27420375,13.949867,13.469656,0.96557593,0.3826129,1,ACORN-O,Adversity,Std
MAC003297,13.807076,2.1654143,0.2882167,0.84949905,0.35560882,13.611555,14.302487,1.0507607,0.15683366,1,ACORN-L,Adversity,Std
MAC003298,19.732412,39.430065,0.41169435,0.8036692,0.4137135,19.488379,20.350742,1.0442501,1.9982384,0,ACORN-H,Comfortable,ToU
MAC003299,18.875534,5.6297565,0.39405003,1.1950401,0.345142,18.472511,19.896702,1.0770978,0.2982568,1,ACORN-C,Affluent,Std
MAC003300,19.007877,3.7388775,0.39759302,1.1866883,0.34864601,18.46584,20.381283,1.103729,0.19670148,1,ACORN-L,Adversity,Std
MAC003301,12.1645355,4.239231,0.25410166,1.0053843,0.2936124,12.059641,12.430318,1.030737,0.34849098,1,ACORN-O,Adversity,Std
MAC003302,20.507582,7.154055,0.42912647,1.84935,0.24018873,20.259855,21.135263,1.043209,0.34884927,1,ACORN-G,Comfortable,Std
MAC003303,20.219137,4.138323,0.4225282,1.7127457,0.2530679,19.653814,21.65154,1.1016457,0.20467356,1,ACORN-M,Adversity,Std
MAC003304,7.7652597,6.5976386,0.16258512,0.3575717,0.44479716,7.7300906,7.8543715,1.0160775,0.8496353,2,ACORN-G,Comfortable,Std
MAC003305,15.74156,4.8611007,0.3292468,1.0738279,0.35463697,15.882931,15.383359,0.9685466,0.3088068,1,ACORN-A,Affluent,Std
MAC003306,5.4857764,1.49257,0.11448445,0.65846467,0.19320923,5.5713573,5.2689323,0.94571793,0.27208,2,ACORN-H,Comfortable,Std
MAC003307,17.113415,8.150535,0.35757524,1.2833308,0.30090153,17.845188,15.259257,0.85509086,0.47626582,1,ACORN-G,Comfortable,Std
MAC003308,4.4645123,1.4455059,0.09324721,0.4070899,0.2514615,4.461861,4.4712296,1.0020996,0.32377687,2,ACORN-H,Comfortable,ToU
MAC003309,8.735065,2.1634612,0.18241803,0.5467234,0.35434374,8.835075,8.483634,0.960222,0.24767545,2,ACORN-J,Comfortable,Std
MAC003310,5.3480825,1.0649426,0.11188357,0.3799178,0.35429445,5.4549866,5.0772095,0.93074644,0.19912606,2,ACORN-L,Adversity,Std
MAC003311,5.8053555,1.2974285,0.12126028,0.5629771,0.24332927,5.6997466,6.072946,1.0654765,0.22348821,2,ACORN-L,Adversity,Std
MAC003312,8.028869,2.338467,0.16764858,0.7455736,0.26612645,7.9831734,8.144649,1.020227,0.29125732,2,ACORN-E,Affluent,Std
MAC003313,8.837232,1.9884803,0.18547863,0.59882796,0.34110355,8.642115,9.3316145,1.0797837,0.22501168,2,ACORN-C,Affluent,Std
MAC003314,8.238046,4.0301166,0.1723518,0.78082216,0.2332002,7.9977064,8.847013,1.1061938,0.48920783,2,ACORN-H,Comfortable,Std
MAC003315,7.178105,2.0358243,0.14982991,0.65912044,0.29331344,7.093752,7.3918376,1.0420209,0.28361586,2,ACORN-L,Adversity,ToU
MAC003316,20.463833,9.89499,0.42973554,1.3554207,0.3344644,20.153967,21.248966,1.0543317,0.48353553,1,ACORN-L,Adversity,Std
MAC003317,22.24118,5.49241,0.4664953,1.5980268,0.30312982,21.190271,24.90396,1.1752543,0.24694778,1,ACORN-U,ACORN-U,Std
MAC003318,15.54071,6.935656,0.32565352,1.0467356,0.33684048,14.292158,18.695837,1.3081186,0.4462895,1,ACORN-H,Comfortable,Std
MAC003319,23.791134,5.270329,0.4969692,0.96366155,0.5693642,25.786531,18.73523,0.726551,0.22152492,1,ACORN-C,Affluent,Std
MAC003320,19.137102,4.782285,0.39917415,1.2055153,0.35306126,19.15041,19.103474,0.99754906,0.24989599,1,ACORN-H,Comfortable,Std
MAC003321,9.9853325,4.9764934,0.20953903,1.1033671,0.19599175,9.904722,10.189581,1.0287598,0.49838033,1,ACORN-O,Adversity,ToU
MAC003322,15.615495,7.2345996,0.32578775,1.2655584,0.2647871,14.813152,17.648458,1.1914047,0.4632962,1,ACORN-H,Comfortable,Std
MAC003323,18.516375,5.84084,0.3885573,1.002694,0.40950504,18.234833,19.229736,1.0545607,0.31544188,1,ACORN-H,Comfortable,Std
MAC003324,13.89742,3.433461,0.29265353,1.2706432,0.24192172,13.892366,13.910157,1.0012807,0.24705744,1,ACORN-H,Comfortable,Std
MAC003325,12.873991,2.9549713,0.2685176,0.83293873,0.34576842,12.480495,13.85773,1.110351,0.22953032,1,ACORN-L,Adversity,Std
MAC003326,20.671108,3.7872624,0.43198985,1.6613729,0.27273628,20.984837,19.876183,0.9471688,0.18321526,1,ACORN-L,Adversity,Std
MAC003327,2.4894953,3.7345676,0.051967777,0.38946846,0.12143815,3.08632,0.9772703,0.31664583,1.5001304,2,ACORN-H,Comfortable,Std
MAC003328,6.9199543,3.050141,0.14520812,0.6103621,0.27160895,6.843043,7.1143107,1.0396414,0.44077474,2,ACORN-U,ACORN-U,Std
MAC003329,69.62884,12.629685,1.4543258,2.9374328,0.49963823,70.63865,67.07701,0.9495795,0.18138584,0,ACORN-J,Comfortable,Std
MAC003330,18.192608,5.8016114,0.3801123,1.2743965,0.3367517,17.918612,18.885,1.0539321,0.3188994,1,ACORN-H,Comfortable,Std
MAC003331,14.047841,4.5733113,0.29352248,0.9974674,0.31549913,14.644588,12.5398445,0.85627836,0.3255526,1,ACORN-H,Comfortable,ToU
MAC003332,12.493823,3.40344,0.2615622,1.1370671,0.2485026,12.42484,12.668149,1.0195825,0.27240983,1,ACORN-G,Comfortable,Std
MAC003333,10.150749,4.637694,0.21475394,0.9171992,0.29036644,10.037533,10.4368515,1.0397825,0.45688194,1,ACORN-G,Comfortable,ToU
MAC003334,16.21114,4.4376674,0.33834884,1.4187413,0.2735142,15.731169,17.424042,1.1076126,0.27374184,1,ACORN-H,Comfortable,ToU
MAC003335,7.405517,2.0805662,0.15534778,0.73493487,0.22846507,7.5206738,7.1145134,0.94599414,0.28094813,2,ACORN-C,Affluent,Std
MAC003336,8.580754,4.4447923,0.18021078,0.57478833,0.38592234,8.628786,8.458587,0.9802754,0.51799554,2,ACORN-C,Affluent,Std
MAC003337,14.335295,4.8753414,0.29908863,1.0941131,0.29423508,14.4197645,14.122141,0.97936004,0.34009355,1,ACORN-J,Comfortable,ToU
MAC003338,5.9461055,1.7256937,0.124006525,0.5884472,0.25363424,6.02166,5.755689,0.955831,0.29022253,2,ACORN-L,Adversity,ToU
MAC003339,17.239033,5.0465193,0.35974103,1.6091651,0.24459437,17.405062,16.820595,0.9664197,0.29273796,1,ACORN-C,Affluent,Std
MAC003340,11.409441,3.8449004,0.23872899,0.8261977,0.32712895,11.376113,11.49344,1.0103134,0.3369929,1,ACORN-H,Comfortable,Std
MAC003341,9.234004,1.9457425,0.192871,0.8267236,0.26997328,9.283177,9.110074,0.981353,0.21071492,2,ACORN-J,Comfortable,Std
MAC003342,9.850182,3.5123394,0.20575668,1.2406602,0.18536326,9.903539,9.71571,0.98103416,0.3565761,1,ACORN-G,Comfortable,Std
MAC003343,17.75509,5.634124,0.37515402,1.3031955,0.34749168,16.634329,20.544262,1.2350521,0.31732443,1,ACORN-I,Comfortable,Std
MAC003344,32.40019,14.732603,0.6769199,1.5024837,0.45139226,32.54665,32.031075,0.9841589,0.45470732,0,ACORN-J,Comfortable,Std
MAC003345,13.103298,4.7455993,0.27377135,1.0739858,0.27153036,12.597643,14.375867,1.1411552,0.3621683,1,ACORN-L,Adversity,Std
MAC003346,4.7828975,1.6050351,0.10201376,0.59436363,0.23788957,4.953873,4.3520403,0.8785127,0.33557796,2,ACORN-L,Adversity,Std
MAC003347,26.796803,5.1640005,0.56037873,1.9134876,0.2980216,26.486578,27.57911,1.0412484,0.19270958,0,ACORN-L,Adversity,ToU
MAC003348,11.7326565,4.691869,0.24474946,0.98537076,0.28409696,11.77604,11.622817,0.9869886,0.39989826,1,ACORN-A,Affluent,Std
MAC003349,20.640184,5.4649982,0.43093497,1.4279981,0.33355686,19.623817,23.201702,1.1823236,0.26477468,1,ACORN-C,Affluent,Std
MAC003350,14.752794,3.8437436,0.30810276,0.8569558,0.39801764,14.204488,16.134676,1.1358858,0.26054344,1,ACORN-L,Adversity,Std
MAC003351,4.1961765,1.2522548,0.08774723,0.50542414,0.2060236,4.151035,4.309946,1.0382823,0.29842758,2,ACORN-L,Adversity,Std
MAC003352,34.364902,9.469665,0.7184712,1.6946199,0.44175825,34.61764,33.727917,0.97429854,0.2755621,0,ACORN-H,Comfortable,Std
MAC003353,32.58772,7.4720283,0.6888268,2.8448038,0.25939256,32.669674,32.377365,0.99105257,0.2292897,0,ACORN-J,Comfortable,Std
MAC003354,22.926052,7.6185775,0.4791353,1.2854184,0.40066323,22.534939,23.91177,1.0610976,0.33231091,1,ACORN-H,Comfortable,Std
MAC003355,18.614965,7.1925592,0.3889563,1.476787,0.29220316,18.678204,18.455587,0.9880815,0.38638586,1,ACORN-B,Affluent,Std
MAC003356,33.41458,18.300304,0.6980297,1.5228925,0.4671292,33.31424,33.66747,1.010603,0.54767424,0,ACORN-J,Comfortable,Std
MAC003357,18.76774,5.9132576,0.39356825,1.4591938,0.2844706,18.518494,19.395905,1.0473802,0.31507564,1,ACORN-C,Affluent,Std
MAC003358,6.9319286,1.9935625,0.14480563,0.5858426,0.31623557,7.158914,6.3598647,0.888384,0.2875913,2,ACORN-C,Affluent,ToU
MAC003359,4.8734517,1.2969203,0.1027004,0.3336844,0.3292597,4.510841,5.7964616,1.2850069,0.26611945,2,ACORN-G,Comfortable,Std
MAC003360,5.618192,1.9858432,0.11721813,0.54208463,0.2539874,5.783734,5.202101,0.8994365,0.35346657,2,ACORN-M,Adversity,ToU
MAC003361,8.450548,1.6511232,0.17635249,0.72216344,0.26716495,8.33915,8.730547,1.0469348,0.19538651,2,ACORN-J,Comfortable,Std
MAC003362,3.1026788,1.7218753,0.06484164,0.10082885,0.71254444,3.071492,3.1810677,1.035675,0.55496407,2,ACORN-E,Affluent,Std
MAC003363,11.44384,8.949569,0.23936708,0.7374077,0.3561236,11.363976,11.644581,1.0246925,0.78204244,1,ACORN-G,Comfortable,Std
MAC003364,23.606588,7.483968,0.4927019,1.6780558,0.30838194,22.618387,26.090446,1.153506,0.31702876,1,ACORN-D,Affluent,Std
MAC003365,4.6674848,1.0553129,0.097582765,0.6786654,0.15836217,4.4427094,5.2324595,1.1777632,0.22609884,2,ACORN-C,Affluent,ToU
MAC003366,4.884375,2.37068,0.10195098,0.69268465,0.1885967,4.946328,4.7286553,0.95599306,0.48535997,2,ACORN-C,Affluent,ToU
MAC003367,3.8828769,1.5049466,0.08102877,0.43568078,0.2072834,3.6557689,4.4537163,1.2182708,0.38758546,2,ACORN-J,Comfortable,Std
MAC003368,7.472335,5.5264764,0.15598103,0.73827505,0.27761474,7.609387,7.1278515,0.9367182,0.73959166,2,ACORN-C,Affluent,Std
MAC003369,11.28794,4.1089234,0.2361447,1.3561385,0.20203419,11.431631,10.92677,0.9558365,0.36401004,1,ACORN-L,Adversity,Std
MAC003370,6.025129,1.6884576,0.1256769,0.6077366,0.24021986,5.703078,6.834608,1.1984069,0.28023595,2,ACORN-G,Comfortable,Std
MAC003371,11.296086,3.309715,0.23591532,0.83856153,0.2967669,10.463908,13.387777,1.2794242,0.29299662,1,ACORN-J,Comfortable,Std
MAC003372,9.860902,1.7352673,0.20595884,1.3577923,0.1697972,9.870564,9.836615,0.9965605,0.1759745,1,ACORN-H,Comfortable,ToU
MAC003373,2.519106,0.54194164,0.052643914,0.349625,0.18304434,2.4843037,2.606581,1.04922,0.21513253,2,ACORN-O,Adversity,Std
MAC003374,17.397192,5.118213,0.3636501,1.727127,0.22448213,17.323662,17.582012,1.0149132,0.29419765,1,ACORN-L,Adversity,Std
MAC003375,10.453908,1.835699,0.21858689,0.6516711,0.36311907,10.325032,10.777838,1.0438551,0.1755993,2,ACORN-H,Comfortable,Std
MAC003376,6.7572885,1.9207757,0.14156152,0.8837404,0.18037291,7.250331,5.51802,0.7610715,0.28425243,2,ACORN-O,Adversity,Std
MAC003377,6.980469,1.7370168,0.14580418,0.7822596,0.19884361,6.6356616,7.847149,1.1825722,0.24883954,2,ACORN-M,Adversity,Std
MAC003378,6.2881002,2.4561138,0.13143015,0.5518134,0.28324142,6.271785,6.329108,1.0091399,0.3905971,2,ACORN-E,Affluent,Std
MAC003379,3.0488229,0.7973926,0.063679405,0.5516961,0.12965004,2.919476,3.373939,1.155666,0.26154113,2,ACORN-O,Adversity,ToU
MAC003380,13.986221,2.2207122,0.2920118,0.8095538,0.38634804,13.481937,15.253743,1.1314207,0.15877856,1,ACORN-L,Adversity,Std
MAC003381,10.924558,2.350667,0.22815198,0.8600019,0.2803114,10.665874,11.574763,1.0852147,0.21517274,1,ACORN-N,Adversity,Std
MAC003382,5.3288307,2.5129335,0.11130774,0.65778655,0.20251124,5.1627927,5.7461686,1.1129962,0.47157314,2,ACORN-H,Comfortable,Std
MAC003383,17.084288,2.6979008,0.3580724,1.1835425,0.31532568,17.112803,17.01205,0.9941125,0.15791708,1,ACORN-J,Comfortable,Std
MAC003384,3.9429865,1.5886606,0.08235717,0.56676537,0.17411144,3.7313225,4.475007,1.1993085,0.40290794,2,ACORN-N,Adversity,Std
MAC003385,8.5382395,1.2970669,0.17817754,0.44588247,0.411468,8.597493,8.389703,0.9758313,0.15191269,2,ACORN-G,Comfortable,Std
MAC003386,11.397518,3.6122255,0.23782621,1.0140058,0.26185712,10.8211565,12.842318,1.1867787,0.3169309,1,ACORN-M,Adversity,Std
MAC003387,3.5473545,0.86456335,0.074215166,0.4014624,0.20291224,3.5594475,3.5170403,0.988086,0.24372059,2,ACORN-C,Affluent,ToU
MAC003388,28.847567,10.477387,0.60180604,1.9306301,0.3233755,27.02864,33.407166,1.2359914,0.3631983,0,ACORN-A,Affluent,Std
MAC003389,12.48008,2.6225412,0.26065755,0.6330925,0.45187187,12.431665,12.601439,1.0136566,0.21013817,1,ACORN-H,Comfortable,Std
MAC003390,5.263048,3.2910817,0.10991537,0.5715164,0.24772418,5.2414474,5.317196,1.0144519,0.6253185,2,ACORN-O,Adversity,ToU
MAC003391,12.399059,4.571497,0.2588892,1.1023622,0.2530507,12.020954,13.346878,1.110301,0.36869708,1,ACORN-G,Comfortable,Std
MAC003392,5.4416304,2.8057594,0.1136397,0.5942235,0.20954137,5.533884,5.2103715,0.9415397,0.5156101,2,ACORN-C,Affluent,Std
MAC003393,8.371016,4.2998967,0.17476316,0.7115973,0.28504968,8.483404,8.089284,0.95354223,0.5136649,2,ACORN-G,Comfortable,Std
MAC003394,27.21839,15.343469,0.56888455,1.6050597,0.35457176,25.270086,32.10231,1.2703681,0.563717,0,ACORN-A,Affluent,Std
MAC003395,7.8533254,1.7461847,0.16430467,0.68588054,0.25821838,8.024547,7.424115,0.92517567,0.22234972,2,ACORN-H,Comfortable,Std
MAC003396,8.086378,3.026802,0.17070358,0.7800077,0.26676235,8.264105,7.6408587,0.924584,0.37430874,2,ACORN-L,Adversity,ToU
MAC003397,7.4854064,2.5602853,0.15627734,0.65621966,0.29429603,7.6936364,6.963426,0.9050891,0.3420369,2,ACORN-N,Adversity,Std
MAC003398,11.023471,4.3520427,0.23008719,1.0384182,0.2519934,10.083838,13.378899,1.3267665,0.39479786,1,ACORN-L,Adversity,Std
MAC003399,11.671435,2.409513,0.24466474,0.6948092,0.42470986,11.366178,12.436643,1.0941799,0.2064453,1,ACORN-M,Adversity,ToU
MAC003400,12.187365,3.641607,0.25446537,0.95664936,0.28065062,11.747248,13.290628,1.1313823,0.29880184,1,ACORN-A,Affluent,Std
MAC003401,9.487301,1.8755468,0.1983541,0.85086316,0.25604218,9.219499,10.158615,1.101862,0.19769025,2,ACORN-M,Adversity,Std
MAC003402,15.576437,3.5107875,0.3258161,1.2108439,0.28502932,15.509094,15.745251,1.015227,0.22539093,1,ACORN-M,Adversity,Std
MAC003403,5.8923373,1.8404902,0.12303308,0.44684392,0.36252782,5.6550756,6.487095,1.1471279,0.31235316,2,ACORN-B,Affluent,Std
MAC003404,6.0322194,1.6896589,0.12699947,0.5133179,0.28915414,5.5350056,7.278615,1.315015,0.28010568,2,ACORN-H,Comfortable,Std
MAC003405,5.0066915,1.505906,0.10454991,0.53489983,0.23822345,4.8562155,5.3838987,1.1086614,0.30077866,2,ACORN-H,Comfortable,Std
MAC003406,12.606903,3.578036,0.2630686,0.9999577,0.2770018,12.478922,12.927723,1.0359647,0.28381562,1,ACORN-H,Comfortable,Std
MAC003407,6.867802,2.7402198,0.14335933,0.6778138,0.24459128,6.4540305,7.9051037,1.224832,0.39899516,2,ACORN-U,ACORN-U,Std
MAC003408,21.45149,6.5848393,0.44840124,1.7875465,0.2769922,21.120275,22.29087,1.0554252,0.3069642,1,ACORN-H,Comfortable,Std
MAC003409,3.2392015,0.84118104,0.067552544,0.24149612,0.3880066,3.2338,3.2528903,1.0059034,0.25968778,2,ACORN-G,Comfortable,ToU
MAC003410,5.275868,0.702355,0.1101133,0.38358915,0.32338053,5.156351,5.5787535,1.0819188,0.13312596,2,ACORN-J,Comfortable,Std
MAC003411,8.761552,2.892471,0.18366088,0.8935233,0.25417268,8.780271,8.714116,0.99246556,0.33013228,2,ACORN-L,Adversity,Std
MAC003412,6.7238,2.1961212,0.14024402,0.7062054,0.21721064,6.623754,6.9773426,1.0533819,0.32661906,2,ACORN-N,Adversity,Std
MAC003413,14.645985,2.3746457,0.30623043,1.0506763,0.30494314,14.426673,15.201774,1.0537269,0.1621363,1,ACORN-N,Adversity,Std
MAC003414,11.362915,1.8996584,0.23747775,0.7666744,0.35595784,11.18317,11.818431,1.056805,0.16718055,2,ACORN-G,Comfortable,ToU
MAC003415,5.3305407,1.6853325,0.11155617,0.6103857,0.2341019,5.5399976,4.799726,0.86637694,0.31616542,2,ACORN-L,Adversity,Std
MAC003416,6.3667316,1.3719898,0.13345125,0.48773736,0.3308515,6.188208,6.8254375,1.1029748,0.21549359,2,ACORN-L,Adversity,Std
MAC003417,16.43124,3.7211459,0.34307352,1.1977054,0.31109595,16.064964,17.359472,1.0805795,0.22646774,1,ACORN-H,Comfortable,Std
MAC003418,9.375793,2.0396566,0.19568041,0.9282694,0.22877596,9.035343,10.238576,1.1331695,0.21754496,2,ACORN-L,Adversity,Std
MAC003419,24.196077,15.635133,0.5054822,1.4783237,0.33277586,24.606554,23.155828,0.94104314,0.6461846,0,ACORN-G,Comfortable,ToU
MAC003420,3.6446493,1.501844,0.07605331,0.31141087,0.30673048,3.6199865,3.7071507,1.0240786,0.4120682,2,ACORN-N,Adversity,Std
MAC003421,8.094231,1.2012568,0.1692207,0.47195932,0.37438986,8.235086,7.737267,0.93954897,0.14840901,2,ACORN-H,Comfortable,Std
MAC003422,18.465948,20.363327,0.38732374,0.44496888,0.6232965,18.498913,18.382055,0.993683,1.1027502,1,ACORN-A,Affluent,Std
MAC003423,17.872087,9.104135,0.37701312,1.6456047,0.23128909,16.325125,21.792473,1.334904,0.5094052,1,ACORN-A,Affluent,Std
MAC003424,10.738248,3.5802588,0.22422528,0.69899577,0.33560514,10.432778,11.50876,1.1031348,0.3334118,2,ACORN-L,Adversity,Std
MAC003425,4.150585,1.9754516,0.086812496,0.6661899,0.1684457,3.9327297,4.702685,1.1957814,0.47594532,2,ACORN-I,Comfortable,ToU
MAC003426,20.748356,5.70254,0.4338578,2.0125349,0.23844662,19.874949,22.96178,1.1553127,0.27484298,1,ACORN-H,Comfortable,Std
MAC003427,16.16741,2.292212,0.33772728,1.734504,0.2008832,16.338333,15.734253,0.9630268,0.1417798,1,ACORN-C,Affluent,ToU
MAC003428,26.144728,14.339885,0.5461146,1.4264826,0.40948263,25.523376,27.71939,1.0860393,0.5484809,0,ACORN-A,Affluent,Std
MAC003429,9.354392,2.2383687,0.19563778,0.72475004,0.30321303,9.123795,9.938781,1.0893253,0.23928532,2,ACORN-L,Adversity,ToU
MAC003430,6.991132,2.032999,0.1461247,0.61687016,0.30006775,7.301738,6.2039795,0.84965795,0.29079685,2,ACORN-I,Comfortable,ToU
MAC003431,29.909334,7.4706984,0.62701654,1.8559322,0.3485152,29.59469,30.706726,1.0375755,0.24977815,0,ACORN-F,Comfortable,Std
MAC003432,14.653063,3.5646973,0.30767542,0.9320505,0.35292307,14.284596,15.584322,1.0909879,0.24327318,1,ACORN-H,Comfortable,Std
MAC003433,14.988358,4.5533347,0.31276056,1.1593322,0.2854135,14.679309,15.769446,1.0742636,0.30379143,1,ACORN-O,Adversity,Std
MAC003434,3.765472,1.5206457,0.07879067,0.29867378,0.3138913,3.7139404,3.8957121,1.048943,0.40383935,2,ACORN-C,Affluent,ToU
MAC003435,9.7345085,3.2966883,0.20312464,0.8371126,0.29209977,9.692661,9.840275,1.0152295,0.33865997,2,ACORN-L,Adversity,Std
MAC003436,12.554909,2.1072128,0.2625666,0.68984276,0.41242433,12.622853,12.383184,0.9810131,0.16783975,1,ACORN-H,Comfortable,ToU
MAC003437,7.024899,2.8615055,0.14656574,0.772367,0.21925177,6.7209783,7.7930274,1.1595079,0.4073376,2,ACORN-N,Adversity,Std
MAC003438,8.769409,1.3784877,0.18305048,0.61114204,0.3293362,8.607766,9.17675,1.0661012,0.15719277,2,ACORN-H,Comfortable,Std
MAC003439,7.7416487,3.5058298,0.1617504,0.7247165,0.30310634,7.9052463,7.328171,0.92700094,0.4528531,2,ACORN-H,Comfortable,ToU
MAC003440,5.000802,1.9827611,0.104408756,0.718666,0.19807635,4.7200027,5.710493,1.2098496,0.39648864,2,ACORN-I,Comfortable,Std
MAC003441,17.38334,7.0426655,0.364299,1.1554484,0.33006483,17.310726,17.56687,1.0147969,0.4051388,1,ACORN-B,Affluent,Std
MAC003442,7.2752814,1.5794514,0.15229517,0.43935728,0.37690145,7.241897,7.359658,1.016261,0.21709833,2,ACORN-C,Affluent,Std
MAC003443,10.591348,3.0490308,0.22157249,1.1253068,0.22680052,10.649518,10.444328,0.9807325,0.2878794,1,ACORN-L,Adversity,Std
MAC003444,6.9878078,2.4995408,0.14649522,0.62464464,0.2593656,6.8711734,7.2825894,1.0598756,0.3577003,2,ACORN-Q,Adversity,Std
MAC003445,20.759802,10.455983,0.43327853,1.4280524,0.35090658,20.826563,20.591068,0.9886926,0.5036649,1,ACORN-B,Affluent,Std
MAC003446,5.666043,3.2692878,0.11843377,0.82677084,0.18694948,6.0391192,4.72313,0.78208923,0.5769967,2,ACORN-J,Comfortable,Std
MAC003447,3.3481688,0.7826856,0.06992338,0.28583106,0.27327842,3.29916,3.4720342,1.0523995,0.23376526,2,ACORN-I,Comfortable,Std
MAC003448,4.7020817,0.85849345,0.098355085,0.41046798,0.2899701,4.7355065,4.617603,0.9751022,0.18257731,2,ACORN-M,Adversity,Std
MAC003449,48.95536,20.280155,1.024328,2.4025514,0.44478515,48.58174,49.89964,1.0271274,0.41425812,0,ACORN-A,Affluent,Std
MAC003450,7.9484835,2.4776282,0.16632214,0.7569553,0.25611776,7.796588,8.332383,1.0687218,0.3117108,2,ACORN-H,Comfortable,Std
MAC003451,1.994279,2.2759645,0.04160868,0.17138615,0.6184452,2.0690875,1.8072578,0.8734564,1.1412468,2,ACORN-E,Affluent,Std
MAC003452,15.566221,4.624945,0.3250208,1.1188116,0.32720786,15.455946,15.844933,1.0251675,0.2971142,1,ACORN-G,Comfortable,Std
MAC003453,11.328358,3.998308,0.23657064,1.0001184,0.26834124,11.1016445,11.90135,1.0720348,0.35294682,1,ACORN-H,Comfortable,Std
MAC003454,14.130107,4.4856663,0.2948471,1.0357611,0.30954006,14.890588,12.208069,0.8198514,0.31745452,1,ACORN-I,Comfortable,Std
MAC003455,7.6043706,3.2893467,0.15907945,0.6858913,0.3170237,7.4605827,7.967781,1.0679837,0.43256003,2,ACORN-L,Adversity,Std
MAC003456,13.717114,9.105171,0.28720725,0.638099,0.448769,13.558139,14.118912,1.0413606,0.6637818,1,ACORN-H,Comfortable,Std
MAC003457,10.12795,3.0734677,0.21158193,0.967402,0.2417552,10.274651,9.757178,0.94963604,0.30346397,2,ACORN-H,Comfortable,Std
MAC003458,14.217783,3.6229904,0.2968089,0.9265243,0.35064954,14.307611,13.9907465,0.9778534,0.25482106,1,ACORN-M,Adversity,Std
MAC003459,19.404402,10.890545,0.4057095,0.9775476,0.40489194,19.403147,19.407576,1.0002283,0.561241,1,ACORN-L,Adversity,Std
MAC003460,7.4218407,3.4188018,0.15698531,0.68766016,0.31044328,7.3542495,7.5926714,1.0324196,0.4606407,2,ACORN-E,Affluent,Std
MAC003461,6.9076,2.6383717,0.14434361,0.6949767,0.22593935,6.038905,9.103137,1.5074152,0.38195202,2,ACORN-J,Comfortable,ToU
MAC003462,3.1167378,0.5560488,0.065193176,0.1549631,0.4602552,3.036946,3.3184042,1.0926781,0.17840731,2,ACORN-O,Adversity,Std
MAC003463,15.492099,4.4622836,0.32360533,1.1669458,0.29907078,15.2506075,16.093145,1.0552462,0.28803608,1,ACORN-A,Affluent,Std
MAC003464,14.333388,5.8536615,0.29979014,0.9603384,0.31936595,13.585283,16.228043,1.1945311,0.4083934,1,ACORN-H,Comfortable,Std
MAC003465,3.7642703,1.3950471,0.07849982,0.93365955,0.0876611,3.8601549,3.522589,0.9125512,0.37060225,2,ACORN-E,Affluent,Std
MAC003466,5.948531,1.7197293,0.124151245,0.4045642,0.31488365,5.809886,6.297993,1.0840132,0.2891015,2,ACORN-N,Adversity,Std
MAC003467,8.277442,2.6412454,0.1726875,0.6416829,0.29433823,8.332443,8.138808,0.97676134,0.31908956,2,ACORN-N,Adversity,ToU
MAC003468,17.458424,3.0334013,0.36665398,0.8063132,0.48299408,17.309645,17.833431,1.0302598,0.17375001,1,ACORN-M,Adversity,Std
MAC003469,6.398788,2.802335,0.13408755,0.6854611,0.22911906,6.2038264,6.8901987,1.110637,0.43794778,2,ACORN-H,Comfortable,Std
MAC003470,4.2073793,1.9680063,0.08862704,0.5148307,0.22323911,3.960011,4.8308835,1.2199167,0.4677511,2,ACORN-G,Comfortable,Std
MAC003471,11.234573,1.8962709,0.23466389,0.5833658,0.41670227,11.221774,11.266835,1.0040156,0.16878887,2,ACORN-M,Adversity,ToU
MAC003472,14.572627,1.9867717,0.30393597,1.7635895,0.17507893,14.612321,14.472576,0.9904365,0.13633586,1,ACORN-L,Adversity,ToU
MAC003473,4.406263,1.537818,0.092097424,0.42966145,0.26970404,4.3612175,4.519801,1.0363623,0.3490073,2,ACORN-H,Comfortable,Std
MAC003474,10.455686,3.3871648,0.2180151,0.84413135,0.29773208,10.429104,10.5226,1.0089649,0.32395434,2,ACORN-A,Affluent,ToU
MAC003475,15.811937,5.8863,0.33082384,1.0664786,0.3132779,15.137267,17.51248,1.1569116,0.3722694,1,ACORN-G,Comfortable,Std
MAC003476,8.1025505,1.4228884,0.16927214,0.5767218,0.33426127,8.094136,8.12376,1.00366,0.17560993,2,ACORN-L,Adversity,ToU
MAC003477,7.0569243,2.8535879,0.14733097,0.7886498,0.20858139,6.912981,7.4197397,1.0733054,0.4043671,2,ACORN-H,Comfortable,Std
MAC003478,9.947547,1.6540067,0.2086854,0.6251809,0.36338508,9.770866,10.392877,1.0636597,0.16627282,2,ACORN-G,Comfortable,Std
MAC003479,3.6845305,3.031923,0.07690674,0.4069042,0.25660998,3.7336211,3.5614016,0.95387334,0.8228791,2,ACORN-N,Adversity,Std
MAC003480,7.3108172,6.746681,0.15282206,0.7670759,0.23492858,6.725079,8.787199,1.3066313,0.9228354,2,ACORN-G,Comfortable,Std
MAC003481,9.630278,3.7589192,0.20774639,0.88557404,0.26338285,9.399896,10.21124,1.0863142,0.39032304,2,ACORN-L,Adversity,Std
MAC003482,13.142364,3.6015377,0.27456367,1.03636,0.32245794,12.88149,13.799911,1.0712978,0.27404034,1,ACORN-A,Affluent,Std
MAC003483,8.931626,3.15262,0.18644099,0.92676073,0.21431546,8.915541,8.972172,1.006352,0.3529727,2,ACORN-G,Comfortable,ToU
MAC003484,7.829743,1.9235942,0.16377035,0.65309334,0.27331558,7.6505885,8.282342,1.0825758,0.24567783,2,ACORN-O,Adversity,Std
MAC003485,7.5445175,2.9692068,0.15781075,0.5136206,0.33471936,7.678038,7.2079725,0.9387779,0.3935582,2,ACORN-G,Comfortable,Std
MAC003486,5.0150447,1.5994087,0.1046026,0.39778557,0.29781693,4.875003,5.3670683,1.1009364,0.31892213,2,ACORN-C,Affluent,Std
MAC003487,6.3799963,2.1337314,0.1331461,0.49022418,0.29904723,6.4496784,6.204836,0.96203804,0.33444086,2,ACORN-C,Affluent,Std
MAC003488,11.242326,3.1192403,0.23473668,1.121768,0.23344074,10.711226,12.577349,1.1742212,0.27745506,1,ACORN-H,Comfortable,Std
MAC003489,6.5129104,1.8251599,0.136001,0.6747525,0.22783779,6.2924604,7.067055,1.1230989,0.28023723,2,ACORN-H,Comfortable,ToU
MAC003490,9.101376,1.5604568,0.18992233,0.83570373,0.25812143,9.008281,9.335391,1.0363122,0.17145285,2,ACORN-H,Comfortable,Std
MAC003491,10.787555,3.565036,0.22506653,1.074293,0.22579546,10.165336,12.3473625,1.2146537,0.33047676,1,ACORN-L,Adversity,Std
MAC003492,3.278813,0.71642643,0.06839275,0.37299025,0.18802926,3.2427711,3.369411,1.039053,0.21850178,2,ACORN-N,Adversity,Std
MAC003493,6.6329274,2.3502083,0.13847518,0.6023401,0.32952088,6.604511,6.7039685,1.0150591,0.35432443,2,ACORN-H,Comfortable,Std
MAC003494,5.912768,1.0629878,0.12359717,0.52322024,0.26544493,5.7201285,6.397007,1.1183327,0.17977838,2,ACORN-H,Comfortable,Std
MAC003495,6.776152,2.0237362,0.14162022,0.67322224,0.24418661,6.709166,6.9445343,1.0350816,0.29865566,2,ACORN-H,Comfortable,Std
MAC003496,5.9240193,2.6642637,0.12417528,0.633168,0.24544176,5.820891,6.1825476,1.0621308,0.4497392,2,ACORN-L,Adversity,Std
MAC003497,11.541154,5.509209,0.24084993,1.0021666,0.25276542,10.904221,13.129989,1.2041199,0.4773534,1,ACORN-M,Adversity,Std
MAC003498,7.10268,1.5573543,0.14833248,0.6624893,0.24959908,7.094657,7.1228495,1.0039737,0.21926291,2,ACORN-M,Adversity,Std
MAC003499,4.3292828,1.6070976,0.09035176,0.70289475,0.18261205,4.1898665,4.6797333,1.116917,0.37121567,2,ACORN-C,Affluent,Std
MAC003500,5.9734135,3.2193723,0.12469211,0.6483782,0.24308373,5.625962,6.8468013,1.2170011,0.5389502,2,ACORN-M,Adversity,Std
MAC003501,13.079128,4.1158066,0.27342844,0.8656433,0.3364673,12.983503,13.3195,1.0258788,0.31468508,1,ACORN-I,Comfortable,Std
MAC003502,14.630932,4.0726485,0.30550283,1.3316238,0.24762394,14.397084,15.218754,1.0570719,0.2783588,1,ACORN-D,Affluent,ToU
MAC003503,7.2261386,1.9527614,0.15124169,0.8249766,0.20685902,6.842201,8.19124,1.1971645,0.2702358,2,ACORN-F,Comfortable,ToU
MAC003504,4.60347,1.2437017,0.09635174,0.35023,0.30078965,4.5760245,4.672459,1.0210739,0.27016613,2,ACORN-L,Adversity,Std
MAC003505,8.008246,3.1233459,0.16707428,0.8266289,0.22398429,7.8996696,8.280432,1.0481998,0.3900162,2,ACORN-L,Adversity,ToU
MAC003506,34.77635,9.52905,0.7261038,2.3127968,0.31884283,34.645847,35.103493,1.0132092,0.2740095,0,ACORN-E,Affluent,Std
MAC003507,68.500114,34.40377,1.4387469,2.8662438,0.49222213,68.642334,68.1466,0.992778,0.502244,0,ACORN-J,Comfortable,Std
MAC003508,13.719514,2.7234607,0.2868036,0.8945996,0.3400053,13.094142,15.287227,1.167486,0.19850999,1,ACORN-L,Adversity,Std
MAC003509,2.877133,0.78002787,0.060004156,0.37363476,0.20623343,2.7572923,3.1775548,1.1524186,0.27111292,2,ACORN-F,Comfortable,Std
MAC003510,14.184945,3.9605138,0.29659018,0.9887149,0.33175325,13.658999,15.503411,1.1350328,0.27920544,1,ACORN-L,Adversity,Std
MAC003511,10.114435,2.3341138,0.21133183,0.80401564,0.285255,9.567825,11.484705,1.2003465,0.23077056,2,ACORN-C,Affluent,Std
MAC003512,6.908705,2.6794384,0.14437605,0.69565237,0.2671873,6.4797297,7.984082,1.2321628,0.3878351,2,ACORN-G,Comfortable,Std
MAC003513,5.4798536,1.2992694,0.11453653,0.5053027,0.2756733,5.5709047,5.2516026,0.942684,0.23709929,2,ACORN-N,Adversity,ToU
MAC003514,13.984975,3.5116146,0.29230723,0.84858006,0.37329894,13.618274,14.90424,1.0944295,0.2510991,1,ACORN-H,Comfortable,Std
MAC003515,8.030012,2.9258232,0.16825154,1.0154063,0.20443234,7.6447134,8.995897,1.1767474,0.364361,2,ACORN-H,Comfortable,Std
MAC003516,3.798957,1.0174415,0.07936467,0.40417382,0.27110088,3.75553,3.907822,1.0405513,0.26782128,2,ACORN-O,Adversity,Std
MAC003517,7.978631,2.801104,0.16705026,0.71416605,0.2754144,7.516555,9.136987,1.2155818,0.35107577,2,ACORN-M,Adversity,Std
MAC003518,10.543299,6.3909707,0.22003357,0.9785996,0.25269815,8.324595,16.105253,1.934659,0.6061642,1,ACORN-M,Adversity,Std
MAC003519,3.659922,0.87436295,0.076528825,0.29909375,0.29172832,3.459418,4.162555,1.203253,0.23890208,2,ACORN-F,Comfortable,Std
MAC003520,8.412967,1.8212197,0.17560132,0.53096485,0.35164645,8.351186,8.5678425,1.0259433,0.21647769,2,ACORN-L,Adversity,Std
MAC003521,3.2550216,0.85052717,0.068037234,0.279959,0.27473286,3.216552,3.3514588,1.0419414,0.26129693,2,ACORN-Q,Adversity,Std
MAC003522,11.294146,3.136192,0.23672302,0.6541513,0.37619877,11.079584,11.838,1.0684516,0.277683,2,ACORN-Q,Adversity,Std
MAC003523,7.833615,2.5749109,0.16360827,0.76,0.25283188,6.968885,10.025465,1.4386039,0.3287002,2,ACORN-M,Adversity,ToU
MAC003524,12.193432,3.7078812,0.254554,1.0103753,0.281683,11.714679,13.406938,1.1444563,0.3040884,1,ACORN-H,Comfortable,ToU
MAC003525,13.461735,4.9215574,0.28151754,1.3166326,0.24006641,11.977934,17.222755,1.4378736,0.3655961,1,ACORN-L,Adversity,ToU
MAC003526,8.065943,2.033341,0.16838408,0.6512888,0.27914602,8.041063,8.129007,1.0109369,0.25208968,2,ACORN-L,Adversity,Std
MAC003527,13.219895,7.675139,0.27668837,1.0889115,0.2635176,13.128581,13.451354,1.0245855,0.58057487,1,ACORN-H,Comfortable,Std
MAC003528,8.015247,1.7905838,0.16771112,0.7020118,0.2596321,7.9357095,8.216854,1.0354278,0.22339721,2,ACORN-H,Comfortable,ToU
MAC003529,5.350161,1.5848869,0.11173495,0.34775835,0.33758524,5.2149205,5.6929584,1.0916673,0.29623163,2,ACORN-H,Comfortable,Std
MAC003530,2.5416543,1.8431187,0.05311777,0.36977604,0.20861164,2.5282602,2.5756042,1.0187259,0.72516495,2,ACORN-Q,Adversity,Std
MAC003531,3.576214,1.2639394,0.07473777,0.29369155,0.27493235,3.3684604,4.1028123,1.2180082,0.35342947,2,ACORN-G,Comfortable,ToU
MAC003532,6.513106,4.4591885,0.13669422,0.6287642,0.21263239,6.5177364,6.501368,0.9974886,0.6846486,2,ACORN-H,Comfortable,Std
MAC003533,12.465464,3.2810946,0.2599853,1.5086306,0.18923065,11.854018,14.0153055,1.1823252,0.2632148,1,ACORN-L,Adversity,Std
MAC003534,13.746572,6.715444,0.28710657,1.2774695,0.2628492,12.96049,15.73907,1.2143885,0.48851773,1,ACORN-G,Comfortable,Std
MAC003535,13.042313,4.0859237,0.27235958,0.95789194,0.31703198,12.875154,13.466014,1.0458915,0.31328213,1,ACORN-L,Adversity,Std
MAC003536,14.776456,2.9537647,0.30927324,1.0298429,0.32520974,14.577008,15.282,1.0483632,0.1998967,1,ACORN-A,Affluent,ToU
MAC003537,12.130601,3.7500346,0.25340602,1.0338488,0.25263387,11.885748,12.751236,1.0728173,0.3091384,1,ACORN-L,Adversity,Std
MAC003538,4.1682143,1.1501757,0.08699529,0.5731316,0.16912234,3.8215754,5.046847,1.3206195,0.27593967,2,ACORN-Q,Adversity,Std
MAC003539,7.736886,1.8590288,0.16189103,0.65976626,0.2846133,8.1108,6.789118,0.8370466,0.24028127,2,ACORN-L,Adversity,ToU
MAC003540,5.5063615,1.1022857,0.11526279,0.3297662,0.38010824,5.500033,5.522403,1.0040672,0.20018405,2,ACORN-H,Comfortable,Std
MAC003541,7.644336,3.2283905,0.15967613,0.5721375,0.35620824,7.7929235,7.267709,0.93260366,0.4223245,2,ACORN-L,Adversity,ToU
MAC003542,3.3476484,0.7330731,0.069880515,0.31567192,0.23402165,3.3272822,3.3992708,1.0216359,0.21898152,2,ACORN-O,Adversity,Std
MAC003543,5.9480925,1.5181653,0.124217406,0.39424166,0.33722752,5.5305123,7.0065417,1.2668884,0.25523567,2,ACORN-M,Adversity,Std
MAC003544,8.613171,3.8871982,0.17974974,1.1196247,0.18219796,7.6084986,11.159736,1.4667461,0.45130864,1,ACORN-N,Adversity,ToU
MAC003545,7.8694596,2.0693426,0.16427423,1.0887936,0.1899026,7.3434987,9.202625,1.2531663,0.26295868,2,ACORN-M,Adversity,ToU
MAC003546,2.5459037,0.5132601,0.05313431,0.2088605,0.28435454,2.580222,2.4589167,0.95298654,0.20160234,2,ACORN-Q,Adversity,Std
MAC003547,12.29954,3.8835316,0.2566824,1.3743713,0.19730037,12.41675,12.002445,0.9666334,0.3157461,1,ACORN-I,Comfortable,Std
MAC003548,14.712638,5.2111673,0.3071817,1.2602553,0.24883167,14.611816,14.968194,1.0243897,0.35419667,1,ACORN-C,Affluent,Std
MAC003549,8.995666,1.829406,0.18795654,0.78104717,0.2673816,9.061187,8.82959,0.97444075,0.20336528,2,ACORN-N,Adversity,Std
MAC003550,11.196679,2.879436,0.23396675,0.8251906,0.30553478,10.541466,12.857465,1.2197037,0.25716874,1,ACORN-M,Adversity,ToU
MAC003551,3.313373,1.1035893,0.06915776,0.45466602,0.19603065,3.1533122,3.719083,1.1794212,0.33307123,2,ACORN-H,Comfortable,Std
MAC003552,7.044866,1.5987129,0.14707038,0.762444,0.20928,6.5937285,8.1883745,1.2418429,0.22693305,2,ACORN-G,Comfortable,Std
MAC003553,17.267681,7.1920285,0.36120215,0.73124164,0.59257925,17.140732,17.589466,1.0261794,0.41650227,1,ACORN-A,Affluent,Std
MAC003554,2.0779266,1.6647586,0.04494566,0.13631192,0.6042492,2.1790507,1.8116333,0.8313865,0.8011633,2,ACORN-E,Affluent,Std
MAC003555,12.324065,2.3037584,0.25765252,0.8905914,0.31307572,12.121507,12.837493,1.0590675,0.1869317,1,ACORN-L,Adversity,ToU
MAC003556,18.15251,3.970059,0.37945092,1.3755933,0.29538563,17.80701,19.028252,1.068582,0.21870579,1,ACORN-C,Affluent,Std
MAC003557,9.981382,3.8972495,0.20823234,0.9350343,0.24188936,9.57337,11.008448,1.149903,0.39045188,1,ACORN-A,Affluent,Std
MAC003558,11.966636,3.3934555,0.24971162,0.91900194,0.30354002,11.745011,12.526854,1.066568,0.2835764,1,ACORN-C,Affluent,Std
MAC003559,14.667025,3.4297423,0.30626726,3.0502787,0.113355234,13.601159,17.425735,1.2811949,0.23384036,1,ACORN-C,Affluent,ToU
MAC003560,11.246683,3.3615022,0.23484705,0.8517618,0.29257017,10.690835,12.651743,1.1834196,0.29888833,1,ACORN-M,Adversity,ToU
MAC003561,6.850478,2.9649227,0.14321586,0.71534055,0.26374358,6.5319176,7.6557293,1.1720493,0.4328052,2,ACORN-H,Comfortable,Std
MAC003562,6.310868,2.9856837,0.13201638,0.6125256,0.26021504,6.2963457,6.3475766,1.0081366,0.4731019,2,ACORN-E,Affluent,Std
MAC003563,9.976073,2.3167527,0.20831399,0.8600866,0.30316433,9.790863,10.4442425,1.0667336,0.23223092,2,ACORN-M,Adversity,Std
MAC003564,3.870435,0.55548763,0.08087283,0.24825984,0.36894584,3.8360248,3.9574165,1.0316452,0.14352073,2,ACORN-L,Adversity,Std
MAC003565,7.900313,1.5680876,0.16492397,0.56464964,0.3113815,7.5509644,8.783389,1.1632142,0.19848424,2,ACORN-L,Adversity,Std
MAC003566,29.049536,8.544163,0.60707057,1.4136378,0.46394584,29.069132,29.0,0.99762183,0.2941239,0,ACORN-A,Affluent,Std
MAC003567,9.971183,1.8553092,0.20834434,0.61609054,0.3652868,9.825566,10.339271,1.0522825,0.18606712,2,ACORN-H,Comfortable,Std
MAC003568,23.779259,11.367891,0.49737096,2.0329745,0.24534291,23.320723,24.938334,1.0693637,0.4780591,0,ACORN-J,Comfortable,Std
MAC003569,5.2753367,0.7911269,0.11055027,0.4000807,0.29643294,5.1856236,5.5021114,1.0610318,0.14996709,2,ACORN-L,Adversity,Std
MAC003570,8.301275,1.5263088,0.1733843,0.533628,0.34937772,8.191568,8.57859,1.0472463,0.18386437,2,ACORN-H,Comfortable,Std
MAC003571,4.1055927,1.6365045,0.08577658,0.48617914,0.22710787,3.9297059,4.5501947,1.157897,0.3986037,2,ACORN-G,Comfortable,ToU
MAC003572,9.978194,2.916984,0.20873669,0.80738807,0.31004244,9.780886,10.476658,1.0711359,0.29233587,2,ACORN-Q,Adversity,Std
MAC003573,12.22459,2.5857344,0.25532797,1.2430019,0.21994627,12.389355,11.808104,0.95308465,0.2115191,1,ACORN-H,Comfortable,Std
MAC003574,20.299898,5.6954684,0.42391285,1.5828602,0.2862137,20.080585,20.854279,1.0385294,0.28056636,1,ACORN-L,Adversity,Std
MAC003575,11.017124,2.945074,0.23064914,0.7714626,0.33133787,10.9870825,11.093062,1.0096458,0.26731786,2,ACORN-M,Adversity,Std
MAC003576,11.365104,3.0979877,0.23721482,0.88974005,0.3419767,11.314623,11.491965,1.0156738,0.27258772,1,ACORN-L,Adversity,Std
MAC003577,5.9398875,1.421128,0.12405831,0.5928189,0.2639069,5.952011,5.909243,0.99281454,0.23925167,2,ACORN-L,Adversity,Std
MAC003578,1.8225414,1.0072964,0.03839132,0.31731695,0.19239247,1.8914534,1.6483473,0.8714713,0.5526878,2,ACORN-O,Adversity,Std
MAC003579,10.950002,2.7215478,0.22888061,0.69764376,0.3722778,10.454398,12.202778,1.1672387,0.24854314,2,ACORN-A,Affluent,Std
MAC003580,6.2819724,1.8063687,0.131346,0.590437,0.29119134,6.212376,6.4578958,1.0395211,0.287548,2,ACORN-C,Affluent,ToU
MAC003581,13.946531,3.300138,0.2913969,0.9505768,0.32650337,14.560582,12.394347,0.8512261,0.23662788,1,ACORN-H,Comfortable,ToU
MAC003582,8.980189,3.2707274,0.18736595,1.1522323,0.18418625,8.718344,9.6420765,1.1059527,0.36421585,2,ACORN-J,Comfortable,Std
MAC003583,9.200284,3.8774276,0.1923229,0.8875984,0.24644868,8.558362,10.822917,1.2646015,0.4214465,2,ACORN-H,Comfortable,Std
MAC003584,7.660606,2.37053,0.16028316,0.5372539,0.3313323,7.697772,7.56666,0.98296756,0.3094442,2,ACORN-C,Affluent,Std
MAC003585,18.932274,6.232653,0.39531407,2.008515,0.22413619,18.085283,21.067396,1.1648917,0.32920784,1,ACORN-H,Comfortable,Std
MAC003586,5.9499683,1.7490906,0.1241309,0.55253255,0.25232443,6.0746775,5.635597,0.9277196,0.29396635,2,ACORN-Q,Adversity,Std
MAC003587,3.432499,1.0409285,0.07161484,0.41925642,0.21001759,3.0652232,4.3583403,1.4218671,0.30325675,2,ACORN-F,Comfortable,Std
MAC003588,8.4022665,2.3965745,0.17541085,0.8687791,0.2500444,8.510225,8.130118,0.95533526,0.28522953,2,ACORN-N,Adversity,ToU
MAC003589,14.7709055,3.4299872,0.30919108,0.88513017,0.37168458,15.435078,13.096639,0.8484984,0.23221238,1,ACORN-G,Comfortable,Std
MAC003590,11.383505,1.454079,0.2388122,0.9442406,0.2861767,11.304773,11.581972,1.0245205,0.12773561,1,ACORN-M,Adversity,Std
MAC003591,9.679382,1.2382383,0.20218791,0.5172268,0.44734788,9.796571,9.383972,0.95788336,0.12792535,2,ACORN-H,Comfortable,Std
MAC003592,18.800798,7.167021,0.39328998,1.1052195,0.41906786,18.817501,18.757957,0.9968357,0.38120833,1,ACORN-C,Affluent,Std
MAC003593,10.805409,2.557587,0.22579241,0.65905523,0.3660551,10.419581,11.778021,1.1303737,0.23669505,2,ACORN-L,Adversity,Std
MAC003594,28.224089,15.34173,0.59048486,2.7454674,0.21447115,27.094595,31.071354,1.1467731,0.5435687,0,ACORN-Q,Adversity,Std
MAC003595,16.531706,4.512607,0.34719312,1.1040001,0.3331173,15.461341,19.229916,1.2437418,0.2729668,1,ACORN-H,Comfortable,Std
MAC003596,15.013509,4.014047,0.31340346,1.0358382,0.32456255,14.337752,16.716978,1.1659414,0.26736236,1,ACORN-G,Comfortable,Std
MAC003597,28.677198,7.35722,0.59945494,1.6573293,0.37741107,28.631454,28.792515,1.0056252,0.25655296,0,ACORN-A,Affluent,Std
MAC003598,4.3133945,1.0756308,0.09013881,0.41821694,0.25759265,4.371702,4.16641,0.95304066,0.2493699,2,ACORN-L,Adversity,Std
MAC003599,12.54438,2.937374,0.2620645,1.1100922,0.25706032,12.652646,12.270278,0.9697796,0.23415858,1,ACORN-H,Comfortable,Std
MAC003600,3.8085852,0.85123265,0.07942772,0.6866304,0.14171414,3.72579,4.016722,1.078086,0.22350363,2,ACORN-G,Comfortable,Std
MAC003601,5.6254525,1.26415,0.11751608,0.41610673,0.3264606,5.496329,5.9500556,1.0825509,0.2247197,2,ACORN-I,Comfortable,Std
MAC003602,28.777147,24.771528,0.59982836,1.6607254,0.36055857,28.73382,28.88606,1.0052983,0.8608056,0,ACORN-H,Comfortable,Std
MAC003603,38.59192,15.699176,0.80667704,1.6563933,0.54736334,39.294384,36.826004,0.93718237,0.40679955,0,ACORN-E,Affluent,Std
MAC003604,6.8890715,2.2808433,0.14378212,0.64192885,0.26369774,6.7167044,7.322382,1.0901748,0.3310814,2,ACORN-L,Adversity,Std
MAC003605,9.301549,3.1538424,0.19776967,0.880249,0.2586133,9.88745,7.82866,0.79177743,0.33906636,2,ACORN-M,Adversity,ToU
MAC003606,17.458933,3.6584513,0.3646621,1.1097826,0.3495728,17.407131,17.589151,1.0104567,0.2095461,1,ACORN-A,Affluent,ToU
MAC003607,22.038212,12.505121,0.45990402,1.6093715,0.32201958,21.413761,23.608013,1.1024692,0.567429,1,ACORN-B,Affluent,Std
MAC003608,9.851992,3.0559726,0.20549715,0.8816041,0.24795042,9.906972,9.714818,0.9806042,0.3101883,2,ACORN-M,Adversity,Std
MAC003609,25.590767,9.579811,0.5343384,1.662413,0.33412495,25.21218,26.542492,1.0527647,0.37434638,0,ACORN-L,Adversity,Std
MAC003610,19.09178,5.452822,0.39870313,1.094587,0.4012024,19.116987,19.02841,0.9953666,0.285611,1,ACORN-H,Comfortable,Std
MAC003611,8.367917,2.3378463,0.17476627,0.86072725,0.2303563,8.455627,8.147424,0.96355045,0.2793821,2,ACORN-H,Comfortable,Std
MAC003612,10.578802,3.979098,0.22099018,0.95103955,0.25960428,9.553591,13.15607,1.3770812,0.3761388,1,ACORN-L,Adversity,Std
MAC003613,33.05196,12.653004,0.6898012,2.12652,0.3397908,35.439003,27.051195,0.76331705,0.3828216,0,ACORN-A,Affluent,Std
MAC003614,12.145775,10.209526,0.2538156,1.4518913,0.1991014,11.7532625,13.132506,1.1173499,0.84058255,1,ACORN-H,Comfortable,Std
MAC003615,14.86105,3.803306,0.31058973,0.9507372,0.36039492,14.583588,15.558555,1.0668538,0.25592446,1,ACORN-H,Comfortable,Std
MAC003616,3.2247746,0.22093967,0.067318104,0.20342687,0.3347339,3.2323203,3.2058055,0.991797,0.068513215,2,ACORN-P,Adversity,Std
MAC003617,3.7722137,0.5856278,0.0786906,0.20198004,0.43919387,3.7886796,3.7305844,0.9846661,0.15524778,2,ACORN-G,Comfortable,ToU
MAC003618,3.8024347,1.5595615,0.079420276,0.60710865,0.21301293,3.9223561,3.5009654,0.8925669,0.41014814,2,ACORN-M,Adversity,Std
MAC003619,5.048174,1.2283086,0.10577261,0.548164,0.23025931,4.9445634,5.3086386,1.0736314,0.2433174,2,ACORN-U,ACORN-U,Std
MAC003620,5.9693103,2.3398936,0.124559626,0.41704348,0.34959787,5.900945,6.1411734,1.0407101,0.39198726,2,ACORN-M,Adversity,Std
MAC003621,16.903276,6.293491,0.35313454,1.0411364,0.35745546,16.778633,17.21662,1.0261039,0.37232372,1,ACORN-G,Comfortable,Std
MAC003622,17.60262,7.517816,0.36729437,1.3889012,0.26783833,17.348608,18.24118,1.0514492,0.42708507,1,ACORN-M,Adversity,Std
MAC003623,16.367336,3.5244088,0.34195194,2.0778737,0.18588248,15.717107,18.001938,1.1453723,0.21533185,1,ACORN-L,Adversity,Std
MAC003624,6.193909,1.3964374,0.12932843,0.6262984,0.23927592,6.1829004,6.2215834,1.0062565,0.22545332,2,ACORN-M,Adversity,Std
MAC003625,5.772852,2.876139,0.12074923,0.49083993,0.28977183,5.2562733,7.071472,1.3453395,0.49821803,2,ACORN-H,Comfortable,Std
MAC003626,7.66015,4.075248,0.16012189,0.64198023,0.3440042,7.6532764,7.677431,1.0031561,0.53200626,2,ACORN-H,Comfortable,ToU
MAC003627,1.6333458,5.669544,0.03412797,0.18877272,0.21612471,1.5326242,1.8865485,1.230927,3.471123,2,ACORN-G,Comfortable,Std
MAC003628,12.07638,3.1902273,0.25240698,0.92811066,0.30043808,11.806524,12.754765,1.080315,0.26417083,1,ACORN-N,Adversity,Std
MAC003629,4.306609,3.44451,0.08997304,0.21673457,0.46657708,4.3885994,4.1019278,0.9346781,0.7998195,2,ACORN-L,Adversity,Std
MAC003630,3.8579783,2.3049202,0.08076473,0.2943703,0.37685543,3.842072,3.8978543,1.0145189,0.5974425,2,ACORN-Q,Adversity,Std
MAC003631,4.7049074,1.0550674,0.09831061,0.31534386,0.3563728,4.5626245,5.06259,1.1095785,0.22424829,2,ACORN-O,Adversity,Std
MAC003632,9.579038,2.3373985,0.20025867,0.7587386,0.28499404,9.344595,10.166771,1.0879841,0.24401183,2,ACORN-O,Adversity,Std
MAC003633,16.469446,4.871589,0.34394866,1.2976674,0.28785318,15.869542,17.973368,1.13257,0.29579556,1,ACORN-H,Comfortable,Std
MAC003634,28.49824,12.548157,0.5955314,1.472893,0.44359723,28.45875,28.597242,1.0048665,0.4403134,0,ACORN-A,Affluent,ToU
MAC003635,2.2206,0.5436117,0.04667938,0.1281406,0.39512533,2.2320664,2.1918542,0.9819843,0.24480398,2,ACORN-H,Comfortable,Std
MAC003636,7.5729723,1.8498374,0.15830973,0.5969228,0.2970924,7.009033,8.986736,1.2821649,0.24426834,2,ACORN-O,Adversity,Std
MAC003637,4.7779164,0.677419,0.09983883,0.29753664,0.35298818,4.799454,4.7239237,0.9842627,0.14178126,2,ACORN-Q,Adversity,ToU
MAC003638,9.387933,2.9926999,0.19687375,0.7342733,0.2927017,8.711108,11.084695,1.2724781,0.31878155,2,ACORN-H,Comfortable,ToU
MAC003639,18.777601,4.975388,0.39211118,1.7463882,0.25602084,18.207283,20.207354,1.10985,0.26496398,1,ACORN-C,Affluent,Std
MAC003640,14.423543,5.203768,0.3015524,0.8582614,0.36314586,14.442833,14.375179,0.9953158,0.36078292,1,ACORN-L,Adversity,Std
MAC003641,9.429287,1.4981761,0.19673492,0.8310257,0.258054,9.154324,10.118604,1.1053361,0.1588854,2,ACORN-L,Adversity,Std
MAC003642,23.468824,4.5928116,0.49098653,1.7684,0.2847743,23.10398,24.383472,1.0553797,0.19569841,1,ACORN-C,Affluent,Std
MAC003643,6.411249,2.094236,0.13406745,0.5080119,0.34541434,6.1920857,6.9606805,1.1241254,0.3266502,2,ACORN-F,Comfortable,ToU
MAC003644,11.802821,2.7641678,0.24710089,0.8958693,0.29240838,11.175319,13.375937,1.1969178,0.23419552,1,ACORN-L,Adversity,Std
MAC003645,4.1183405,1.1264083,0.08625427,0.35617626,0.29106516,3.896942,4.673375,1.1992416,0.27351025,2,ACORN-Q,Adversity,Std
MAC003646,10.648526,3.4617617,0.22231102,0.9766654,0.25603813,10.357704,11.3776045,1.0984678,0.32509303,1,ACORN-A,Affluent,Std
MAC003647,9.022937,3.4610524,0.18835555,0.99402773,0.22062768,8.559443,10.184889,1.1899009,0.3835838,2,ACORN-N,Adversity,Std
MAC003648,9.798148,4.055058,0.20617393,1.1610534,0.20347624,9.651017,10.167,1.053464,0.41385964,1,ACORN-E,Affluent,ToU
MAC003649,9.638713,2.3477988,0.20140249,1.4246138,0.15677895,9.823413,9.17568,0.93406236,0.24358012,1,ACORN-L,Adversity,ToU
MAC003650,12.998396,3.5685806,0.27161384,1.301109,0.22096646,13.04121,12.891063,0.9884867,0.27454007,1,ACORN-H,Comfortable,Std
MAC003651,22.826305,6.681502,0.47789034,1.6653267,0.29849434,22.403648,23.885881,1.0661603,0.2927106,1,ACORN-N,Adversity,Std
MAC003652,8.897363,2.4385748,0.18606278,1.097701,0.18540035,8.867066,8.973312,1.0119821,0.27407837,2,ACORN-U,ACORN-U,ToU
MAC003653,13.889033,3.334421,0.29079083,0.8233663,0.37039933,13.49723,14.8712635,1.1018012,0.24007581,1,ACORN-H,Comfortable,Std
MAC003654,7.5266023,2.3085954,0.15717721,0.7399485,0.27855566,7.2879972,8.124771,1.1148154,0.3067248,2,ACORN-O,Adversity,Std
MAC003655,20.694086,5.1582985,0.43212432,1.2383406,0.41277593,19.968529,22.513021,1.1274252,0.24926437,1,ACORN-H,Comfortable,Std
MAC003656,17.684837,5.5800424,0.3695849,1.3143326,0.32620907,18.08861,16.672604,0.92171836,0.31552693,1,ACORN-A,Affluent,Std
MAC003657,5.1322575,0.831106,0.10713317,0.26140398,0.46459815,5.035856,5.3739305,1.0671335,0.16193771,2,ACORN-Q,Adversity,Std
MAC003658,9.41534,5.0383415,0.19664012,0.78929704,0.2791042,9.173754,10.020986,1.0923539,0.5351205,2,ACORN-H,Comfortable,Std
MAC003659,8.151218,2.2696786,0.17008609,0.9671921,0.18242782,7.3359637,10.195014,1.3897307,0.27844656,2,ACORN-H,Comfortable,Std
MAC003660,5.1437545,1.641937,0.10756588,0.4525089,0.26233178,4.987629,5.535153,1.1097764,0.31920984,2,ACORN-L,Adversity,Std
MAC003661,7.709697,3.296006,0.1610583,0.73929113,0.2780802,7.2592826,8.838861,1.2175944,0.42751434,2,ACORN-J,Comfortable,ToU
MAC003662,11.308858,2.2057188,0.23591784,0.9045756,0.28298083,10.66863,12.893424,1.2085361,0.19504346,1,ACORN-F,Comfortable,Std
MAC003663,6.8921785,1.7076256,0.14472896,0.5785148,0.27028933,6.6933517,7.390625,1.104174,0.24776283,2,ACORN-G,Comfortable,Std
MAC003664,7.24622,3.2962804,0.15193644,0.74895644,0.24357848,6.738482,8.519091,1.2642448,0.45489654,2,ACORN-Q,Adversity,Std
MAC003665,7.1440578,2.165402,0.14905353,0.8566135,0.19486636,6.7951612,8.0285845,1.181515,0.30310532,2,ACORN-E,Affluent,ToU
MAC003666,9.758458,1.8221369,0.20372573,0.5505697,0.3869615,9.95843,9.251487,0.92901057,0.18672384,2,ACORN-J,Comfortable,ToU
MAC003667,43.82332,17.292402,0.91573346,1.4612988,0.61205804,43.618904,44.341557,1.0165675,0.39459363,0,ACORN-L,Adversity,Std
MAC003668,36.93272,9.962203,0.77209663,2.3468924,0.33861262,37.047245,36.642372,0.9890714,0.2697392,0,ACORN-A,Affluent,Std
MAC003669,7.318881,2.687072,0.15454349,0.61838543,0.2846544,7.2150207,7.581588,1.0508062,0.36714247,2,ACORN-L,Adversity,ToU
MAC003670,6.3882427,1.9962033,0.13352376,0.49423307,0.32814136,6.260203,6.712852,1.0723058,0.3124808,2,ACORN-H,Comfortable,Std
MAC003671,5.4251013,2.193644,0.113429114,0.5727132,0.25165057,5.086642,6.2831693,1.2352294,0.4043508,2,ACORN-N,Adversity,Std
MAC003672,6.1511993,3.1934528,0.128386,0.6534024,0.21283562,6.0136333,6.499958,1.0808704,0.5191594,2,ACORN-G,Comfortable,Std
MAC003673,6.558562,2.0782464,0.13691822,0.8971514,0.17871663,6.1882358,7.497416,1.2115595,0.3168753,2,ACORN-M,Adversity,Std
MAC003674,10.031224,2.3490236,0.20936453,0.8880677,0.25185287,9.744081,10.759197,1.1041778,0.23417118,2,ACORN-L,Adversity,Std
MAC003675,23.001608,4.7333384,0.48007944,2.8338764,0.19193366,22.6163,23.97845,1.0602287,0.20578294,1,ACORN-L,Adversity,ToU
MAC003676,14.734868,8.194019,0.30798012,0.9866374,0.38553935,14.854386,14.431866,0.9715558,0.5560972,1,ACORN-Q,Adversity,Std
MAC003677,7.9015455,1.8966433,0.16529666,1.0602032,0.16586046,7.704669,8.400669,1.0903349,0.24003448,2,ACORN-G,Comfortable,ToU
MAC003678,14.67245,6.39334,0.30811703,1.0281574,0.33272526,14.794476,14.363091,0.9708415,0.43573773,1,ACORN-H,Comfortable,Std
MAC003679,4.4301953,1.5627779,0.09306391,0.3412968,0.31149283,4.860675,3.3388379,0.6869083,0.35275596,2,ACORN-F,Comfortable,ToU
MAC003680,16.968185,6.604566,0.3546581,1.1836468,0.33796597,17.194473,16.396091,0.9535675,0.3892323,1,ACORN-A,Affluent,Std
MAC003681,8.064747,2.212389,0.16841401,0.8701996,0.22611845,8.124159,7.914542,0.97419834,0.27432838,2,ACORN-G,Comfortable,Std
MAC003682,17.566818,9.554851,0.36715397,1.2172914,0.31829175,17.24524,18.379824,1.0657911,0.5439147,1,ACORN-H,Comfortable,ToU
MAC003683,10.534951,1.5927346,0.22029865,0.6351832,0.41110036,10.453013,10.740861,1.0275372,0.15118575,2,ACORN-A,Affluent,Std
MAC003684,7.734433,1.5078255,0.16166534,0.6072395,0.31249535,7.8581276,7.4217114,0.9444631,0.1949497,2,ACORN-H,Comfortable,ToU
MAC003685,11.922409,5.2917104,0.2489679,1.0304551,0.27640355,11.373223,13.310845,1.170367,0.44384572,1,ACORN-H,Comfortable,Std
MAC003686,16.228548,6.7972846,0.33927238,1.1357845,0.3379137,15.5337,17.985247,1.1578212,0.41884735,1,ACORN-A,Affluent,Std
MAC003687,12.453359,3.8575237,0.2605256,1.4573812,0.24389523,12.97745,11.128366,0.85751563,0.3097577,1,ACORN-G,Comfortable,Std
MAC003688,6.9252195,1.1877648,0.1447168,0.34753692,0.43555042,6.747084,7.3755774,1.0931504,0.17151295,2,ACORN-L,Adversity,Std
MAC003689,14.909793,11.851236,0.3134194,1.1277605,0.2993616,13.434051,18.640718,1.3875724,0.79486257,1,ACORN-F,Comfortable,Std
MAC003690,5.8163795,2.1386395,0.12155365,0.4251078,0.2987264,5.54849,6.493648,1.1703451,0.36769256,2,ACORN-H,Comfortable,Std
MAC003691,5.0537925,1.352475,0.10563424,0.59007186,0.22348492,4.8103485,5.6692605,1.178555,0.26761585,2,ACORN-O,Adversity,Std
MAC003692,8.326511,2.4530182,0.17450203,0.70725,0.29077026,8.087941,8.9279785,1.1038629,0.29460335,2,ACORN-L,Adversity,Std
MAC003693,19.389332,5.0056734,0.40627632,1.4298084,0.29964924,18.404016,21.88038,1.1888916,0.25816637,1,ACORN-Q,Adversity,Std
MAC003694,2.27402,0.49480942,0.047516193,0.22706588,0.23771459,2.2545125,2.323338,1.0305278,0.21759239,2,ACORN-O,Adversity,Std
MAC003695,2.3274212,0.55171144,0.04880631,0.1820539,0.28091267,2.2612228,2.4947817,1.1032888,0.23704839,2,ACORN-G,Comfortable,ToU
MAC003696,4.8068852,1.1966388,0.10060864,0.3606479,0.29728186,4.70216,5.0717797,1.0786064,0.24894266,2,ACORN-H,Comfortable,Std
MAC003697,19.806385,6.9923663,0.41370127,1.2817844,0.3339467,19.834774,19.734612,0.9949502,0.35303596,1,ACORN-H,Comfortable,Std
MAC003698,7.778812,1.2163731,0.16289894,0.55819,0.31930697,7.728039,7.9068165,1.0231336,0.15637003,2,ACORN-L,Adversity,Std
MAC003699,14.109465,7.9037237,0.2958449,1.1924083,0.2482215,13.606806,15.3808975,1.1303827,0.5601718,1,ACORN-H,Comfortable,Std
MAC003700,3.762633,0.5565968,0.07858018,0.2935892,0.298813,3.694213,3.9346478,1.0650842,0.14792748,2,ACORN-P,Adversity,Std
MAC003701,4.787862,1.6418718,0.1001248,0.354194,0.3226783,4.71595,4.969162,1.0536927,0.34292382,2,ACORN-H,Comfortable,Std
MAC003702,8.894336,3.373697,0.18573517,0.927028,0.31306353,8.94484,8.767007,0.9801189,0.3793085,2,ACORN-H,Comfortable,Std
MAC003703,18.905546,4.380569,0.39421755,2.2747037,0.18651284,18.316473,20.373238,1.1122904,0.23170814,1,ACORN-L,Adversity,ToU
MAC003704,18.170235,6.815076,0.37937725,1.484872,0.2782438,17.922918,18.793745,1.0485873,0.37506813,1,ACORN-N,Adversity,Std
MAC003705,8.043926,1.7201524,0.16820247,0.647278,0.28878978,7.8493996,8.534352,1.0872618,0.21384487,2,ACORN-L,Adversity,ToU
MAC003706,11.143023,4.6263094,0.23262583,1.364698,0.20449747,10.764977,12.09612,1.123655,0.41517544,1,ACORN-L,Adversity,ToU
MAC003707,3.5719838,3.355387,0.07509949,0.170012,0.5945311,3.5503547,3.6265142,1.0214512,0.9393623,2,ACORN-Q,Adversity,Std
MAC003708,16.696747,5.4909534,0.34862116,0.946162,0.4220418,15.750928,19.081274,1.2114381,0.32886368,1,ACORN-D,Affluent,ToU
MAC003709,39.427242,17.359938,0.8244349,1.671504,0.4806715,38.87146,40.828445,1.0503451,0.44030312,0,ACORN-D,Affluent,Std
MAC003710,7.6031423,2.1160872,0.1595875,0.638518,0.2987336,7.4811563,7.910683,1.0574145,0.27831745,2,ACORN-E,Affluent,Std
MAC003711,11.980563,6.0716424,0.25013873,0.99527436,0.34793925,11.756824,12.543107,1.0668789,0.50679106,1,ACORN-E,Affluent,Std
MAC003712,28.020308,11.47658,0.58416444,1.8071063,0.33214256,27.320766,29.789736,1.0903697,0.4095808,0,ACORN-H,Comfortable,Std
MAC003713,15.455132,6.17127,0.32270747,1.3956219,0.2503387,15.359612,15.6959505,1.0218976,0.39930233,1,ACORN-G,Comfortable,ToU
MAC003714,11.587616,2.5297713,0.24249934,0.78244,0.37024966,11.023008,13.011064,1.1803551,0.21831681,1,ACORN-Q,Adversity,Std
MAC003715,11.463037,3.321382,0.23945582,1.05398,0.24581328,11.397522,11.628204,1.0202397,0.28974715,1,ACORN-H,Comfortable,Std
MAC003716,7.0590158,1.9834,0.14788458,0.63413614,0.2547005,7.4632845,6.0333705,0.8084069,0.280974,2,ACORN-E,Affluent,Std
MAC003717,23.698637,15.389287,0.49455842,2.082758,0.25466427,23.257484,24.810831,1.0667892,0.64937437,0,ACORN-F,Comfortable,Std
MAC003718,9.988257,1.9291397,0.20877028,0.74989593,0.29455364,9.959077,10.061491,1.0102835,0.19314077,2,ACORN-A,Affluent,Std
MAC003719,13.640376,4.549572,0.28473058,1.048362,0.2900184,13.618678,13.695078,1.0056099,0.33353713,1,ACORN-A,Affluent,Std
MAC003720,10.390876,3.550461,0.21756682,0.9564793,0.2644775,9.996625,11.372711,1.1376551,0.34169027,1,ACORN-H,Comfortable,Std
MAC003721,4.079362,1.1169657,0.08542244,0.31506,0.31875956,3.981274,4.326655,1.0867513,0.27380893,2,ACORN-J,Comfortable,Std
MAC003722,8.718064,2.54062,0.18217374,0.66366804,0.31623775,8.739008,8.665261,0.99156123,0.2914202,2,ACORN-H,Comfortable,ToU
MAC003723,16.281445,5.792393,0.34063807,1.6305124,0.2234976,14.905802,19.750456,1.325018,0.35576653,1,ACORN-H,Comfortable,ToU
MAC003724,8.93689,3.8348558,0.18745507,0.712136,0.30213955,8.815721,9.242373,1.0483968,0.4291041,2,ACORN-E,Affluent,Std
MAC003725,19.50771,9.0140505,0.40769926,1.4817828,0.30552208,19.692923,19.046215,0.9671604,0.4620763,1,ACORN-E,Affluent,Std
MAC003726,9.750664,3.1315625,0.20349947,0.9236433,0.25013036,9.350605,10.756444,1.1503474,0.32116404,2,ACORN-L,Adversity,Std
MAC003727,8.681986,2.3357723,0.1812329,0.93712425,0.21688196,7.9559946,10.50719,1.3206632,0.26903665,2,ACORN-L,Adversity,Std
MAC003728,17.29923,7.283003,0.3613583,1.113517,0.36317062,17.892088,15.80874,0.88356036,0.42100155,1,ACORN-L,Adversity,ToU
MAC003729,13.921354,3.0815358,0.29046157,1.0880722,0.28345838,13.598485,14.733077,1.0834352,0.22135316,1,ACORN-G,Comfortable,Std
MAC003730,12.037118,6.353688,0.25121123,1.3799759,0.26643452,12.053868,11.9950075,0.99511683,0.52784127,1,ACORN-O,Adversity,Std
MAC003731,4.207812,1.1619822,0.08784689,0.2862004,0.3370282,4.23214,4.146648,0.97979933,0.2761488,2,ACORN-C,Affluent,Std
MAC003732,25.33477,4.9354463,0.52902615,1.5076252,0.38996258,24.284199,27.976,1.1520249,0.1948092,1,ACORN-H,Comfortable,Std
MAC003733,20.95809,6.280976,0.43765816,1.6118758,0.29601473,19.222609,25.32124,1.3172635,0.29969218,1,ACORN-G,Comfortable,Std
MAC003734,11.571215,6.448111,0.24135017,1.5388477,0.15447585,11.682454,11.29155,0.9665392,0.5572545,1,ACORN-G,Comfortable,Std
MAC003735,11.278329,5.8175554,0.23547608,0.92792183,0.32422778,10.57835,13.038134,1.23253,0.51581717,1,ACORN-G,Comfortable,Std
MAC003736,10.326615,3.088453,0.21561633,1.4869158,0.18049793,10.041851,11.042536,1.0996515,0.299077,1,ACORN-C,Affluent,ToU
MAC003737,10.082427,2.2961755,0.2105133,1.2450962,0.18406358,9.661838,11.139824,1.1529715,0.22774035,1,ACORN-A,Affluent,Std
MAC003738,14.344218,5.7372127,0.2995461,1.1226012,0.2858525,13.766336,15.797064,1.147514,0.3999669,1,ACORN-L,Adversity,ToU
MAC003739,6.2943087,3.4259045,0.13138187,0.48738077,0.38556123,6.605415,5.5121617,0.8344914,0.5442861,2,ACORN-J,Comfortable,Std
MAC003740,10.288597,7.7026715,0.2153195,0.67522645,0.3532186,10.416087,9.968078,0.9569887,0.74866104,1,ACORN-A,Affluent,Std
MAC003741,10.770743,4.310795,0.22493808,1.0829378,0.24756056,11.2868595,9.473184,0.8393108,0.40023187,1,ACORN-Q,Adversity,Std
MAC003742,4.939134,1.0469102,0.10318694,1.0834368,0.112338066,4.75993,5.389669,1.1323,0.21196228,2,ACORN-O,Adversity,Std
MAC003743,7.0908318,1.5141095,0.14822328,0.55468535,0.30819118,7.066507,7.1519856,1.0120963,0.21353059,2,ACORN-H,Comfortable,Std
MAC003744,3.4178457,0.89289623,0.07136649,0.5307735,0.15921119,3.2668293,3.7975142,1.1624465,0.26124534,2,ACORN-O,Adversity,Std
MAC003745,8.313868,3.9241164,0.1735301,0.8182846,0.25926092,7.9123836,9.323233,1.178309,0.4719965,2,ACORN-C,Affluent,ToU
MAC003746,45.29416,19.39791,0.9474957,2.4812906,0.40494564,45.71428,44.237946,0.9677052,0.42826512,0,ACORN-E,Affluent,Std
MAC003747,8.120746,3.1621194,0.17024627,0.622517,0.3093299,7.026521,10.871718,1.5472405,0.38938782,2,ACORN-Q,Adversity,ToU
MAC003748,14.376068,3.857336,0.303239,1.190142,0.27709582,13.776611,15.886701,1.1531646,0.26831648,1,ACORN-C,Affluent,Std
MAC003749,33.98939,17.006868,0.71160865,1.1818638,0.5710141,33.74165,34.612232,1.0258014,0.5003581,0,ACORN-M,Adversity,Std
MAC003750,15.604444,3.3202927,0.32686192,1.3648797,0.2524712,15.172457,16.690493,1.1000521,0.21277867,1,ACORN-H,Comfortable,Std
MAC003751,10.413319,5.032337,0.217497,1.1037716,0.21328649,9.951499,11.574373,1.1630784,0.4832597,1,ACORN-J,Comfortable,Std
MAC003752,11.815567,3.7057087,0.24714155,0.98558116,0.2666485,10.5236635,15.063521,1.4313952,0.31362936,1,ACORN-L,Adversity,Std
MAC003753,11.606192,4.139993,0.24266824,0.8547595,0.31981888,11.379652,12.175733,1.0699565,0.35670558,1,ACORN-H,Comfortable,ToU
MAC003754,11.515537,2.6268256,0.24046311,0.7488032,0.38225,10.555284,13.922936,1.319049,0.22811142,1,ACORN-H,Comfortable,Std
MAC003755,11.92945,4.1905017,0.24901725,1.0644779,0.27222702,12.1101265,11.476486,0.94767684,0.35127366,1,ACORN-C,Affluent,Std
MAC003756,19.08927,2.9278111,0.3984442,0.98727113,0.4136118,18.891253,19.585703,1.0367604,0.1533747,1,ACORN-O,Adversity,Std
MAC003757,14.956331,5.236828,0.31233633,1.2663152,0.25605124,14.042789,17.24662,1.2281477,0.3501412,1,ACORN-L,Adversity,Std
MAC003758,32.13485,7.1918283,0.6764443,1.8226285,0.40451747,31.9996,32.473923,1.0148228,0.22380152,0,ACORN-H,Comfortable,ToU
MAC003759,11.854923,3.9437644,0.24779503,1.0077088,0.2697025,11.77397,12.05788,1.0241134,0.3326689,1,ACORN-H,Comfortable,Std
MAC003760,11.184074,3.7836602,0.23538257,1.2772751,0.25230935,10.887118,11.928556,1.0956578,0.33830786,1,ACORN-G,Comfortable,ToU
MAC003761,3.0797298,1.1657994,0.06471639,0.19389112,0.397095,3.163307,2.869305,0.90705866,0.3785395,2,ACORN-Q,Adversity,Std
MAC003762,11.274135,4.794218,0.2369563,1.1146606,0.23281588,10.880289,12.261521,1.1269481,0.42524046,1,ACORN-C,Affluent,ToU
MAC003763,4.544311,1.2095982,0.09521844,0.81414056,0.13349076,4.424284,4.8452253,1.0951434,0.26617855,2,ACORN-L,Adversity,Std
MAC003764,18.607056,12.843461,0.38828844,1.2531867,0.32081676,17.947756,20.259945,1.1288289,0.6902468,1,ACORN-K,Adversity,Std
MAC003765,6.725651,1.874306,0.14043753,0.6364277,0.25033814,6.5148063,7.2542467,1.1135015,0.27868024,2,ACORN-L,Adversity,Std
MAC003766,10.669833,4.0769596,0.22355816,1.0512711,0.25279662,10.50875,11.073676,1.0537577,0.38210154,1,ACORN-C,Affluent,ToU
MAC003767,7.4007854,3.2906168,0.15441151,0.80544174,0.22664069,6.5994887,9.409669,1.4258178,0.44463074,2,ACORN-Q,Adversity,Std
MAC003768,16.514257,6.047391,0.34464604,1.0161486,0.37168664,16.50627,16.534288,1.0016974,0.36619213,1,ACORN-H,Comfortable,Std
MAC003769,13.310776,5.4329967,0.27849302,0.98693776,0.2998979,12.792374,14.610429,1.1421202,0.4081653,1,ACORN-M,Adversity,ToU
MAC003770,13.456768,4.4000707,0.28275627,0.8628836,0.34652472,12.812659,15.067037,1.1759492,0.32697827,1,ACORN-L,Adversity,Std
MAC003771,4.975737,1.6601497,0.10396273,0.54663455,0.24011178,4.818427,5.3701196,1.1144964,0.333649,2,ACORN-G,Comfortable,ToU
MAC003772,18.10519,13.223605,0.3775064,1.9276084,0.21808702,17.24108,20.271557,1.1757708,0.7303765,1,ACORN-O,Adversity,Std
MAC003773,13.06601,3.1547174,0.27302945,1.1717892,0.27332634,13.188233,12.759592,0.9674982,0.24144459,1,ACORN-L,Adversity,Std
MAC003774,12.082986,2.1586564,0.25247747,1.096237,0.25028458,11.802205,12.786915,1.0834343,0.17865255,1,ACORN-I,Comfortable,Std
MAC003775,29.732668,11.736127,0.62103665,1.9553628,0.323034,30.424706,28.018545,0.92091423,0.39472163,0,ACORN-A,Affluent,Std
MAC003776,18.239296,6.820938,0.38060886,1.408247,0.29645804,17.812489,19.309317,1.0840325,0.37396938,1,ACORN-C,Affluent,Std
MAC003777,8.678496,7.6296577,0.18088904,0.93897986,0.22336966,8.069154,10.197094,1.2637129,0.87914515,1,ACORN-E,Affluent,Std
MAC003778,6.34395,3.318403,0.13304383,0.77782935,0.21469823,5.9881096,7.2360563,1.2084042,0.52308154,2,ACORN-J,Comfortable,Std
MAC003779,20.058773,15.273859,0.41917393,1.9183674,0.20716904,18.95053,22.83719,1.2050952,0.7614553,1,ACORN-O,Adversity,Std
MAC003780,7.41249,2.0641968,0.15496668,0.57591367,0.32290244,7.3317165,7.6149926,1.038637,0.2784755,2,ACORN-U,ACORN-U,Std
MAC003781,6.726906,2.815348,0.14060487,0.5957832,0.25782335,5.6494045,9.4282465,1.668892,0.41852048,2,ACORN-N,Adversity,Std
MAC003782,12.902835,3.8705373,0.2696013,1.0667831,0.26675844,11.592914,16.186865,1.3962723,0.29997572,1,ACORN-C,Affluent,ToU
MAC003783,13.100137,3.8021774,0.27364308,1.1282032,0.27448067,12.855473,13.711796,1.0666115,0.2902395,1,ACORN-L,Adversity,ToU
MAC003784,18.554556,6.575817,0.3904093,1.2086177,0.3463491,17.03634,22.35009,1.3119067,0.35440445,1,ACORN-H,Comfortable,Std
MAC003785,7.7583838,3.8640962,0.1619289,0.6763616,0.27312726,7.5235686,8.3538065,1.1103516,0.49805427,2,ACORN-L,Adversity,Std
MAC003786,9.171374,2.9433854,0.19146194,0.8775858,0.24700932,8.998361,9.6100855,1.0679818,0.32093176,2,ACORN-M,Adversity,Std
MAC003787,7.2222524,1.2272139,0.15102953,0.5378505,0.3090223,7.088989,7.560171,1.0664668,0.1699212,2,ACORN-C,Affluent,Std
MAC003788,7.0590687,2.211436,0.14749162,0.67384243,0.29712784,6.9614706,7.30655,1.0495698,0.3132759,2,ACORN-J,Comfortable,ToU
MAC003789,17.46742,10.7813635,0.3649561,2.0633414,0.18341288,17.409136,17.615213,1.0118374,0.617227,1,ACORN-E,Affluent,Std
MAC003790,7.122285,3.5285335,0.14873387,0.7407596,0.24857451,7.0637407,7.2707357,1.0293039,0.49542156,2,ACORN-E,Affluent,Std
MAC003791,4.7413573,1.7900944,0.09910156,0.38863233,0.33623764,4.207783,6.09435,1.4483516,0.37754893,2,ACORN-J,Comfortable,Std
MAC003792,5.1969233,2.1268127,0.108400464,1.1172667,0.11810125,5.1086307,5.4208074,1.0611078,0.4092446,2,ACORN-Q,Adversity,Std
MAC003793,8.615204,1.5568442,0.18047556,1.0303172,0.18454704,8.596989,8.661392,1.0074914,0.18070893,2,ACORN-L,Adversity,Std
MAC003794,16.348291,3.3215857,0.3417599,0.7981212,0.4412081,16.070196,17.053457,1.0611854,0.20317632,1,ACORN-H,Comfortable,Std
MAC003795,21.523218,7.8937173,0.44911444,1.2768888,0.39830044,21.142492,22.488628,1.0636697,0.36675358,1,ACORN-H,Comfortable,Std
MAC003796,13.22555,7.8496857,0.27603018,1.0665132,0.251525,13.159724,13.392464,1.0176858,0.59352434,1,ACORN-G,Comfortable,Std
MAC003797,2.8143497,0.971748,0.05876274,0.42844644,0.15737705,2.6793578,3.15665,1.1781368,0.34528333,2,ACORN-O,Adversity,Std
MAC003798,6.000406,1.7505465,0.12532645,0.69044644,0.22608215,6.1811013,5.542214,0.8966386,0.291738,2,ACORN-N,Adversity,Std
MAC003799,23.76325,7.601134,0.49679193,1.9527313,0.26028356,24.550644,21.766644,0.88660175,0.31986928,1,ACORN-I,Comfortable,Std
MAC003800,11.8308525,3.48158,0.24695106,1.7632082,0.14440243,10.811961,14.414472,1.3331968,0.29427972,1,ACORN-E,Affluent,Std
MAC003801,10.571345,3.8162827,0.22082804,1.0467615,0.2300038,10.446296,10.888435,1.042325,0.36100256,1,ACORN-H,Comfortable,Std
MAC003802,21.928116,4.4859796,0.4576675,1.9363595,0.24167307,21.748304,22.384064,1.0292326,0.20457661,1,ACORN-J,Comfortable,Std
MAC003803,8.735749,4.7247643,0.18252957,0.72889495,0.2635187,8.750972,8.697149,0.9938495,0.5408539,2,ACORN-I,Comfortable,Std
MAC003804,11.073022,6.783109,0.2314997,0.93874747,0.3074269,10.923285,11.452714,1.048468,0.61257976,1,ACORN-C,Affluent,Std
MAC003805,12.731641,4.087151,0.26622283,0.85237175,0.3489809,12.557927,13.172129,1.0489094,0.3210231,1,ACORN-A,Affluent,Std
MAC003806,7.615454,2.6705804,0.15930128,0.7980889,0.2605914,7.6782537,7.4562144,0.9710821,0.35067907,2,ACORN-H,Comfortable,Std
MAC003807,27.01342,10.956186,0.5639833,1.8482282,0.32522243,26.899134,27.30322,1.0150223,0.40558308,0,ACORN-A,Affluent,ToU
MAC003808,9.5944605,2.6409442,0.2011782,0.61360407,0.39019915,9.628938,9.507035,0.98734,0.2752572,2,ACORN-H,Comfortable,ToU
MAC003809,3.2547777,0.9366293,0.067947716,0.37641618,0.20612574,3.2077491,3.3740287,1.0518368,0.2877706,2,ACORN-H,Comfortable,Std
MAC003810,12.739253,3.5409281,0.26623946,1.0375798,0.26859567,12.653605,12.956429,1.0239317,0.27795413,1,ACORN-G,Comfortable,Std
MAC003811,16.036179,8.342915,0.3349328,1.3481213,0.26920435,16.087,15.907307,0.9888299,0.5202558,1,ACORN-F,Comfortable,Std
MAC003812,5.498459,1.5844563,0.11496933,0.47846463,0.27853692,5.3337913,5.9160075,1.1091561,0.28816372,2,ACORN-H,Comfortable,Std
MAC003813,14.297594,3.0660193,0.29893267,0.85989696,0.40255025,14.291535,14.312957,1.0014989,0.21444303,1,ACORN-Q,Adversity,Std
MAC003814,5.8247457,1.3958336,0.12211632,0.47112727,0.2974257,5.6234365,6.3352075,1.1265723,0.23963855,2,ACORN-G,Comfortable,Std
MAC003815,8.9419365,2.327865,0.18698855,0.8480424,0.2591811,8.713958,9.520028,1.0925033,0.26033118,2,ACORN-H,Comfortable,Std
MAC003816,10.395386,1.7810656,0.21735027,0.8860889,0.25713,10.54516,10.015599,0.9497816,0.17133233,2,ACORN-L,Adversity,ToU
MAC003817,21.90817,13.363539,0.4587205,1.3741757,0.35799554,21.971344,21.747986,0.98983413,0.6099797,1,ACORN-A,Affluent,Std
MAC003818,23.949436,11.830451,0.50105333,1.1239959,0.57669353,24.085161,23.605278,0.98007554,0.49397618,0,ACORN-E,Affluent,Std
MAC003819,9.776227,4.3625326,0.20422448,0.6794676,0.3747991,10.119353,8.908607,0.88035333,0.44623888,2,ACORN-G,Comfortable,Std
MAC003820,26.600174,7.8400702,0.55724955,1.4566296,0.40752038,26.495245,26.8655,1.0139744,0.29473755,0,ACORN-H,Comfortable,ToU
MAC003821,10.901438,2.6070857,0.22747023,0.8523778,0.2910837,10.519993,11.855051,1.1269068,0.23915063,1,ACORN-L,Adversity,Std
MAC003822,6.9440646,2.1439617,0.14505291,0.6164028,0.30296758,6.893627,7.0716,1.025817,0.30874738,2,ACORN-B,Affluent,Std
MAC003823,13.990229,3.8498497,0.2923975,1.044498,0.30607408,13.494388,15.2439995,1.1296548,0.27518132,1,ACORN-H,Comfortable,ToU
MAC003824,9.899504,2.9263873,0.20709544,0.7855324,0.29156864,10.028743,9.572715,0.9545279,0.2956095,2,ACORN-N,Adversity,Std
MAC003825,5.1931257,1.7983624,0.10837596,0.3937328,0.2941861,4.9957514,5.6922,1.1394082,0.34629673,2,ACORN-F,Comfortable,Std
MAC003826,10.594512,3.4936693,0.22103429,1.2650121,0.224616,10.044308,11.9857435,1.1932871,0.32976216,1,ACORN-A,Affluent,Std
MAC003827,4.3003726,0.88307256,0.08981829,0.50537854,0.22754572,4.2796044,4.3528857,1.0171233,0.20534791,2,ACORN-G,Comfortable,ToU
MAC003828,10.445982,3.7878501,0.21811487,1.0072267,0.23960294,9.527176,12.76925,1.3402975,0.3626131,1,ACORN-G,Comfortable,Std
MAC003829,19.398699,7.463301,0.40478587,1.6230385,0.28102767,18.43765,21.82878,1.1839241,0.38473204,1,ACORN-M,Adversity,ToU
MAC003830,3.8586478,0.62079954,0.08073827,0.26757288,0.35800025,3.8389096,3.9085572,1.0181426,0.16088526,2,ACORN-G,Comfortable,Std
MAC003831,7.691486,2.7550035,0.16062585,0.4092105,0.41403815,7.4694805,8.252843,1.1048751,0.35818872,2,ACORN-G,Comfortable,Std
MAC003832,24.88211,7.936235,0.52022624,1.232921,0.424503,24.193409,26.623543,1.1004461,0.31895345,1,ACORN-H,Comfortable,Std
MAC003833,6.4042654,2.3714476,0.13398905,0.6201356,0.27521837,6.0074234,7.407707,1.2330922,0.3702919,2,ACORN-H,Comfortable,Std
MAC003834,13.265219,3.9580765,0.277264,1.0427572,0.27560988,12.970311,14.010914,1.0802296,0.29838005,1,ACORN-H,Comfortable,Std
MAC003835,11.628597,3.2761145,0.24311368,1.1889595,0.22232425,11.785534,11.231771,0.95301336,0.28172913,1,ACORN-N,Adversity,Std
MAC003836,18.253893,6.7933264,0.3810292,1.5552571,0.26422,17.473398,20.227428,1.1576128,0.37215766,1,ACORN-L,Adversity,Std
MAC003837,3.4942064,0.91998506,0.073194444,0.44421658,0.1830699,3.253808,4.1020713,1.2606987,0.2632887,2,ACORN-N,Adversity,Std
MAC003838,12.63229,3.9631689,0.26404548,0.8534271,0.33627033,12.03152,14.151379,1.176192,0.31373322,1,ACORN-L,Adversity,Std
MAC003839,10.122598,4.721904,0.21191217,1.0203823,0.21873333,10.452714,9.288465,0.8886175,0.46647155,1,ACORN-H,Comfortable,Std
MAC003840,10.799091,4.4760222,0.22567084,0.8767024,0.34493572,10.401399,11.804686,1.1349133,0.41448137,1,ACORN-A,Affluent,Std
MAC003841,11.024921,4.70391,0.23025563,1.1463543,0.23477799,11.129139,10.761399,0.96695703,0.42666152,1,ACORN-K,Adversity,Std
MAC003842,16.08039,4.465062,0.3361457,0.97543925,0.35163936,14.317115,20.538958,1.4345738,0.27767125,1,ACORN-H,Comfortable,Std
MAC003843,13.617672,2.8464658,0.2842749,1.0652996,0.28772506,13.069938,15.002658,1.1478752,0.20902735,1,ACORN-C,Affluent,Std
MAC003844,14.5743,6.607708,0.30457863,1.2981865,0.25813377,12.866617,18.8801,1.467371,0.45338082,1,ACORN-A,Affluent,Std
MAC003845,9.941923,3.042051,0.20858912,0.7775619,0.32092667,9.845742,10.184436,1.0344,0.30598214,2,ACORN-E,Affluent,Std
MAC003846,2.58716,0.8699149,0.05398831,0.3203773,0.20967296,2.4155893,3.0197642,1.2501149,0.33624315,2,ACORN-J,Comfortable,Std
MAC003847,6.22885,1.2870008,0.13000368,0.54789454,0.29022342,6.296184,6.0590715,0.9623403,0.20661932,2,ACORN-G,Comfortable,Std
MAC003848,17.960907,7.1605625,0.37476864,1.2209228,0.31050986,17.86459,18.203772,1.0189862,0.39867488,1,ACORN-L,Adversity,ToU
MAC003849,5.44044,1.4187587,0.1138423,0.44341785,0.28062543,5.5027165,5.2834144,0.96014655,0.26078013,2,ACORN-Q,Adversity,Std
MAC003850,10.324157,2.1358051,0.21578497,0.6290426,0.360808,10.273289,10.4524145,1.017436,0.20687453,2,ACORN-N,Adversity,Std
MAC003851,13.436961,3.4795103,0.2805616,1.10272,0.2671761,13.300148,13.781928,1.0362236,0.25895068,1,ACORN-A,Affluent,Std
MAC003852,16.207458,5.3325353,0.33849612,1.3943794,0.2659074,16.741861,14.86,0.8875954,0.32901737,1,ACORN-H,Comfortable,ToU
MAC003853,5.9862432,1.7888521,0.12511374,0.6877728,0.2376803,5.8434763,6.3462214,1.0860353,0.29882717,2,ACORN-Q,Adversity,Std
MAC003854,8.62174,4.023344,0.18031517,1.0369635,0.22408502,7.809051,10.670878,1.3664757,0.46665102,2,ACORN-E,Affluent,Std
MAC003855,10.984414,3.2107441,0.22976132,0.788426,0.32131082,10.562003,12.049493,1.1408341,0.2923,1,ACORN-H,Comfortable,Std
MAC003856,34.223923,8.257527,0.71590936,2.1210487,0.3488462,33.93128,34.961807,1.0303711,0.2412794,0,ACORN-A,Affluent,Std
MAC003857,5.2263255,1.6000466,0.10943331,0.5642134,0.28717336,5.1857753,5.3282785,1.0274796,0.30615136,2,ACORN-H,Comfortable,Std
MAC003858,17.641685,5.1532717,0.3680929,1.2809024,0.30903,17.357735,18.355614,1.057489,0.29210767,1,ACORN-J,Comfortable,Std
MAC003859,14.812577,3.811285,0.30950955,1.6106788,0.22264834,15.567786,12.913764,0.8295183,0.2573006,1,ACORN-H,Comfortable,Std
MAC003860,32.409943,14.408237,0.67916065,2.2139044,0.29495543,30.94627,36.090034,1.166216,0.44456226,0,ACORN-U,ACORN-U,Std
MAC003861,27.503769,9.579678,0.5741549,1.5980427,0.36739582,27.084322,28.558372,1.0544245,0.34830418,0,ACORN-K,Adversity,Std
MAC003862,8.652321,2.9999294,0.1810535,1.3113517,0.16144936,8.467866,9.116094,1.0765514,0.34671962,2,ACORN-L,Adversity,ToU
MAC003863,13.913971,5.69299,0.291007,1.0073252,0.3204882,13.40946,15.182457,1.1322199,0.40915638,1,ACORN-A,Affluent,Std
MAC003864,7.9670935,2.698777,0.16641112,0.7633841,0.27955118,7.8105254,8.36075,1.0704466,0.33874047,2,ACORN-I,Comfortable,Std
MAC003865,2.844236,0.7018624,0.059398122,0.25503454,0.31005728,2.8266988,2.8883286,1.0218028,0.2467666,2,ACORN-H,Comfortable,ToU
MAC003866,4.471689,1.0768117,0.09333856,0.28950408,0.38626513,4.513992,4.3653283,0.96706605,0.24080646,2,ACORN-H,Comfortable,Std
MAC003867,21.07665,5.8544016,0.44008338,1.5922022,0.29680437,20.904024,21.506948,1.0288424,0.27776718,1,ACORN-H,Comfortable,Std
MAC003868,10.635333,4.327584,0.22218056,1.0536829,0.25082096,10.336591,11.386457,1.101568,0.40690628,1,ACORN-G,Comfortable,Std
MAC003869,14.230586,5.111475,0.2972152,1.1018333,0.2901461,14.315653,14.0167,0.97911704,0.35918936,1,ACORN-M,Adversity,ToU
MAC003870,15.612378,8.342439,0.32614774,1.1293577,0.2979616,15.028412,17.080637,1.1365564,0.5343477,1,ACORN-G,Comfortable,Std
MAC003871,3.3101728,0.669336,0.06923899,0.29031911,0.27900535,3.3088324,3.3135428,1.0014236,0.20220576,2,ACORN-G,Comfortable,Std
MAC003872,17.626871,2.763205,0.36838445,1.1337987,0.34322703,17.59731,17.7012,1.0059038,0.15676095,1,ACORN-Q,Adversity,Std
MAC003873,16.223906,3.9756813,0.33922598,0.91115654,0.39915934,16.024576,16.72507,1.0437138,0.24505082,1,ACORN-H,Comfortable,Std
MAC003874,11.09024,2.776852,0.23189746,0.64661175,0.43273854,10.911733,11.539058,1.0574908,0.250387,2,ACORN-A,Affluent,Std
MAC003875,13.331545,2.2689161,0.2785213,1.0331057,0.29012936,13.452304,13.027922,0.9684528,0.17019154,1,ACORN-H,Comfortable,Std
MAC003876,19.998028,9.324478,0.4180032,1.2801911,0.34875327,19.666063,20.832678,1.0593212,0.46626988,1,ACORN-B,Affluent,Std
MAC003877,15.11136,9.22467,0.3156157,1.1816463,0.28039277,15.011813,15.36165,1.0233041,0.6104461,1,ACORN-J,Comfortable,Std
MAC003878,11.809083,3.435663,0.24721007,0.60841465,0.43388492,11.6574,12.190457,1.0457269,0.29093394,1,ACORN-H,Comfortable,Std
MAC003879,13.179095,3.5657954,0.2755376,1.3634187,0.22547701,13.030594,13.552471,1.0400501,0.2705645,1,ACORN-H,Comfortable,Std
MAC003880,7.90413,2.2167082,0.16505699,0.9479695,0.19383599,7.903844,7.9048495,1.0001272,0.28044936,2,ACORN-L,Adversity,Std
MAC003881,23.451239,22.37251,0.48952204,1.0757989,0.44491625,23.237823,23.987827,1.0322751,0.95400125,0,ACORN-I,Comfortable,Std
MAC003882,4.4871893,1.4829364,0.093831204,0.67493093,0.19538015,4.53121,4.3765073,0.9658584,0.33048224,2,ACORN-H,Comfortable,Std
MAC003883,3.8494573,0.81233186,0.08049745,0.30065244,0.3087852,3.8311536,3.8954785,1.0167899,0.21102503,2,ACORN-O,Adversity,Std
MAC003884,2.8330224,2.5754201,0.059233654,0.34360364,0.23231289,3.200074,1.9101499,0.59690803,0.90907156,2,ACORN-U,ACORN-U,Std
MAC003885,5.772872,3.2534597,0.12051746,0.6642785,0.21146429,5.668662,6.0348854,1.0646049,0.5635773,2,ACORN-Q,Adversity,Std
MAC003886,4.7855277,0.95621186,0.09994684,0.5500998,0.21903108,4.722527,4.9434786,1.0467867,0.19981326,2,ACORN-P,Adversity,Std
MAC003887,7.5468025,2.6053169,0.15866826,0.744556,0.24239539,7.1868544,8.449244,1.1756525,0.34522128,2,ACORN-M,Adversity,Std
MAC003888,10.148627,2.6851988,0.21209086,1.0153075,0.24679598,9.787679,11.053578,1.129336,0.2645874,1,ACORN-H,Comfortable,Std
MAC003889,11.009142,2.6597905,0.2297412,0.844501,0.30119056,10.982744,11.075329,1.00843,0.24159835,1,ACORN-C,Affluent,Std
MAC003890,15.200976,5.696262,0.31734747,1.2239531,0.27555692,13.756408,18.822714,1.368287,0.37473,1,ACORN-L,Adversity,ToU
MAC003891,7.3506207,1.6530454,0.15424281,0.7992705,0.2621507,7.0345774,8.136214,1.1566031,0.22488515,2,ACORN-L,Adversity,Std
MAC003892,8.693889,1.4075097,0.18178809,0.78665173,0.26598293,8.746285,8.562522,0.97898954,0.16189645,2,ACORN-I,Comfortable,ToU
MAC003893,4.251772,1.5297601,0.08881535,0.5788737,0.19719175,3.9264758,5.0673356,1.2905557,0.35979354,2,ACORN-F,Comfortable,Std
MAC003894,7.038984,2.0805483,0.14699909,0.5205947,0.3349335,6.8729343,7.4552927,1.0847322,0.29557508,2,ACORN-L,Adversity,Std
MAC003895,17.830194,8.058707,0.3734069,1.0171242,0.42307866,17.78171,17.951405,1.0095432,0.45196968,1,ACORN-A,Affluent,ToU
MAC003896,11.549566,3.4197364,0.24137144,1.244273,0.19799632,10.938997,13.08035,1.195754,0.29609218,1,ACORN-H,Comfortable,Std
MAC003897,7.775045,1.2963197,0.1627214,0.35182893,0.4924943,7.6549797,8.076065,1.055008,0.16672826,2,ACORN-H,Comfortable,ToU
MAC003898,9.811647,2.7537727,0.20481639,1.2482688,0.18171023,9.739182,9.993329,1.0260953,0.28066364,1,ACORN-E,Affluent,Std
MAC003899,10.494302,3.1795714,0.21920371,1.2234908,0.2004113,10.511151,10.452057,0.9943779,0.30298075,1,ACORN-H,Comfortable,ToU
MAC003900,11.932194,4.091712,0.24932507,0.9228371,0.31706634,11.765408,12.350349,1.0497171,0.34291363,1,ACORN-B,Affluent,Std
MAC003901,6.7833157,3.4432244,0.14160068,0.60791856,0.26327968,6.6725554,7.061007,1.0582163,0.507602,2,ACORN-C,Affluent,Std
MAC003902,27.328451,14.3039255,0.5767414,1.8084155,0.32072598,27.145258,27.78775,1.0236686,0.5234078,0,ACORN-L,Adversity,Std
MAC003903,31.751318,9.262271,0.6633957,2.0021284,0.34809434,30.669485,34.46363,1.1237108,0.29171297,0,ACORN-B,Affluent,ToU
MAC003904,15.822564,6.758873,0.3306966,0.8619919,0.41009295,15.520514,16.57985,1.0682539,0.42716673,1,ACORN-G,Comfortable,Std
MAC003905,6.6165357,3.763745,0.13832515,0.43394297,0.34232512,6.4933844,6.925293,1.0665152,0.56883925,2,ACORN-F,Comfortable,Std
MAC003906,18.238972,13.120404,0.38043344,2.110334,0.1739118,17.026411,21.279036,1.2497663,0.71936095,1,ACORN-E,Affluent,Std
MAC003907,28.729525,19.519669,0.60922724,1.6254582,0.39679325,28.569063,29.131823,1.0196983,0.6794289,0,ACORN-C,Affluent,Std
MAC003908,5.1362386,2.0835166,0.10745434,0.54229146,0.2603937,5.050144,5.3507195,1.0595181,0.4056503,2,ACORN-B,Affluent,Std
MAC003909,13.1940775,3.7352545,0.2755109,0.89742976,0.3509324,12.3450575,15.322693,1.2412006,0.28310084,1,ACORN-L,Adversity,Std
MAC003910,3.2177944,1.2611357,0.06747595,0.43148065,0.17330265,3.2343502,3.1762857,0.98204756,0.3919255,2,ACORN-E,Affluent,Std
MAC003911,13.826644,5.01723,0.28963277,1.2123109,0.26603055,13.34969,15.015621,1.1247917,0.3628668,1,ACORN-L,Adversity,ToU
MAC003912,7.6030264,2.3802278,0.1596936,0.50034213,0.34653127,7.554376,7.725,1.0225861,0.3130632,2,ACORN-C,Affluent,Std
MAC003913,10.186704,5.3849726,0.21297467,0.8064573,0.2756809,10.608142,9.162172,0.86369246,0.5286276,2,ACORN-N,Adversity,Std
MAC003914,28.153774,10.4938345,0.5882136,1.9141182,0.31338507,27.434752,29.956463,1.0919167,0.3727328,0,ACORN-C,Affluent,ToU
MAC003915,6.0601892,1.2512337,0.12657793,0.8037108,0.1732891,5.7930083,6.73005,1.1617539,0.20646776,2,ACORN-I,Comfortable,ToU
MAC003916,15.552043,2.769815,0.3254858,0.82401633,0.41021803,15.01002,16.91097,1.1266454,0.17809975,1,ACORN-U,ACORN-U,ToU
MAC003917,13.987308,4.769648,0.292945,1.1998268,0.25875032,13.204316,15.950378,1.207967,0.3409983,1,ACORN-H,Comfortable,Std
MAC003918,7.725943,1.7764459,0.16181624,0.5382973,0.346937,7.7071114,7.7731566,1.0085694,0.22993256,2,ACORN-L,Adversity,Std
MAC003919,7.4891324,3.2898042,0.15640406,0.7447739,0.2679488,7.618427,7.1649714,0.9404791,0.43927708,2,ACORN-L,Adversity,ToU
MAC003920,2.7355456,0.9768847,0.057186835,0.36005092,0.23353861,2.6882591,2.8541,1.0616908,0.35710782,2,ACORN-E,Affluent,Std
MAC003921,2.794959,1.2332218,0.058462605,0.20722607,0.34700188,2.7285044,2.9615715,1.0854193,0.4412307,2,ACORN-Q,Adversity,Std
MAC003922,6.2407255,2.0944364,0.13038516,0.51709837,0.30535057,6.255523,6.2031956,0.99163496,0.33560783,2,ACORN-L,Adversity,Std
MAC003923,8.266738,1.4848871,0.17274852,0.44183263,0.40593034,7.738217,9.591869,1.2395452,0.17962189,2,ACORN-N,Adversity,Std
MAC003924,7.133578,1.1518462,0.14949654,0.40473902,0.38934097,7.12563,7.153625,1.0039288,0.16146822,2,ACORN-Q,Adversity,Std
MAC003925,6.833975,2.234284,0.14266987,0.44359413,0.3376539,6.823377,6.860625,1.0054588,0.32693768,2,ACORN-H,Comfortable,Std
MAC003926,4.898052,0.847879,0.10250019,0.43119037,0.27889383,4.863912,4.9839044,1.0246699,0.17310534,2,ACORN-H,Comfortable,Std
MAC003927,6.038224,2.5424664,0.12611002,0.77037734,0.19156586,6.078815,5.9364486,0.9765799,0.42106193,2,ACORN-N,Adversity,Std
MAC003928,0.90355766,0.33742172,0.018921278,0.15619917,0.29241446,0.8792698,0.9644559,1.0968828,0.37343684,2,ACORN-F,Comfortable,Std
MAC003929,5.3002324,7.0267844,0.11069631,0.3821097,0.3491029,5.342053,5.1941195,0.97230774,1.3257502,2,ACORN-O,Adversity,Std
MAC003930,10.722158,5.8392115,0.22428033,0.8426877,0.32677868,10.110818,12.273321,1.2138802,0.5445929,1,ACORN-H,Comfortable,Std
MAC003931,3.234049,0.86340654,0.0676664,0.28463966,0.2678719,3.2134657,3.2855074,1.0224187,0.26697385,2,ACORN-Q,Adversity,Std
MAC003932,25.43469,10.959211,0.531785,1.923049,0.29842728,26.791199,22.043419,0.82278585,0.43087652,0,ACORN-E,Affluent,Std
MAC003933,7.9417043,1.7883807,0.16604726,0.5572527,0.31784403,7.8036857,8.287796,1.0620362,0.22518854,2,ACORN-C,Affluent,Std
MAC003934,13.985207,5.172109,0.29325327,0.9874102,0.32845426,14.214047,13.4077425,0.9432741,0.36982715,1,ACORN-E,Affluent,Std
MAC003935,7.784081,0.8920597,0.16236994,0.45669356,0.38483533,7.741068,7.889222,1.0191387,0.11460052,2,ACORN-Q,Adversity,Std
MAC003936,6.073215,2.0867746,0.12693232,0.61651325,0.26362342,5.6666665,7.094314,1.2519379,0.34360296,2,ACORN-Q,Adversity,Std
MAC003937,8.563859,3.4537253,0.17934993,0.7745,0.27843294,8.489907,8.749599,1.0305884,0.40329078,2,ACORN-F,Comfortable,Std
MAC003938,14.712205,4.935781,0.3071175,1.7698295,0.18729265,13.573047,17.573349,1.294724,0.33548886,1,ACORN-E,Affluent,Std
MAC003939,11.318038,3.2941554,0.23636997,1.3588625,0.19452706,10.8922615,12.38743,1.1372689,0.29105356,1,ACORN-N,Adversity,Std
MAC003940,6.821617,2.9097805,0.14229047,0.9033477,0.1697482,6.9906344,6.3971105,0.91509724,0.4265529,2,ACORN-E,Affluent,Std
MAC003941,5.1868377,1.4906373,0.10821547,0.60260427,0.22512984,5.1810417,5.2013955,1.0039285,0.28738847,2,ACORN-F,Comfortable,Std
MAC003942,4.9826655,2.3494716,0.104120135,0.51188743,0.2361295,4.99291,4.9569364,0.99279505,0.47152907,2,ACORN-Q,Adversity,Std
MAC003943,2.9325016,1.7133487,0.06139806,0.22765894,0.41618514,3.208044,2.2404418,0.6983825,0.58426183,2,ACORN-E,Affluent,Std
MAC003944,7.049002,0.95295733,0.14710373,0.35406125,0.45093754,7.0824256,6.9650526,0.9834276,0.13519038,2,ACORN-E,Affluent,Std
MAC003945,7.7374406,2.72726,0.16197376,0.65105295,0.29816362,7.8159122,7.5403485,0.96474326,0.35247573,2,ACORN-E,Affluent,Std
MAC003946,13.672362,5.1086416,0.28516614,1.6801089,0.17216581,12.293291,17.129618,1.3934119,0.37364733,1,ACORN-E,Affluent,Std
MAC003947,5.1863976,1.7624642,0.10837589,0.5003063,0.3142169,5.080169,5.453203,1.0734295,0.33982435,2,ACORN-F,Comfortable,ToU
MAC003948,14.210724,3.3413143,0.29709932,0.86025333,0.38313085,14.441005,13.632342,0.94400233,0.23512626,1,ACORN-P,Adversity,Std
MAC003949,9.689516,3.649834,0.2022823,0.93535596,0.26009068,9.476433,10.224704,1.0789613,0.37667865,2,ACORN-E,Affluent,Std
MAC003950,8.025146,2.8823223,0.16792518,0.77220035,0.27885345,7.6395946,8.993506,1.177223,0.35916138,2,ACORN-F,Comfortable,Std
MAC003951,9.907514,3.9358568,0.20722768,0.9656921,0.23996949,8.95494,12.300023,1.3735461,0.3972598,1,ACORN-F,Comfortable,ToU
MAC003952,11.36701,2.9778357,0.23772849,1.2380248,0.21572265,11.00519,12.275766,1.1154525,0.26197177,1,ACORN-E,Affluent,Std
MAC003953,3.3781257,2.8207269,0.07046063,1.0184139,0.2057224,3.3471365,3.4559593,1.0325122,0.8349976,2,ACORN-E,Affluent,Std
MAC003954,5.54543,1.3008405,0.11585607,0.52364403,0.26233497,5.2455416,6.2986393,1.2007605,0.23457882,2,ACORN-E,Affluent,ToU
MAC003955,3.2994826,1.5539647,0.06891183,0.30366832,0.3118681,3.3607123,3.1460521,0.9361266,0.47097224,2,ACORN-Q,Adversity,Std
MAC003956,12.800699,4.426241,0.26740387,1.2447114,0.22521146,12.211949,14.276,1.169019,0.34578118,1,ACORN-E,Affluent,Std
MAC003957,11.404939,3.2547216,0.23819357,0.73186404,0.34735283,11.115728,12.129645,1.0912147,0.28537828,1,ACORN-F,Comfortable,Std
MAC003958,12.277864,4.50762,0.25612217,1.04168,0.27805388,12.324932,12.159919,0.9866114,0.36713386,1,ACORN-D,Affluent,Std
MAC003959,9.016868,2.3456209,0.18810327,1.400005,0.21245682,9.306489,8.291128,0.8908975,0.260137,2,ACORN-H,Comfortable,Std
MAC003960,18.045153,4.566372,0.37692216,0.98002654,0.39698192,17.617239,19.11743,1.0851547,0.25305256,1,ACORN-E,Affluent,ToU
MAC003961,20.090847,5.899854,0.42230698,1.773728,0.26135045,19.86528,20.656069,1.0398076,0.2936588,1,ACORN-M,Adversity,Std
MAC003962,4.282874,1.4023253,0.0893543,0.36533004,0.2992583,4.2656984,4.325913,1.0141159,0.32742622,2,ACORN-E,Affluent,Std
MAC003963,5.257045,1.4942923,0.11067756,0.70793533,0.19452095,5.0955777,5.661651,1.1110911,0.28424567,2,ACORN-F,Comfortable,Std
MAC003964,4.470254,1.6627852,0.0936201,0.36292702,0.32767168,4.3758583,4.7067904,1.0756269,0.3719666,2,ACORN-Q,Adversity,Std
MAC003965,3.3209088,1.1264846,0.069290645,0.40607628,0.19395778,3.335392,3.2846162,0.9847767,0.33920974,2,ACORN-F,Comfortable,Std
MAC003966,6.923768,2.171475,0.14465755,0.93470484,0.1689891,6.5753274,7.7968955,1.1857805,0.31362617,2,ACORN-E,Affluent,Std
MAC003967,9.943891,1.7570955,0.20773241,0.49941292,0.43968567,9.695923,10.56525,1.0896591,0.17670101,2,ACORN-F,Comfortable,ToU
MAC003968,10.966762,2.69568,0.22945717,1.0266865,0.23711298,10.662134,11.730099,1.1001643,0.24580455,1,ACORN-G,Comfortable,ToU
MAC003969,15.998181,6.4550967,0.3337474,1.4753151,0.24283338,15.707503,16.726564,1.0648774,0.4034894,1,ACORN-H,Comfortable,Std
MAC003970,4.9512687,2.9988914,0.10347543,0.48319897,0.25608185,4.6465497,5.7148376,1.2299099,0.6056814,2,ACORN-E,Affluent,Std
MAC003971,6.1943994,1.8952975,0.12929246,0.44684744,0.36745366,6.078812,6.4840407,1.0666624,0.30596954,2,ACORN-F,Comfortable,Std
MAC003972,17.45023,7.6109557,0.36459732,1.2590563,0.30016553,16.54507,19.718384,1.1917981,0.4361522,1,ACORN-L,Adversity,Std
MAC003973,10.43446,8.668603,0.22291125,0.75421834,0.35678634,10.429979,10.445702,1.0015074,0.8307668,1,ACORN-J,Comfortable,ToU
MAC003974,9.149535,2.9083958,0.19092685,0.92035156,0.24032336,8.948926,9.652226,1.0785905,0.3178736,2,ACORN-E,Affluent,Std
MAC003975,17.25423,5.7302885,0.36078164,1.2886882,0.3094135,17.84581,15.771844,0.8837842,0.33210918,1,ACORN-E,Affluent,ToU
MAC003976,11.038019,3.435183,0.23071924,0.8873201,0.34667453,11.332847,10.299238,0.90879536,0.31121373,1,ACORN-N,Adversity,Std
MAC003977,9.411302,4.835957,0.19811144,0.87105143,0.28389934,9.587033,8.970954,0.93573827,0.51384574,2,ACORN-U,ACORN-U,ToU
MAC003978,21.066132,7.0845337,0.44002765,1.7099949,0.26717967,19.60174,24.73562,1.2619095,0.3362997,1,ACORN-Q,Adversity,Std
MAC003979,44.73126,25.294111,0.9361964,2.083073,0.42635223,44.50198,45.30579,1.0180624,0.5654684,0,ACORN-F,Comfortable,Std
MAC003980,5.777395,2.190099,0.12089609,0.82060534,0.1864725,5.622369,6.16586,1.0966659,0.3790807,2,ACORN-Q,Adversity,Std
MAC003981,18.57242,6.3159933,0.38749754,1.248252,0.3383216,17.818596,20.46136,1.148315,0.3400738,1,ACORN-F,Comfortable,Std
MAC003982,6.4918885,1.3188622,0.1362553,0.34069815,0.47388652,6.177622,7.2793837,1.1783472,0.2031554,2,ACORN-Q,Adversity,ToU
MAC003983,10.201398,4.940437,0.21326764,0.48671973,0.44442952,10.112706,10.423645,1.0307473,0.48429018,2,ACORN-F,Comfortable,Std
MAC003984,4.694907,1.210566,0.09796651,0.30346933,0.35350928,4.6866174,4.71568,1.0062013,0.25784665,2,ACORN-E,Affluent,ToU
MAC003985,9.708549,2.8073115,0.20261917,1.0675937,0.19964464,9.270376,10.806529,1.1657056,0.28915873,2,ACORN-E,Affluent,Std
MAC003986,4.207096,1.1836941,0.08784245,0.3674594,0.28930074,4.423037,3.6659882,0.8288396,0.28135657,2,ACORN-H,Comfortable,Std
MAC003987,15.813583,5.078755,0.32991746,1.3026799,0.2667928,16.257961,14.700058,0.904176,0.32116407,1,ACORN-D,Affluent,Std
MAC003988,2.985907,0.7475422,0.062327888,0.6711459,0.10510395,3.0062554,2.9349186,0.97627056,0.25035682,2,ACORN-O,Adversity,ToU
MAC003989,8.272763,2.5917022,0.1729666,0.7215771,0.28405985,8.074786,8.768855,1.085955,0.31328133,2,ACORN-F,Comfortable,ToU
MAC003990,3.864977,1.073039,0.08069933,0.33782256,0.31395346,3.8238957,3.9679186,1.0376639,0.27763143,2,ACORN-K,Adversity,Std
MAC003991,10.30093,2.995672,0.21496008,1.0933183,0.22352028,10.064839,10.8925295,1.0822358,0.29081568,1,ACORN-H,Comfortable,ToU
MAC003992,34.299183,14.664041,0.7155949,2.210408,0.32069784,35.037113,32.450066,0.92616266,0.42753324,0,ACORN-U,ACORN-U,Std
MAC003993,12.957841,8.429319,0.27063945,1.1178807,0.2809126,13.305186,12.08746,0.9084773,0.65051883,1,ACORN-E,Affluent,Std
MAC003994,6.409388,3.1135948,0.13391703,0.48295853,0.4554589,6.6682224,5.7607965,0.8639179,0.4857866,2,ACORN-E,Affluent,Std
MAC003995,4.90463,2.7995489,0.1024373,0.45912603,0.2710294,4.89632,4.925453,1.0059501,0.57079715,2,ACORN-P,Adversity,Std
MAC003996,2.4318275,0.67588544,0.050775625,0.2622189,0.26015395,2.3531578,2.6289594,1.1172049,0.27793312,2,ACORN-Q,Adversity,Std
MAC003997,10.610129,3.5423646,0.22129607,0.9285091,0.25439164,10.67294,10.452738,0.97936815,0.3338663,1,ACORN-F,Comfortable,Std
MAC003998,7.7145257,1.8970609,0.16088998,0.7165655,0.24899814,7.6062646,7.985808,1.0498987,0.24590765,2,ACORN-F,Comfortable,ToU
MAC003999,14.065832,8.031904,0.2936194,0.9393261,0.3154292,13.844695,14.616386,1.0557392,0.57102233,1,ACORN-F,Comfortable,Std
MAC004000,27.842993,16.643913,0.58132255,1.5435024,0.37049526,29.19027,24.46697,0.83818924,0.5977774,0,ACORN-E,Affluent,ToU
MAC004001,3.5958407,0.9327222,0.07509624,0.41629186,0.21721175,3.5103085,3.8101685,1.0854226,0.2593892,2,ACORN-P,Adversity,ToU
MAC004002,11.765961,2.8449993,0.245683,0.85328525,0.30989915,11.465016,12.520069,1.0920236,0.24179915,1,ACORN-H,Comfortable,Std
MAC004003,5.9645505,1.3540797,0.12496856,0.37327695,0.3805386,5.8750997,6.188698,1.0533775,0.22702125,2,ACORN-E,Affluent,Std
MAC004004,8.851667,3.3393402,0.18488328,0.91221887,0.22713044,8.730926,9.154221,1.0484823,0.3772555,2,ACORN-Q,Adversity,Std
MAC004005,6.0653996,2.0614216,0.12653197,0.593665,0.23765202,6.0130625,6.1965466,1.0305142,0.33986574,2,ACORN-Q,Adversity,Std
MAC004006,11.551069,3.932215,0.24098028,1.0398922,0.2591758,11.444477,11.818169,1.0326526,0.34042,1,ACORN-D,Affluent,Std
MAC004007,18.801939,8.428756,0.39281967,1.1320481,0.39160955,18.29789,20.064995,1.0965743,0.44829184,1,ACORN-D,Affluent,Std
MAC004008,3.4176998,0.87855124,0.07136498,0.40140796,0.24131554,3.374058,3.5270581,1.045346,0.25705922,2,ACORN-P,Adversity,ToU
MAC004009,4.0371876,1.0599099,0.08426798,0.2429602,0.38442072,4.1097355,3.8553953,0.93811274,0.2625367,2,ACORN-F,Comfortable,Std
MAC004010,18.868898,20.201262,0.39319,1.0312107,0.3371006,18.023726,20.986738,1.1643951,1.0706116,1,ACORN-U,ACORN-U,Std
MAC004011,8.341269,2.2462995,0.17409842,0.6159519,0.30885205,7.8847356,9.485256,1.2029898,0.2692995,2,ACORN-O,Adversity,Std
MAC004012,4.3581457,1.3494867,0.091012664,0.40641627,0.2812584,4.1938887,4.7697444,1.1373084,0.309647,2,ACORN-H,Comfortable,ToU
MAC004013,7.7160316,1.317989,0.16104332,0.54074293,0.31477588,7.567492,8.088244,1.0688144,0.17081177,2,ACORN-E,Affluent,Std
MAC004014,20.394043,5.978456,0.42590025,1.1933084,0.3744791,20.406973,20.361559,0.9977746,0.29314718,1,ACORN-E,Affluent,Std
MAC004015,11.745493,4.468964,0.24558303,0.8805523,0.3206025,11.547374,12.241942,1.0601494,0.38048333,1,ACORN-E,Affluent,Std
MAC004016,37.802788,20.740345,0.7917489,2.1906502,0.38493937,36.301304,41.565224,1.1450063,0.5486459,0,ACORN-D,Affluent,Std
MAC004017,4.276599,0.70891184,0.08919273,0.5146318,0.23065232,4.242872,4.3611107,1.0278676,0.16576533,2,ACORN-O,Adversity,Std
MAC004018,7.832494,5.6077194,0.16347137,0.7606126,0.25146636,7.7901483,7.938849,1.0190883,0.7159558,2,ACORN-Q,Adversity,Std
MAC004019,8.068426,1.2734513,0.16866468,0.8442355,0.20859708,7.9350395,8.402669,1.0589322,0.15783145,2,ACORN-Q,Adversity,Std
MAC004020,12.491665,4.8691626,0.26085985,1.0021127,0.28079486,12.785454,11.755483,0.91944194,0.38979292,1,ACORN-E,Affluent,Std
MAC004021,7.9281974,2.5211725,0.1652937,0.7864096,0.22971328,7.8469024,8.1319065,1.0363206,0.31800073,2,ACORN-O,Adversity,ToU
MAC004022,3.4461708,4.389824,0.07211194,0.35114428,0.38888162,3.7895222,2.5857964,0.6823542,1.2738266,2,ACORN-E,Affluent,Std
MAC004023,1.506204,0.82173777,0.03150971,0.08132505,0.4209217,1.4923991,1.5407965,1.0324292,0.5455687,2,ACORN-F,Comfortable,Std
MAC004024,6.6027827,1.1202642,0.1378189,0.8455771,0.1748537,6.587318,6.641535,1.0082304,0.16966546,2,ACORN-F,Comfortable,ToU
MAC004025,4.81598,1.67226,0.10058961,0.4260431,0.34147954,5.0235105,4.2959476,0.8551684,0.3472315,2,ACORN-E,Affluent,ToU
MAC004026,10.071402,3.7734518,0.21027529,0.73590046,0.31491682,10.272418,9.567692,0.93139625,0.37466997,2,ACORN-D,Affluent,Std
MAC004027,3.09968,0.6400989,0.06475408,0.35060033,0.21477257,3.028058,3.279151,1.0829221,0.20650485,2,ACORN-P,Adversity,Std
MAC004028,2.379,0.82000506,0.049846582,0.14004809,0.38839442,2.3759696,2.3865929,1.0044711,0.34468478,2,ACORN-Q,Adversity,Std
MAC004029,11.000372,3.6952813,0.23023291,0.73877776,0.33320886,10.923569,11.192825,1.0246491,0.3359233,1,ACORN-C,Affluent,Std
MAC004030,11.336634,5.303815,0.23691517,1.1316369,0.22098856,10.162387,14.279076,1.4050907,0.46784744,1,ACORN-F,Comfortable,Std
MAC004031,4.9209933,1.5743899,0.10274915,0.5344546,0.25768548,4.9555883,4.8349266,0.9756514,0.31993335,2,ACORN-H,Comfortable,ToU
MAC004032,8.423968,1.823514,0.17594557,0.62367165,0.3309654,8.442749,8.376907,0.9922014,0.21646734,2,ACORN-G,Comfortable,Std
MAC004033,9.178032,3.107599,0.19182868,0.92325,0.23043536,9.197008,9.130944,0.9928168,0.338591,2,ACORN-L,Adversity,Std
MAC004034,11.18017,4.664953,0.23344538,0.63473636,0.5198431,11.113019,11.347516,1.0211011,0.41725245,1,ACORN-A,Affluent,Std
MAC004035,4.900776,1.3692838,0.10232005,0.479728,0.28201035,4.8108606,5.126087,1.065524,0.27940142,2,ACORN-E,Affluent,ToU
MAC004036,6.831131,3.5694585,0.14260426,0.6795854,0.24842915,6.592566,7.4289303,1.1268648,0.5225282,2,ACORN-L,Adversity,Std
MAC004037,11.828577,4.049866,0.24748896,1.0267943,0.26770732,11.508035,12.631796,1.0976502,0.34237984,1,ACORN-F,Comfortable,ToU
MAC004038,8.806488,4.811544,0.18399163,0.666796,0.3183335,8.232204,10.245535,1.2445676,0.54636353,2,ACORN-E,Affluent,Std
MAC004039,7.09793,3.4765563,0.1482472,0.42934492,0.46913716,7.463638,6.181535,0.82822007,0.48979864,2,ACORN-F,Comfortable,Std
MAC004040,4.079623,0.9537765,0.08516816,0.2738839,0.33661982,3.8490114,4.657494,1.2100494,0.23379034,2,ACORN-C,Affluent,Std
MAC004041,3.7255936,2.885089,0.0777075,0.3324594,0.4287392,3.713775,3.7552092,1.0111569,0.77439713,2,ACORN-E,Affluent,Std
MAC004042,10.222074,2.2164881,0.21448903,0.7635373,0.2986218,9.933056,10.946296,1.1020069,0.21683352,2,ACORN-L,Adversity,Std
MAC004043,6.1547565,1.7484516,0.12864408,0.6174544,0.24968675,6.2503366,5.91525,0.946389,0.28408137,2,ACORN-M,Adversity,Std
MAC004044,7.5996404,1.7393371,0.1589377,0.57744443,0.30007166,7.549501,7.7252793,1.0232835,0.22887097,2,ACORN-Q,Adversity,Std
MAC004045,7.5224066,3.3319378,0.15821233,0.72433335,0.25452918,7.3248606,8.017419,1.0945491,0.44293508,2,ACORN-E,Affluent,Std
MAC004046,4.964947,3.1632733,0.1035291,0.605397,0.26746497,5.206197,4.363939,0.8382201,0.63712126,2,ACORN-E,Affluent,Std
MAC004047,2.268192,1.9584447,0.047476504,0.24250247,0.2683441,2.2416344,2.3345864,1.0414662,0.86343867,2,ACORN-P,Adversity,Std
MAC004048,20.012144,6.6084743,0.4183415,1.4301578,0.3155319,20.009874,20.01782,1.0003971,0.3302232,1,ACORN-H,Comfortable,Std
MAC004049,9.122963,4.1139164,0.19048299,1.1413771,0.21871655,8.758937,10.03303,1.145462,0.45094082,1,ACORN-G,Comfortable,Std
MAC004050,7.943404,1.5591319,0.16601644,0.7115565,0.27909008,7.7410283,8.449343,1.0915014,0.19628006,2,ACORN-F,Comfortable,ToU
MAC004051,18.14629,4.773575,0.37870845,1.256593,0.31153423,17.321594,20.208029,1.1666379,0.26306066,1,ACORN-D,Affluent,Std
MAC004052,5.0295415,1.984774,0.1049721,0.5634867,0.2605784,4.9842443,5.142785,1.0318084,0.39462325,2,ACORN-Q,Adversity,Std
MAC004053,8.78988,2.6811254,0.18365958,0.5183804,0.3758632,8.316058,9.974436,1.1994187,0.30502412,2,ACORN-F,Comfortable,ToU
MAC004054,27.781906,8.5681,0.5797007,1.9058505,0.33068004,26.977058,29.794027,1.1044209,0.30840576,0,ACORN-A,Affluent,ToU
MAC004055,22.921967,7.980374,0.4786223,1.6971129,0.29474244,21.97324,25.293783,1.1511176,0.34815398,1,ACORN-E,Affluent,Std
MAC004056,6.283018,3.0243216,0.13121155,0.32383555,0.45177132,6.203728,6.4812446,1.0447338,0.48134854,2,ACORN-Q,Adversity,Std
MAC004057,13.848448,9.022487,0.2902838,1.7373272,0.1629594,11.917175,18.676634,1.567203,0.6515161,1,ACORN-N,Adversity,Std
MAC004058,5.8018928,1.8065541,0.12170426,0.30106643,0.50683165,5.577346,6.3619223,1.140672,0.31137323,2,ACORN-J,Comfortable,Std
MAC004059,11.977695,5.5123467,0.24983111,1.2943593,0.2303206,10.882409,14.731924,1.3537374,0.46021765,1,ACORN-F,Comfortable,Std
MAC004060,7.207359,3.1465867,0.15039687,0.9430598,0.18346004,6.418323,9.179948,1.430272,0.4365797,2,ACORN-G,Comfortable,Std
MAC004061,6.540232,2.756091,0.1365178,0.6400329,0.22957605,5.807851,8.366237,1.4405048,0.4214057,2,ACORN-Q,Adversity,Std
MAC004062,6.427244,1.4092236,0.1342566,0.57481563,0.25754175,6.2184415,6.9492497,1.1175227,0.21925782,2,ACORN-E,Affluent,ToU
MAC004063,10.853942,3.768916,0.22652909,0.9271861,0.293775,10.791405,11.010285,1.0202829,0.34723938,1,ACORN-F,Comfortable,Std
MAC004064,2.529885,1.2707428,0.053009238,0.25719136,0.43296853,2.5055385,2.5906105,1.0339535,0.5022927,2,ACORN-Q,Adversity,Std
MAC004065,8.376498,2.8588142,0.17473768,0.7538113,0.25873646,8.549249,7.9436936,0.92916864,0.3412899,2,ACORN-Q,Adversity,ToU
MAC004066,10.500853,2.7457275,0.21932016,1.2602316,0.19338472,9.838189,12.161075,1.236109,0.26147664,1,ACORN-Q,Adversity,ToU
MAC004067,0.0,0.0,0.0,0.0,0.28968686,0.0,0.0,1.0418915,0.3329404,2,ACORN-U,ACORN-U,Std
MAC004068,7.819731,2.5586681,0.16315371,0.8025429,0.23370986,7.540738,8.518715,1.1296924,0.32720667,2,ACORN-E,Affluent,Std
MAC004069,5.0540957,1.7417538,0.10591037,0.29489583,0.44049454,4.9259243,5.378294,1.0918344,0.34462225,2,ACORN-U,ACORN-U,Std
MAC004070,7.823657,5.4121714,0.1640768,0.41613385,0.52011234,7.7120385,8.104211,1.050852,0.69177,2,ACORN-D,Affluent,Std
MAC004071,13.62486,7.6795993,0.28577524,1.0118783,0.29933116,13.468715,14.011218,1.0402788,0.56364614,1,ACORN-Q,Adversity,Std
MAC004072,8.098319,1.4787956,0.16913937,0.5905859,0.34061977,7.8297615,8.771156,1.1202329,0.18260525,2,ACORN-E,Affluent,Std
MAC004073,6.022291,1.6239768,0.12590049,0.5444065,0.25466806,5.962822,6.171285,1.0349605,0.26966095,2,ACORN-E,Affluent,Std
MAC004074,12.181721,3.7187617,0.25569373,0.63368255,0.42104143,11.35987,14.240768,1.2536031,0.30527392,1,ACORN-Q,Adversity,Std
MAC004075,14.002628,5.3255534,0.29216146,1.1839678,0.2574928,13.440792,15.410241,1.1465278,0.38032526,1,ACORN-D,Affluent,Std
MAC004076,18.757633,4.2371025,0.3915537,1.24752,0.34153494,18.001457,20.65214,1.1472483,0.22588684,1,ACORN-O,Adversity,ToU
MAC004077,6.8366566,5.813472,0.14329608,0.49434817,0.31589884,6.7099657,7.1540647,1.066185,0.8503384,2,ACORN-K,Adversity,Std
MAC004078,9.997452,3.0356617,0.20872343,0.7933804,0.3146196,9.743631,10.633371,1.091315,0.30364355,2,ACORN-Q,Adversity,Std
MAC004079,4.9963145,1.1481199,0.10427035,0.45198157,0.30332533,4.975841,5.0476074,1.014423,0.22979337,2,ACORN-Q,Adversity,Std
MAC004080,3.8034065,0.93359077,0.0794307,0.23986809,0.3809177,3.8052318,3.7988334,0.9983185,0.24546173,2,ACORN-E,Affluent,Std
MAC004081,6.748052,2.0655975,0.14104837,0.4970123,0.30954358,6.6729484,6.936215,1.0394528,0.30610278,2,ACORN-H,Comfortable,Std
MAC004082,14.824644,10.098921,0.31043658,1.0107516,0.43199134,13.922011,17.08608,1.227271,0.6812252,1,ACORN-E,Affluent,Std
MAC004083,11.998692,3.0971787,0.25106785,1.0524164,0.25676528,11.628911,12.919722,1.1110002,0.25812638,1,ACORN-L,Adversity,ToU
MAC004084,9.726789,4.7027946,0.20334606,0.73623025,0.38595596,9.03148,11.461069,1.2690134,0.4834889,2,ACORN-E,Affluent,Std
MAC004085,13.693259,3.1287303,0.28574246,1.2054862,0.25281835,13.659496,13.777849,1.0086645,0.2284869,1,ACORN-O,Adversity,Std
MAC004086,9.968926,3.3624835,0.20934162,1.1361413,0.20269649,9.831033,10.313662,1.0490924,0.33729646,1,ACORN-P,Adversity,Std
MAC004087,16.703964,5.6982136,0.3494996,2.665235,0.1467009,15.756794,19.089806,1.2115285,0.34112942,1,ACORN-E,Affluent,Std
MAC004088,7.364581,1.5616027,0.15395893,0.91594476,0.1968099,6.893015,8.546032,1.2398105,0.2120423,2,ACORN-Q,Adversity,Std
MAC004089,6.7947288,2.0545778,0.14175361,0.58173007,0.3214512,6.9291477,6.4579573,0.9319988,0.3023782,2,ACORN-Q,Adversity,Std
MAC004090,5.453865,2.3716826,0.114090376,0.4777055,0.33239546,5.2019315,6.0850534,1.1697681,0.43486273,2,ACORN-F,Comfortable,Std
MAC004091,19.96855,8.730364,0.41749886,1.3117653,0.34368926,19.845675,20.276398,1.0217036,0.4372057,1,ACORN-D,Affluent,ToU
MAC004092,4.9486628,1.6169002,0.10352868,0.7563484,0.15302695,4.9503813,4.9443545,0.9987826,0.32673478,2,ACORN-Q,Adversity,Std
MAC004093,2.6289032,0.8234616,0.054987893,0.38884485,0.1533141,2.6051395,2.6887622,1.0320991,0.3132339,2,ACORN-F,Comfortable,Std
MAC004094,6.1236076,2.3215406,0.12791358,0.6395874,0.21555272,5.834335,6.848344,1.1738002,0.37911323,2,ACORN-E,Affluent,Std
MAC004095,7.4697614,2.8996885,0.15598111,0.8894383,0.21447407,7.1624413,8.238063,1.1501753,0.38819024,2,ACORN-H,Comfortable,Std
MAC004096,4.70756,1.2309654,0.09843968,0.43884203,0.27482098,4.6421356,4.8714733,1.0494034,0.26148692,2,ACORN-E,Affluent,Std
MAC004097,5.026296,1.4637907,0.105231375,0.30557823,0.3892583,5.02303,5.0344787,1.0022793,0.2912265,2,ACORN-Q,Adversity,Std
MAC004098,3.799029,0.59770447,0.07943982,0.26707527,0.33225846,3.815294,3.7580593,0.9849986,0.15733084,2,ACORN-H,Comfortable,Std
MAC004099,3.3671155,1.2078532,0.070582986,0.4365169,0.19227836,3.2824473,3.5799296,1.0906281,0.35872045,2,ACORN-E,Affluent,Std
MAC004100,2.012391,0.95663995,0.042041145,0.19933437,0.23492183,1.9816245,2.089473,1.0544243,0.47537476,2,ACORN-P,Adversity,ToU
MAC004101,3.320986,1.5246636,0.069357775,0.4636626,0.2238833,3.2138157,3.5894895,1.1168934,0.45909965,2,ACORN-Q,Adversity,Std
MAC004102,26.582718,15.903975,0.555523,1.1367868,0.48410124,26.831173,25.960247,0.9675405,0.59828246,0,ACORN-E,Affluent,Std
MAC004103,10.611539,1.8264731,0.22147217,0.86207366,0.27928767,10.096843,11.901043,1.1786895,0.17212142,2,ACORN-N,Adversity,Std
MAC004104,8.7780695,2.8189175,0.18343548,0.74835646,0.2738604,9.136007,7.8896165,0.8635738,0.32113183,2,ACORN-Q,Adversity,Std
MAC004105,4.2173605,1.4631258,0.08809842,0.4037178,0.30309018,4.449161,3.6366127,0.8173704,0.34692928,2,ACORN-E,Affluent,Std
MAC004106,13.076841,4.0592985,0.27310386,1.0241902,0.30752176,12.390663,14.795979,1.1941233,0.31041887,1,ACORN-E,Affluent,ToU
MAC004107,20.776646,6.1477313,0.4343964,1.0185721,0.44586024,21.27413,19.530262,0.9180287,0.29589623,1,ACORN-H,Comfortable,ToU
MAC004108,5.116934,2.0539382,0.1068229,0.54109967,0.24062715,4.924691,5.598575,1.1368378,0.40140018,2,ACORN-C,Affluent,Std
MAC004109,4.9024777,1.4027047,0.10242891,0.7064286,0.17885219,4.9946976,4.6701837,0.9350283,0.28612158,2,ACORN-Q,Adversity,Std
MAC004110,2.6037357,0.79491645,0.05438618,0.2295653,0.29213154,2.5489461,2.7407098,1.0752325,0.30529845,2,ACORN-Q,Adversity,Std
MAC004111,9.436606,2.339768,0.1971121,0.5680169,0.37053668,9.206428,10.0120535,1.0875069,0.2479459,2,ACORN-D,Affluent,Std
MAC004112,15.566802,13.288688,0.3247287,1.7412411,0.1743874,15.128634,16.66222,1.1013697,0.8536556,1,ACORN-E,Affluent,Std
MAC004113,5.888063,2.1759455,0.12289636,0.57534254,0.26614296,4.9785314,8.161892,1.6394176,0.36955202,2,ACORN-L,Adversity,Std
MAC004114,9.689003,1.8463277,0.20204824,0.707765,0.31302062,9.32761,10.592484,1.1356055,0.1905591,2,ACORN-H,Comfortable,Std
MAC004115,11.797913,6.0950894,0.2478906,1.2228479,0.21491456,10.560422,14.89164,1.4101368,0.5166244,1,ACORN-E,Affluent,Std
MAC004116,6.2096004,2.3564613,0.1297289,0.78433335,0.201723,5.9588323,6.8365216,1.1472921,0.37948677,2,ACORN-E,Affluent,Std
MAC004117,8.074807,3.9468129,0.16876721,0.9790553,0.21074682,7.318759,9.964925,1.3615594,0.48878106,2,ACORN-F,Comfortable,Std
MAC004118,5.5328126,2.4594555,0.11548541,0.7011536,0.21541262,5.5790987,5.417097,0.97096276,0.44452175,2,ACORN-E,Affluent,ToU
MAC004119,5.6166024,1.82899,0.11850792,0.3551549,0.3709035,5.3298726,6.3317413,1.1879723,0.32563993,2,ACORN-Q,Adversity,Std
MAC004120,13.639743,3.9893773,0.2850033,1.0517527,0.30016062,12.74952,15.865301,1.2443842,0.29248184,1,ACORN-J,Comfortable,Std
MAC004121,17.364548,3.6068008,0.36259544,0.91843784,0.44110033,17.06765,18.10679,1.0608836,0.20771061,1,ACORN-F,Comfortable,Std
MAC004122,2.487327,0.8334559,0.051958937,0.4701966,0.16772176,2.3810751,2.7529569,1.1561823,0.33508095,2,ACORN-F,Comfortable,ToU
MAC004123,10.551868,2.404868,0.22034812,1.3604716,0.16852161,10.792531,9.95021,0.9219533,0.22790919,1,ACORN-Q,Adversity,Std
MAC004124,9.651142,2.1885939,0.2018899,0.67228705,0.3353078,9.6898775,9.553462,0.98592186,0.22677045,2,ACORN-F,Comfortable,Std
MAC004125,7.9191523,2.6448665,0.16526836,0.7215207,0.2551639,7.3634276,9.308462,1.264148,0.33398354,2,ACORN-L,Adversity,Std
MAC004126,14.324699,3.915142,0.2994456,1.3591031,0.229699,14.336389,14.29532,0.99713534,0.2733141,1,ACORN-F,Comfortable,ToU
MAC004127,6.071035,2.1648777,0.12679401,0.6261826,0.24311624,5.7560725,6.850365,1.190111,0.3565912,2,ACORN-F,Comfortable,Std
MAC004128,14.585367,4.496336,0.30447102,1.0612596,0.31682533,13.871568,16.369865,1.180102,0.3082772,1,ACORN-N,Adversity,Std
MAC004129,9.066361,3.852592,0.18944722,1.0667051,0.21136613,8.152931,11.349935,1.3921293,0.42493254,1,ACORN-Q,Adversity,Std
MAC004130,18.585232,2.5523994,0.3881764,1.02553,0.42917,18.337034,19.20572,1.0473733,0.13733482,1,ACORN-G,Comfortable,Std
MAC004131,17.128035,5.7589912,0.35985133,1.2470108,0.30712074,16.676834,18.256039,1.0946945,0.3362319,1,ACORN-K,Adversity,Std
MAC004132,9.950296,5.0564585,0.20750391,1.1232089,0.19086325,9.000209,12.325516,1.36947,0.5081716,1,ACORN-E,Affluent,Std
MAC004133,9.762323,4.005601,0.20433861,0.7125919,0.3237201,9.2113285,11.1577015,1.211302,0.41031227,2,ACORN-F,Comfortable,Std
MAC004134,5.3016367,3.1500561,0.11121465,0.62632287,0.22102648,4.9866757,6.096867,1.2226316,0.59416676,2,ACORN-G,Comfortable,Std
MAC004135,10.739839,2.3915098,0.22614758,1.6279248,0.16137598,10.494913,11.352151,1.0816813,0.22267652,1,ACORN-F,Comfortable,Std
MAC004136,7.18306,3.2536225,0.14997366,0.3123436,0.5203482,6.5570426,8.765114,1.336748,0.45295772,2,ACORN-E,Affluent,Std
MAC004137,6.059003,2.4803658,0.12721775,0.75800306,0.20261206,5.450152,7.594085,1.3933713,0.40936863,2,ACORN-E,Affluent,Std
MAC004138,5.1352205,1.6144472,0.107129775,0.46670726,0.28542235,5.0430126,5.3682446,1.0644916,0.31438714,2,ACORN-G,Comfortable,Std
MAC004139,16.644056,8.486203,0.34727305,1.2660786,0.33109745,16.368963,17.339262,1.0592767,0.5098639,1,ACORN-E,Affluent,Std
MAC004140,3.2449894,1.4227569,0.06794923,0.21393836,0.38221413,3.3295827,3.0312066,0.9103863,0.43844733,2,ACORN-Q,Adversity,Std
MAC004141,6.8318243,1.9270626,0.14252113,0.76143914,0.21241,6.808241,6.8914237,1.012218,0.28207147,2,ACORN-K,Adversity,Std
MAC004142,1.8215053,1.1439333,0.03806623,0.13579816,0.39105356,1.5056216,2.619799,1.7400116,0.62801534,2,ACORN-U,ACORN-U,Std
MAC004143,6.6282096,3.431533,0.13854967,0.63430816,0.2451274,5.5184603,9.432739,1.7093064,0.51771647,2,ACORN-E,Affluent,Std
MAC004144,3.0414822,2.4605448,0.06347216,0.29672882,0.24809329,3.0193055,3.0975273,1.0259072,0.8089953,2,ACORN-E,Affluent,ToU
MAC004145,7.2954793,1.2526308,0.15246809,0.4094114,0.38637328,7.1503654,7.662206,1.0715824,0.1716996,2,ACORN-F,Comfortable,Std
MAC004146,3.8073776,0.8592203,0.07964378,0.49086595,0.19856192,3.8481722,3.7042828,0.9626084,0.22567248,2,ACORN-E,Affluent,Std
MAC004147,16.893702,4.9809647,0.35276344,1.1548936,0.31400698,17.1283,16.300837,0.9516903,0.29484153,1,ACORN-H,Comfortable,Std
MAC004148,6.096883,2.4964058,0.12734431,0.3523744,0.533849,5.1745014,8.427902,1.6287371,0.4094561,2,ACORN-E,Affluent,Std
MAC004149,2.6409307,0.92430884,0.055270117,0.40696296,0.19978425,2.6747313,2.5550437,0.95525247,0.34999362,2,ACORN-J,Comfortable,ToU
MAC004150,9.47387,7.194411,0.19807589,0.96110815,0.24627584,9.693439,8.92137,0.9203514,0.7593951,1,ACORN-Q,Adversity,Std
MAC004151,2.5551388,1.6472466,0.05330301,0.2417365,0.26297626,2.5660346,2.5276034,0.98502314,0.6446799,2,ACORN-G,Comfortable,Std
MAC004152,5.616401,2.7965236,0.117265046,0.34939352,0.4670854,5.7077374,5.384317,0.9433365,0.4979209,2,ACORN-E,Affluent,ToU
MAC004153,11.882798,3.018794,0.24804899,1.1720786,0.2406845,11.866572,11.923804,1.004823,0.2540474,1,ACORN-E,Affluent,Std
MAC004154,4.892874,2.003639,0.10227864,0.55814636,0.22558361,4.645071,5.5191145,1.1881658,0.40950146,2,ACORN-Q,Adversity,Std
MAC004155,8.142756,1.5071776,0.17013271,0.44302928,0.3898679,8.074583,8.315043,1.0297799,0.18509427,2,ACORN-H,Comfortable,ToU
MAC004156,6.3321157,1.3412682,0.13266018,0.47983178,0.31918386,6.187419,6.699787,1.082808,0.21181992,2,ACORN-Q,Adversity,Std
MAC004157,9.168133,1.4608558,0.19149737,0.51827276,0.40399754,9.063871,9.43162,1.040573,0.1593406,2,ACORN-F,Comfortable,ToU
MAC004158,14.801699,5.68288,0.31004485,0.89799076,0.44120952,15.058783,14.153402,0.9398769,0.38393432,1,ACORN-E,Affluent,Std
MAC004159,7.9770846,1.0982425,0.16651446,0.5409384,0.36150187,8.019281,7.8704457,0.98144025,0.13767467,2,ACORN-E,Affluent,ToU
MAC004160,12.920185,3.9191897,0.27242506,1.2327509,0.23206727,12.258955,14.611043,1.1918669,0.3033385,1,ACORN-L,Adversity,Std
MAC004161,10.252054,2.647763,0.21458015,0.7264345,0.32564473,10.24282,10.275392,1.0031799,0.2582666,2,ACORN-Q,Adversity,Std
MAC004162,15.657323,7.1172113,0.32706064,1.0647411,0.33480474,16.060722,14.637864,0.9114076,0.4545612,1,ACORN-E,Affluent,Std
MAC004163,7.655658,1.2689589,0.15980645,0.74189985,0.24296495,7.6338215,7.7108426,1.0100895,0.1657544,2,ACORN-F,Comfortable,Std
MAC004164,7.566279,3.3634465,0.15823027,0.88619727,0.2296315,7.4796815,7.7851253,1.0408365,0.4445311,2,ACORN-N,Adversity,Std
MAC004165,6.118433,1.497645,0.12758277,0.44223112,0.33081165,6.0808063,6.2135215,1.0218253,0.2447759,2,ACORN-O,Adversity,Std
MAC004166,6.4327517,2.652558,0.13439465,0.63538057,0.27583608,5.9868793,7.559549,1.262686,0.41235203,2,ACORN-H,Comfortable,Std
MAC004167,8.868844,1.8042753,0.18523714,0.6315563,0.3285422,8.700075,9.295353,1.0684222,0.20343973,2,ACORN-H,Comfortable,Std
MAC004168,5.0273776,1.8957309,0.105254084,0.32230815,0.398756,4.9228816,5.2914567,1.0748698,0.37708145,2,ACORN-Q,Adversity,Std
MAC004169,6.284031,2.4614701,0.13112414,0.83569646,0.19482583,6.1616793,6.593234,1.0700386,0.3917024,2,ACORN-L,Adversity,Std
MAC004170,20.407192,5.5518937,0.42614383,1.4872237,0.32000273,19.832617,21.85612,1.102029,0.27205575,1,ACORN-F,Comfortable,ToU
MAC004171,7.9479647,3.0116436,0.16592291,0.7295655,0.30543065,8.302658,7.051593,0.8493175,0.3789201,2,ACORN-E,Affluent,Std
MAC004172,26.512798,6.735828,0.55400187,1.371764,0.41223386,26.114788,27.516472,1.053674,0.2540595,0,ACORN-K,Adversity,Std
MAC004173,16.180471,8.138275,0.33848456,1.3749013,0.29343763,15.802019,17.136887,1.0844744,0.50296897,1,ACORN-E,Affluent,Std
MAC004174,4.2275777,1.8212285,0.08832287,0.6309553,0.18216574,3.8686023,5.134772,1.3272938,0.43079716,2,ACORN-E,Affluent,Std
MAC004175,3.8104174,2.2525194,0.07961674,0.5372912,0.24150953,3.8580604,3.6900163,0.95644337,0.59114766,2,ACORN-F,Comfortable,Std
MAC004176,3.4027936,1.4942132,0.07106038,0.31458244,0.25444463,3.2883096,3.692114,1.1228,0.43911368,2,ACORN-E,Affluent,Std
MAC004177,7.5481772,6.893124,0.15791456,0.40434515,0.39170206,7.4330993,7.8389997,1.0546072,0.91321707,2,ACORN-L,Adversity,Std
MAC004178,12.950024,7.794607,0.27042863,0.8824186,0.44648173,13.558643,11.4211445,0.84235156,0.6018991,1,ACORN-D,Affluent,Std
MAC004179,101.11502,24.141054,2.1113806,3.7936792,0.5639901,102.895226,96.61611,0.93897563,0.23874845,0,ACORN-A,Affluent,Std
MAC004180,14.0471325,6.8617716,0.2936426,0.7112527,0.438598,14.189669,13.686919,0.96456933,0.48848203,1,ACORN-Q,Adversity,Std
MAC004181,19.517462,10.135119,0.4070175,1.952735,0.23130184,19.592567,19.327658,0.98647904,0.5192847,1,ACORN-E,Affluent,Std
MAC004182,9.201759,2.4002538,0.1921768,0.93738216,0.22554715,9.097415,9.465457,1.0404557,0.26084727,2,ACORN-Q,Adversity,Std
MAC004183,10.565047,4.4766116,0.22145665,1.07754,0.2203333,10.526504,10.662245,1.0128952,0.42371902,1,ACORN-Q,Adversity,Std
MAC004184,8.44855,3.5558484,0.17780928,0.5425778,0.35702744,8.540123,8.217131,0.9621794,0.42088267,2,ACORN-E,Affluent,ToU
MAC004185,5.0922403,1.099688,0.10618585,0.51967025,0.22116297,5.1276345,5.0027933,0.97565323,0.21595368,2,ACORN-E,Affluent,Std
MAC004186,11.4000225,1.5384558,0.23819688,1.3716944,0.1780385,11.26152,11.751956,1.0435497,0.134952,1,ACORN-K,Adversity,Std
MAC004187,8.85911,3.1748672,0.18532063,1.3516163,0.17769445,8.952615,8.622804,0.96316034,0.35837317,2,ACORN-Q,Adversity,Std
MAC004188,3.972709,0.79532266,0.08311149,0.4005963,0.3397017,4.022727,3.8463042,0.9561435,0.20019656,2,ACORN-F,Comfortable,Std
MAC004189,10.6435175,1.9763831,0.22238785,0.9197612,0.27264446,10.555089,10.866995,1.0295503,0.1856889,2,ACORN-F,Comfortable,ToU
MAC004190,5.7365947,1.5508382,0.11995807,0.59136367,0.23026131,5.7688775,5.6550107,0.98026186,0.27034125,2,ACORN-P,Adversity,Std
MAC004191,4.8695254,4.1062183,0.10157876,0.47596762,0.224248,4.820172,4.9942503,1.0361146,0.8432481,2,ACORN-E,Affluent,Std
MAC004192,12.794503,5.527206,0.26799417,1.0097134,0.36715248,13.03636,12.183294,0.9345626,0.4319985,1,ACORN-E,Affluent,Std
MAC004193,21.249104,4.580387,0.44345832,1.3623744,0.36181056,21.325363,21.056381,0.98738676,0.21555673,1,ACORN-D,Affluent,Std
MAC004194,5.96096,1.7486424,0.12443532,0.62482435,0.21833086,5.789082,6.395326,1.104722,0.29334915,2,ACORN-E,Affluent,Std
MAC004195,16.014116,7.8771834,0.33423206,1.1088331,0.39704448,16.112032,15.767734,0.97863096,0.49188998,1,ACORN-E,Affluent,Std
MAC004196,16.843767,10.059316,0.35261658,1.0822643,0.30712664,16.708776,17.183445,1.0284083,0.5972129,1,ACORN-E,Affluent,Std
MAC004197,17.058853,4.7665615,0.35650396,1.0769334,0.34108204,17.044888,17.094187,1.0028924,0.27941865,1,ACORN-F,Comfortable,Std
MAC004198,38.730366,17.891048,0.80958676,2.0716958,0.4144367,39.48104,36.85095,0.9333834,0.46193853,0,ACORN-D,Affluent,Std
MAC004199,3.8660975,1.2013979,0.08097248,0.3966337,0.25284576,3.6918356,4.304592,1.165976,0.3107521,2,ACORN-P,Adversity,Std
MAC004200,12.686187,4.4509563,0.26450637,1.4348918,0.20160915,13.178208,11.448113,0.86871547,0.3508506,1,ACORN-N,Adversity,Std
MAC004201,4.1759043,1.2353517,0.08713429,0.39463988,0.23719196,4.080756,4.415326,1.0819873,0.29582855,2,ACORN-F,Comfortable,Std
MAC004202,3.5339212,1.2125812,0.07387828,0.2863323,0.3062231,3.4349546,3.782951,1.1013104,0.34312627,2,ACORN-F,Comfortable,Std
MAC004203,13.61469,5.2705064,0.28520107,1.3452364,0.23411924,13.383272,14.197005,1.0608022,0.38711908,1,ACORN-F,Comfortable,Std
MAC004204,10.500978,3.8696425,0.2192104,1.538306,0.18659513,10.516585,10.461706,0.9947817,0.36850303,1,ACORN-G,Comfortable,Std
MAC004205,13.190932,5.013646,0.2761473,1.2703292,0.23603298,12.962529,13.765663,1.0619581,0.3800828,1,ACORN-D,Affluent,Std
MAC004206,4.5767307,1.0463237,0.09564515,0.3769009,0.2845292,4.588,4.5482183,0.9913292,0.22861814,2,ACORN-H,Comfortable,ToU
MAC004207,14.935071,3.535492,0.3118157,1.187808,0.29368174,14.483661,16.077164,1.1100208,0.23672415,1,ACORN-L,Adversity,Std
MAC004208,13.912547,3.695008,0.29127237,1.0831932,0.2882812,13.258547,15.558211,1.1734477,0.26558816,1,ACORN-Q,Adversity,Std
MAC004209,8.935244,3.7725537,0.19132526,0.84508556,0.31687978,8.754625,9.392747,1.0728897,0.4222105,2,ACORN-Q,Adversity,Std
MAC004210,6.983054,1.0005318,0.1458355,0.33480218,0.45414075,6.94721,7.0732503,1.0181426,0.14327997,2,ACORN-E,Affluent,Std
MAC004211,6.731097,2.8848372,0.14067093,0.63597375,0.27113914,6.8922157,6.3256736,0.9177997,0.4285835,2,ACORN-E,Affluent,Std
MAC004212,10.425073,2.3263032,0.21787994,0.7969675,0.29396424,10.478925,10.288825,0.98185885,0.22314504,2,ACORN-F,Comfortable,Std
MAC004213,9.064054,3.3898003,0.18979359,0.55902314,0.36109486,9.357039,8.326816,0.88989854,0.37398282,2,ACORN-E,Affluent,Std
MAC004214,13.865429,5.4388604,0.2910092,1.0499026,0.29076472,13.381018,15.084358,1.1272953,0.39226052,1,ACORN-H,Comfortable,Std
MAC004215,6.3472323,4.629258,0.13235337,0.4816136,0.30241755,6.382998,6.257234,0.980297,0.7293349,2,ACORN-U,ACORN-U,Std
MAC004216,37.75658,25.751526,0.7905577,1.586238,0.49809328,39.832783,32.53222,0.8167197,0.68204075,0,ACORN-E,Affluent,Std
MAC004217,15.899097,9.033836,0.33258656,1.0272644,0.32470232,15.933129,15.813462,0.9924894,0.5681981,1,ACORN-F,Comfortable,Std
MAC004218,13.041943,6.804811,0.27225757,0.9573632,0.38961968,14.817371,8.574424,0.5786737,0.5217636,1,ACORN-D,Affluent,ToU
MAC004219,6.654232,1.8029311,0.13913143,0.61242574,0.25995606,6.1948686,7.816448,1.2617618,0.270945,2,ACORN-E,Affluent,Std
MAC004220,7.0631576,2.434478,0.14791264,0.556238,0.33155683,7.002337,7.2162013,1.0305419,0.34467277,2,ACORN-F,Comfortable,Std
MAC004221,3.7680974,1.3468659,0.078669846,0.27229983,0.406085,4.051462,3.0550654,0.7540649,0.35743925,2,ACORN-E,Affluent,Std
MAC004222,14.089978,3.0918589,0.2944843,1.1256244,0.2897709,13.479512,15.626098,1.159248,0.21943673,1,ACORN-H,Comfortable,Std
MAC004223,2.9724426,0.82255685,0.06207465,0.32219815,0.26113546,3.0066717,2.8858416,0.9598127,0.2767276,2,ACORN-F,Comfortable,ToU
MAC004224,16.810072,4.6064854,0.35058713,1.133136,0.34005374,16.37485,17.905224,1.0934589,0.27403128,1,ACORN-L,Adversity,Std
MAC004225,30.541056,11.780893,0.6388539,2.0963616,0.30948684,30.512432,30.613083,1.0032986,0.38573956,0,ACORN-D,Affluent,Std
MAC004226,4.31597,1.6608578,0.09010349,1.1141654,0.10696345,4.2597575,4.456136,1.0461009,0.38481683,2,ACORN-F,Comfortable,Std
MAC004227,16.031378,4.451363,0.335373,1.0199364,0.39062127,16.173927,15.674999,0.96915233,0.27766564,1,ACORN-E,Affluent,Std
MAC004228,10.826015,3.1252048,0.227169,0.99670017,0.24782509,10.612408,11.363516,1.0707765,0.28867543,1,ACORN-Q,Adversity,Std
MAC004229,7.005001,2.0636063,0.14625409,0.92562133,0.17038724,6.619456,7.975152,1.2048048,0.2945904,2,ACORN-F,Comfortable,ToU
MAC004230,7.983994,1.5398432,0.16732557,0.7013452,0.26842898,8.032924,7.861136,0.97861457,0.19286628,2,ACORN-F,Comfortable,Std
MAC004231,9.707244,2.0079107,0.20268266,0.5984003,0.36561567,9.473507,10.295397,1.0867567,0.20684664,2,ACORN-Q,Adversity,ToU
MAC004232,9.231292,2.763945,0.19265467,0.7724621,0.2855454,9.218231,9.264157,1.0049821,0.29941043,2,ACORN-Q,Adversity,Std
MAC004233,4.9684434,1.817234,0.10361171,1.2090958,0.1014467,4.951715,5.010538,1.0118793,0.3657552,2,ACORN-E,Affluent,Std
MAC004234,8.792192,3.1116824,0.18336937,1.8969798,0.10128064,8.289447,10.057256,1.2132602,0.35391426,1,ACORN-L,Adversity,ToU
MAC004235,9.294489,2.1781201,0.19414082,0.5562025,0.37030834,9.293289,9.297505,1.0004537,0.23434533,2,ACORN-F,Comfortable,Std
MAC004236,3.1311963,1.438383,0.06542247,0.3585255,0.23014326,3.2091036,2.9351575,0.9146347,0.45937172,2,ACORN-Q,Adversity,ToU
MAC004237,6.754615,1.4217118,0.14131735,0.2558037,0.66654605,6.7721663,6.710451,0.9908869,0.21048006,2,ACORN-F,Comfortable,Std
MAC004238,5.565957,2.0754688,0.117156275,0.59038794,0.25044224,5.3495984,6.1103806,1.142213,0.37288624,2,ACORN-E,Affluent,Std
MAC004239,9.57209,6.859391,0.19998482,0.9369042,0.23050082,8.123658,13.216783,1.6269497,0.7166033,1,ACORN-E,Affluent,ToU
MAC004240,3.4576306,2.0589218,0.07211773,0.37301055,0.3381606,3.445358,3.488426,1.0125003,0.59547186,2,ACORN-K,Adversity,Std
MAC004241,14.621708,3.6662052,0.30551723,0.94140184,0.3608191,14.527594,14.858527,1.0227797,0.25073713,1,ACORN-K,Adversity,Std
MAC004242,11.138875,6.3847117,0.23535521,0.5761618,0.5569218,11.176738,11.044705,0.98818684,0.5731918,1,ACORN-D,Affluent,Std
MAC004243,5.0287747,2.5322099,0.105580516,0.32267857,0.40759793,5.3242016,4.2845573,0.8047324,0.5035441,2,ACORN-O,Adversity,Std
MAC004244,13.895291,2.6029162,0.29051492,0.7428607,0.41213343,13.571779,14.713793,1.0841461,0.18732361,1,ACORN-J,Comfortable,Std
MAC004245,7.2120504,1.8719066,0.1508597,0.99665534,0.16793978,7.141354,7.3899455,1.0348101,0.25955263,2,ACORN-E,Affluent,ToU
MAC004246,4.7352076,0.88853055,0.09881714,0.25655574,0.4278776,4.7658224,4.6583366,0.97744656,0.18764342,2,ACORN-Q,Adversity,ToU
MAC004247,21.626038,5.5644403,0.45216635,1.2898313,0.37394604,21.52034,21.893463,1.0173382,0.25730282,1,ACORN-A,Affluent,Std
MAC004248,7.4793816,1.5339968,0.15624364,0.7731684,0.22432445,7.4360695,7.5884633,1.0204939,0.20509675,2,ACORN-L,Adversity,Std
MAC004249,43.926117,9.287697,0.91919154,1.8675472,0.50064945,43.724445,44.433586,1.0162184,0.21143906,0,ACORN-C,Affluent,Std
MAC004250,3.153065,3.223645,0.06591162,0.2618949,0.40035066,3.2443907,2.923261,0.90102,1.0223845,2,ACORN-K,Adversity,Std
MAC004251,3.931,0.99587315,0.08205012,0.3615147,0.24798463,3.9934015,3.7739782,0.9450535,0.25333837,2,ACORN-E,Affluent,Std
MAC004252,6.2420526,4.3535523,0.13055578,0.64039564,0.2400345,6.241367,6.2437773,1.0003862,0.6974552,2,ACORN-E,Affluent,Std
MAC004253,5.5564976,0.913495,0.1159728,0.85249764,0.13878903,5.6268835,5.379386,0.95601517,0.16440122,2,ACORN-F,Comfortable,Std
MAC004254,7.752824,1.5068676,0.16188665,0.49626628,0.36825255,7.602701,8.129761,1.0693253,0.19436371,2,ACORN-F,Comfortable,Std
MAC004255,11.635554,3.8441591,0.24304561,1.0552353,0.26155737,11.270689,12.551684,1.1136572,0.3303804,1,ACORN-H,Comfortable,Std
MAC004256,12.538486,2.5115354,0.2616876,0.923096,0.32921943,12.3181305,13.091772,1.062805,0.20030612,1,ACORN-N,Adversity,Std
MAC004257,10.735238,5.393463,0.22491379,0.9194629,0.31905398,9.957996,12.688478,1.2742,0.50240743,1,ACORN-F,Comfortable,Std
MAC004258,18.193932,6.1324167,0.38095787,1.4252663,0.29037642,17.499723,19.937,1.1392752,0.33705837,1,ACORN-A,Affluent,ToU
MAC004259,4.9929194,1.112254,0.10440601,0.5283514,0.2557669,5.1071296,4.7061524,0.9214868,0.22276627,2,ACORN-L,Adversity,Std
MAC004260,9.522488,3.306336,0.19873519,0.7376424,0.32375625,9.3003845,10.080157,1.0838431,0.34721348,2,ACORN-E,Affluent,ToU
MAC004261,15.526943,4.503153,0.32445058,1.1002781,0.31836754,15.74659,14.979061,0.95125747,0.29002187,1,ACORN-L,Adversity,Std
MAC004262,9.009065,2.1475446,0.18797474,0.7916006,0.27900985,9.041264,8.928217,0.9874966,0.23837598,2,ACORN-H,Comfortable,Std
MAC004263,11.437909,6.2001257,0.23888086,0.9010449,0.3233089,11.468102,11.362098,0.9907566,0.5420681,1,ACORN-D,Affluent,ToU
MAC004264,5.3282614,1.5689815,0.11119124,0.6747616,0.19356059,5.246381,5.533853,1.0547944,0.29446408,2,ACORN-H,Comfortable,ToU
MAC004265,2.7073746,1.1437833,0.05673789,0.22468267,0.25907153,2.7727187,2.5433042,0.9172601,0.42246956,2,ACORN-N,Adversity,Std
MAC004266,8.7440605,2.9570353,0.18291903,0.6423101,0.36149818,9.086544,7.885989,0.8678755,0.33817646,2,ACORN-E,Affluent,Std
MAC004267,1.6975495,0.6742289,0.03550016,0.23614705,0.18805657,1.6993853,1.6929402,0.9962074,0.39717776,2,ACORN-F,Comfortable,Std
MAC004268,5.3430715,1.9559612,0.11155657,0.5538065,0.24497832,4.8857207,6.4914184,1.3286511,0.36607432,2,ACORN-Q,Adversity,Std
MAC004269,12.260558,4.193959,0.25594226,0.73360777,0.38670436,12.280253,12.211212,0.99437785,0.3420692,1,ACORN-E,Affluent,Std
MAC004270,7.4054914,7.383841,0.15471217,0.93679076,0.21729837,6.948676,8.539788,1.2289807,0.99707645,2,ACORN-F,Comfortable,ToU
MAC004271,19.508986,15.841557,0.40711161,1.1096687,0.46803984,19.651354,19.151516,0.97456473,0.8120133,1,ACORN-G,Comfortable,Std
MAC004272,8.750729,2.7141912,0.18279588,0.8251101,0.24957936,8.407057,9.6183605,1.1440818,0.31016746,2,ACORN-E,Affluent,Std
MAC004273,6.722867,2.7267258,0.14029226,0.74126625,0.21718033,6.842987,6.421261,0.93837106,0.40558973,2,ACORN-L,Adversity,Std
MAC004274,10.963386,7.601886,0.22913668,0.7185805,0.3301718,11.345624,10.003635,0.8817175,0.6933885,1,ACORN-F,Comfortable,Std
MAC004275,13.311103,2.8431542,0.27828762,1.1383902,0.263693,12.6117115,15.067185,1.1946979,0.21359268,1,ACORN-H,Comfortable,Std
MAC004276,22.045586,6.7270246,0.46015698,1.5680666,0.31665188,22.005804,22.145468,1.0063467,0.30514157,1,ACORN-D,Affluent,Std
MAC004277,10.175618,2.7107604,0.2125397,0.73618424,0.32963693,10.326036,9.797935,0.94885725,0.2663976,2,ACORN-H,Comfortable,Std
MAC004278,11.717296,7.5906715,0.24513277,0.93900925,0.27831808,11.613375,11.978228,1.0314167,0.64781773,1,ACORN-E,Affluent,Std
MAC004279,8.456594,2.0225968,0.17663212,0.66614395,0.28847075,8.337167,8.756462,1.0502923,0.23917392,2,ACORN-H,Comfortable,Std
MAC004280,32.171955,6.1038165,0.67291176,1.7754784,0.40223315,32.402317,31.593554,0.97503996,0.18972476,0,ACORN-D,Affluent,Std
MAC004281,5.754393,1.5126269,0.120124154,0.46429878,0.30409658,5.6791515,5.943315,1.0465146,0.2628647,2,ACORN-Q,Adversity,Std
MAC004282,2.6926966,0.91418535,0.056292024,0.22758669,0.28153098,2.6897967,2.699978,1.0037853,0.33950552,2,ACORN-F,Comfortable,Std
MAC004283,4.1967134,1.2466037,0.08771781,0.4993777,0.23047253,4.109831,4.414864,1.0742204,0.29704285,2,ACORN-P,Adversity,ToU
MAC004284,14.38086,6.1035037,0.2999315,1.2539676,0.28292334,14.300898,14.579641,1.0194913,0.42441854,1,ACORN-F,Comfortable,Std
MAC004285,15.460418,5.306624,0.32319164,0.9332895,0.37312746,15.154208,16.229273,1.0709417,0.34323937,1,ACORN-F,Comfortable,Std
MAC004286,9.746577,2.3293612,0.2034529,0.88605106,0.24516417,9.621156,10.061494,1.0457677,0.23899274,2,ACORN-N,Adversity,Std
MAC004287,11.988079,4.1628666,0.25072518,0.9233421,0.30461705,11.940396,12.107804,1.0140203,0.34725052,1,ACORN-B,Affluent,Std
MAC004288,4.1900835,2.2125845,0.08747468,0.43734574,0.23620284,4.640383,3.0532622,0.6579764,0.5280526,2,ACORN-F,Comfortable,Std
MAC004289,4.978916,2.1485915,0.10443569,0.4179799,0.28615263,5.0643744,4.7643423,0.9407563,0.431538,2,ACORN-E,Affluent,Std
MAC004290,12.942836,2.2814248,0.27059704,1.0077003,0.30553964,12.82737,13.231505,1.0315057,0.17626931,1,ACORN-F,Comfortable,Std
MAC004291,7.773127,1.3557309,0.16277455,0.35516873,0.49668917,7.776262,7.7652555,0.9985846,0.17441255,2,ACORN-Q,Adversity,Std
MAC004292,2.4235573,1.1653839,0.050928894,0.2360387,0.26771063,2.4353354,2.3939838,0.9830202,0.48085678,2,ACORN-D,Affluent,Std
MAC004293,4.739878,2.4347162,0.098842144,0.66894007,0.24702641,4.831022,4.512635,0.9340954,0.5136664,2,ACORN-Q,Adversity,Std
MAC004294,5.677593,1.6459588,0.1188787,0.7516068,0.17799504,5.784286,5.4097013,0.935241,0.28990433,2,ACORN-E,Affluent,Std
MAC004295,12.768902,1.4561888,0.2670319,0.6011535,0.46265113,12.665849,13.029066,1.0286769,0.11404182,1,ACORN-L,Adversity,Std
MAC004296,4.768949,1.2086453,0.09959718,0.96213466,0.12617843,4.764264,4.780712,1.0034524,0.25344062,2,ACORN-F,Comfortable,Std
MAC004297,3.7618806,1.6553513,0.07867943,0.2177969,0.41315335,3.7072213,3.898826,1.0516841,0.4400329,2,ACORN-H,Comfortable,Std
MAC004298,4.3296595,5.45465,0.09050832,0.32841796,0.39355025,4.89513,2.9098368,0.59443504,1.2598335,2,ACORN-E,Affluent,Std
MAC004299,17.281239,5.929899,0.3622925,1.1551086,0.33549815,17.114578,17.697248,1.0340452,0.34314087,1,ACORN-F,Comfortable,Std
MAC004300,7.3745995,1.8295054,0.15403396,0.7434737,0.23367737,7.2229137,7.755462,1.0737305,0.24808201,2,ACORN-E,Affluent,Std
MAC004301,5.8607183,2.6393683,0.12237151,0.61333436,0.23218213,5.9439588,5.651712,0.95083296,0.45034894,2,ACORN-F,Comfortable,Std
MAC004302,5.2304587,1.3089074,0.10931097,0.49750853,0.31808397,4.828679,6.2370925,1.2916768,0.25024715,2,ACORN-Q,Adversity,Std
MAC004303,10.1596,3.4915922,0.21203496,0.81630313,0.28297025,9.788829,11.083801,1.1322908,0.34367418,2,ACORN-E,Affluent,ToU
MAC004304,2.386339,0.87772936,0.04978592,0.468678,0.1373338,2.4158354,2.3122773,0.95713365,0.3678142,2,ACORN-F,Comfortable,Std
MAC004305,6.1590514,5.4463916,0.12916219,0.45490712,0.29617304,6.2040715,6.0460105,0.974523,0.88429064,2,ACORN-Q,Adversity,Std
MAC004306,4.842317,1.9868275,0.100980744,0.730887,0.1578077,4.1741257,6.52006,1.5620182,0.4103051,2,ACORN-L,Adversity,Std
MAC004307,3.7083359,1.1496662,0.07779892,0.31895977,0.29794344,3.7441926,3.6183045,0.9663778,0.31002215,2,ACORN-F,Comfortable,ToU
MAC004308,1.6790993,0.8610089,0.03506517,0.2258062,0.25542033,1.7256485,1.5624728,0.9054409,0.5127802,2,ACORN-E,Affluent,Std
MAC004309,13.836672,4.4795885,0.29047835,1.1753349,0.2648916,13.376896,14.988609,1.1204848,0.32374755,1,ACORN-N,Adversity,ToU
MAC004310,2.1632295,0.6413759,0.045314725,0.33591163,0.17219554,2.0827353,2.3649023,1.135479,0.29648998,2,ACORN-F,Comfortable,Std
MAC004311,8.999034,3.1587949,0.18807444,0.90328044,0.22374132,8.933478,9.161765,1.0255541,0.35101488,2,ACORN-D,Affluent,Std
MAC004312,5.283803,1.8480023,0.11027722,0.43108073,0.29502285,5.194965,5.5075955,1.0601796,0.34974852,2,ACORN-F,Comfortable,Std
MAC004313,14.513847,1.9636033,0.30324808,0.66867596,0.47080046,14.530822,14.47132,0.99590516,0.13529171,1,ACORN-F,Comfortable,Std
MAC004314,7.8328867,3.3304055,0.16339818,0.49152714,0.33532956,7.778269,7.9697285,1.0246147,0.4251824,2,ACORN-J,Comfortable,Std
MAC004315,7.974352,1.9639043,0.1664059,0.4135473,0.4383525,7.827885,8.341315,1.0655899,0.2462776,2,ACORN-F,Comfortable,ToU
MAC004316,9.025346,1.9547608,0.18872558,0.60136294,0.34856093,8.606863,10.074984,1.1705756,0.2165857,2,ACORN-L,Adversity,Std
MAC004317,1.3996403,1.1709992,0.02938733,0.0557876,0.82803756,1.3980087,1.4037284,1.0040913,0.8366429,2,ACORN-E,Affluent,Std
MAC004318,5.415904,1.3159359,0.11330324,0.45804033,0.3044349,5.390844,5.47869,1.0162954,0.24297622,2,ACORN-D,Affluent,ToU
MAC004319,48.859844,25.821924,1.0190073,2.5266109,0.4272449,41.592014,67.068924,1.6125433,0.5284897,0,ACORN-A,Affluent,Std
MAC004320,3.7132888,2.8243814,0.077517554,0.32444873,0.26900822,3.4890933,4.2780657,1.2261254,0.7606145,2,ACORN-E,Affluent,ToU
MAC004321,10.352218,3.3396218,0.21617919,0.9794884,0.2677816,10.139762,10.884511,1.0734484,0.32259965,1,ACORN-H,Comfortable,Std
MAC004322,6.3482246,3.7360282,0.13235842,0.53058445,0.26080927,6.4370737,6.1256194,0.9516156,0.58851546,2,ACORN-H,Comfortable,Std
MAC004323,13.489192,4.0918584,0.28130385,1.8882768,0.16136076,13.06411,14.551898,1.1138836,0.30334347,1,ACORN-U,ACORN-U,ToU
MAC004324,11.370755,3.7491567,0.23743759,0.9528667,0.29017988,10.65695,13.159146,1.2347947,0.32971925,1,ACORN-Q,Adversity,Std
MAC004325,15.059122,5.8045683,0.31416154,1.3251102,0.25271797,13.201731,19.729918,1.4944948,0.38545197,1,ACORN-E,Affluent,Std
MAC004326,8.057996,2.3386836,0.16812201,0.5536248,0.3465008,7.6506295,9.082402,1.1871444,0.29023144,2,ACORN-H,Comfortable,Std
MAC004327,6.4657865,2.3673277,0.13505095,0.6530335,0.23298766,6.2660584,6.968044,1.1120298,0.36613142,2,ACORN-E,Affluent,Std
MAC004328,10.027251,2.6349065,0.20953315,0.79046726,0.309841,9.762512,10.69299,1.0953113,0.26277456,2,ACORN-E,Affluent,Std
MAC004329,16.851255,3.1507328,0.3515841,1.0965091,0.37053376,17.38458,15.510098,0.8921756,0.18697317,1,ACORN-O,Adversity,Std
MAC004330,14.816652,17.41232,0.30922687,1.1295718,0.27094257,14.668861,15.188304,1.0354112,1.1751858,1,ACORN-E,Affluent,Std
MAC004331,5.69676,1.6855364,0.11886107,0.422795,0.33180028,5.812419,5.405912,0.93006235,0.29587632,2,ACORN-Q,Adversity,ToU
MAC004332,9.948513,3.452129,0.20761679,1.6187211,0.15895927,9.426614,11.260936,1.1945897,0.3469995,1,ACORN-E,Affluent,Std
MAC004333,15.414362,6.9580846,0.3219056,1.503491,0.24560438,15.51577,15.159353,0.9770287,0.4514027,1,ACORN-Q,Adversity,Std
MAC004334,7.4645605,2.9644265,0.155658,0.6168257,0.30728915,7.5543976,7.238647,0.9582031,0.39713344,2,ACORN-E,Affluent,ToU
MAC004335,4.593399,0.78858745,0.095898084,0.29361507,0.3657692,4.577185,4.6341715,1.0124501,0.17167841,2,ACORN-Q,Adversity,Std
MAC004336,7.0748825,2.0739107,0.14796087,0.93980896,0.21546166,7.138113,6.9158773,0.96886635,0.29313713,2,ACORN-C,Affluent,Std
MAC004337,11.702237,7.6381254,0.24410601,0.7301816,0.38088572,9.89061,16.24907,1.6428784,0.65270644,1,ACORN-F,Comfortable,Std
MAC004338,6.9730744,3.0679302,0.14543986,1.0560042,0.17133136,6.3961463,8.421049,1.3165817,0.43996808,2,ACORN-G,Comfortable,Std
MAC004339,6.674244,2.7720187,0.13923897,0.79545534,0.19360551,6.255238,7.7258677,1.2351037,0.41533074,2,ACORN-E,Affluent,Std
MAC004340,14.675492,4.0148697,0.30633855,1.146046,0.2822408,14.601799,14.860446,1.0177133,0.2735765,1,ACORN-D,Affluent,Std
MAC004341,15.369412,3.292367,0.32094076,1.0297375,0.33489904,15.047916,16.176304,1.0749863,0.21421555,1,ACORN-E,Affluent,Std
MAC004342,4.2098646,1.4682043,0.0878806,0.41772068,0.27800158,3.89234,5.006789,1.2863185,0.34875333,2,ACORN-E,Affluent,Std
MAC004343,12.595319,5.380027,0.26339155,1.0272723,0.30883867,12.52482,12.772255,1.0197555,0.42714494,1,ACORN-E,Affluent,Std
MAC004344,8.113379,1.9361391,0.16930705,0.63243717,0.29445502,8.014908,8.360519,1.0431211,0.23863538,2,ACORN-I,Comfortable,Std
MAC004345,18.018997,5.449307,0.37671947,1.3818086,0.29329333,17.684061,18.859627,1.066476,0.3024201,1,ACORN-E,Affluent,Std
MAC004346,9.802842,9.315678,0.20435317,0.7691536,0.29539433,9.2220335,11.260559,1.2210494,0.95030373,1,ACORN-E,Affluent,ToU
MAC004347,10.069655,2.4480288,0.21027245,0.40614387,0.5521657,10.090431,10.017509,0.9927732,0.2431095,2,ACORN-E,Affluent,ToU
MAC004348,26.315302,14.530013,0.5493014,1.8895502,0.29439268,26.257751,26.459736,1.0076923,0.5521507,0,ACORN-D,Affluent,Std
MAC004349,18.304413,6.5166125,0.38247788,1.4343016,0.28639328,18.34492,18.202745,0.99224997,0.3560132,1,ACORN-E,Affluent,Std
MAC004350,10.756741,3.2905571,0.22459081,0.96702516,0.24854285,10.709789,10.874578,1.0153868,0.30590653,1,ACORN-Q,Adversity,ToU
MAC004351,20.411625,17.082003,0.42839274,1.3977722,0.34192967,20.997858,18.947529,0.9023553,0.83687615,1,ACORN-E,Affluent,Std
MAC004352,2.688486,1.9907198,0.05674238,0.2874986,0.30820963,2.5851972,2.9477208,1.1402305,0.74046123,2,ACORN-E,Affluent,Std
MAC004353,15.444354,6.752896,0.3266324,1.100365,0.3757732,15.261722,15.901828,1.0419419,0.43724042,1,ACORN-E,Affluent,Std
MAC004354,4.7056184,0.5635075,0.09822996,0.24427514,0.42028502,4.692994,4.737304,1.0094417,0.11975206,2,ACORN-H,Comfortable,ToU
MAC004355,20.820099,9.408829,0.43560085,1.3735237,0.37705183,20.845406,20.756582,0.9957389,0.45191085,1,ACORN-E,Affluent,Std
MAC004356,7.637233,3.0810602,0.15930285,0.7832542,0.2170877,6.7195606,9.940412,1.4793246,0.40342626,2,ACORN-E,Affluent,Std
MAC004357,7.403796,1.9757274,0.15449843,0.7052137,0.23535116,7.1698146,7.991044,1.1145399,0.2668533,2,ACORN-Q,Adversity,Std
MAC004358,4.5778575,1.172953,0.095606714,0.40345812,0.26889706,4.5066643,4.7565393,1.0554457,0.25622314,2,ACORN-Q,Adversity,Std
MAC004359,5.729706,2.6531098,0.11954544,0.42062852,0.30877382,5.8767595,5.3606277,0.91217405,0.46304467,2,ACORN-N,Adversity,Std
MAC004360,6.996528,2.6654003,0.14599223,0.53265923,0.33954316,7.1269336,6.6692357,0.93577915,0.3809604,2,ACORN-D,Affluent,Std
MAC004361,8.220893,0.9490941,0.17173469,0.35084635,0.52736074,8.2360115,8.182946,0.9935569,0.11544903,2,ACORN-G,Comfortable,ToU
MAC004362,21.442513,6.6473446,0.44886446,1.1461475,0.44865367,20.782911,23.096384,1.1113161,0.31000772,1,ACORN-F,Comfortable,ToU
MAC004363,8.45151,3.7434034,0.17683592,0.7573525,0.26475987,7.778595,10.137098,1.3032043,0.44292715,2,ACORN-E,Affluent,ToU
MAC004364,9.36669,6.028318,0.19582148,0.67346215,0.43447772,9.310565,9.506222,1.0210145,0.6435911,2,ACORN-D,Affluent,Std
MAC004365,5.045797,2.9894772,0.10552132,0.657521,0.2706453,4.763749,5.750917,1.207225,0.5924688,2,ACORN-M,Adversity,Std
MAC004366,20.28536,3.7400048,0.42341805,1.1023874,0.40261754,19.36372,22.593979,1.1668202,0.18436965,1,ACORN-Q,Adversity,ToU
MAC004367,8.876663,4.7505455,0.18517816,0.85095525,0.28243044,9.082109,8.362039,0.92071545,0.53517246,2,ACORN-C,Affluent,Std
MAC004368,9.527973,2.8614273,0.19940536,0.59818184,0.38833725,9.555196,9.4597845,0.99001473,0.30031857,2,ACORN-F,Comfortable,Std
MAC004369,13.382968,5.3166823,0.27934888,1.2346658,0.24856414,12.906421,14.576673,1.1294125,0.3972723,1,ACORN-C,Affluent,Std
MAC004370,3.171689,1.4211116,0.06619102,0.69216365,0.11954095,3.118893,3.303958,1.0593368,0.44806144,2,ACORN-Q,Adversity,Std
MAC004371,8.314467,1.8792642,0.17351982,0.7064154,0.27370438,8.162517,8.695088,1.065246,0.2260234,2,ACORN-F,Comfortable,Std
MAC004372,7.8635273,4.2403255,0.16408597,0.6536685,0.31573802,8.778417,5.571819,0.634718,0.53923965,2,ACORN-M,Adversity,Std
MAC004373,5.0658755,2.1953776,0.105637036,0.45996362,0.3393904,5.703683,3.4682302,0.6080686,0.43336588,2,ACORN-E,Affluent,Std
MAC004374,25.938292,12.130557,0.54181695,1.439744,0.39581236,25.557074,26.893206,1.0522803,0.46766984,0,ACORN-A,Affluent,ToU
MAC004375,6.162358,3.082452,0.12850109,0.7102573,0.21411622,6.384626,5.605598,0.87798375,0.5002066,2,ACORN-F,Comfortable,Std
MAC004376,5.954712,1.5571854,0.12434804,0.55276364,0.31442198,5.806783,6.32526,1.0892881,0.26150474,2,ACORN-O,Adversity,Std
MAC004377,4.9900684,2.3045118,0.10423254,0.6020727,0.22996996,4.9116535,5.18649,1.055956,0.46181968,2,ACORN-E,Affluent,Std
MAC004378,3.610172,0.8348969,0.07538131,0.33123076,0.25366625,3.4114187,4.1080294,1.2041997,0.23126237,2,ACORN-F,Comfortable,Std
MAC004379,9.2448225,2.3293886,0.19311562,0.6831469,0.33360717,9.348012,8.986343,0.9613106,0.25196683,2,ACORN-E,Affluent,Std
MAC004380,10.290674,4.6746836,0.21465941,1.0699203,0.24574883,10.3586235,10.120465,0.9770087,0.45426407,1,ACORN-E,Affluent,Std
MAC004381,13.332908,3.5330408,0.27801913,1.5905707,0.18339925,13.02047,14.115535,1.0841033,0.26498652,1,ACORN-Q,Adversity,ToU
MAC004382,6.119136,1.2981634,0.12779087,0.55913144,0.267704,6.15873,6.019956,0.9774671,0.21214816,2,ACORN-Q,Adversity,Std
MAC004383,8.817384,2.7113311,0.1839614,0.6501511,0.3366632,8.281239,10.160373,1.2269146,0.30749837,2,ACORN-E,Affluent,Std
MAC004384,11.459241,3.7360523,0.23918314,0.7641343,0.31945646,10.96519,12.69679,1.1579179,0.32602966,1,ACORN-Q,Adversity,Std
MAC004385,30.883965,11.284987,0.6446876,1.4890517,0.43854046,31.087412,30.37436,0.977063,0.36539957,0,ACORN-D,Affluent,Std
MAC004386,22.315939,6.170954,0.46583295,1.536379,0.31883487,22.279274,22.40778,1.005768,0.27652675,1,ACORN-D,Affluent,Std
MAC004387,4.301548,1.3087276,0.08983926,0.33563915,0.3656464,4.279086,4.357814,1.0183983,0.30424574,2,ACORN-A,Affluent,Std
MAC004388,4.0526724,1.7323917,0.084570155,0.36317763,0.27968553,3.9393542,4.3365245,1.1008211,0.427469,2,ACORN-E,Affluent,Std
MAC004389,13.136478,5.3795724,0.2743229,1.3756685,0.21822813,12.406223,14.965695,1.2063055,0.40951404,1,ACORN-D,Affluent,Std
MAC004390,12.170112,5.3512654,0.2540638,1.0473347,0.25281596,12.736814,10.753358,0.8442738,0.43970552,1,ACORN-E,Affluent,Std
MAC004391,14.961184,2.9802687,0.31225154,0.8985448,0.3764676,14.773796,15.429651,1.0443932,0.19920006,1,ACORN-H,Comfortable,Std
MAC004392,1.4702846,0.63475925,0.030659579,0.1367636,0.33006147,1.4717971,1.466558,0.9964403,0.43172544,2,ACORN-E,Affluent,ToU
MAC004393,3.5396862,1.5883579,0.07395109,0.23458543,0.3474871,3.3354313,4.0503235,1.2143327,0.44872844,2,ACORN-Q,Adversity,Std
MAC004394,5.3209553,1.1484302,0.11103117,0.4712171,0.2820352,5.1832647,5.6651816,1.0929755,0.2158316,2,ACORN-E,Affluent,Std
MAC004395,22.843529,17.063637,0.4771637,1.1457436,0.4434526,21.944786,25.090382,1.1433414,0.746979,0,ACORN-Q,Adversity,Std
MAC004396,4.086556,0.6697324,0.085381344,0.20627731,0.45685947,4.007131,4.2851176,1.069373,0.16388676,2,ACORN-F,Comfortable,ToU
MAC004397,4.232145,0.5282756,0.0883442,0.22820505,0.40419528,4.324102,3.9999752,0.92504185,0.12482456,2,ACORN-I,Comfortable,Std
MAC004398,3.6420462,1.7066667,0.07607252,0.52386236,0.21164185,3.5292196,3.9269059,1.1126839,0.46860105,2,ACORN-E,Affluent,Std
MAC004399,4.831025,1.9224362,0.10085735,0.41792697,0.2829995,4.752449,5.029411,1.0582777,0.39793548,2,ACORN-D,Affluent,ToU
MAC004400,19.551838,16.700762,0.40805337,1.3035618,0.3423671,18.664776,21.791447,1.1675172,0.8541786,1,ACORN-F,Comfortable,ToU
MAC004401,8.697355,2.4446745,0.18200606,0.7630477,0.26143116,8.599622,8.944109,1.0400584,0.2810825,2,ACORN-I,Comfortable,Std
MAC004402,4.270445,2.9658213,0.08917124,0.46354774,0.32087788,4.441647,3.838203,0.86413956,0.6944994,2,ACORN-E,Affluent,Std
MAC004403,16.634865,4.6589375,0.34698656,1.456649,0.2599188,15.900432,18.489124,1.1628064,0.28007066,1,ACORN-Q,Adversity,Std
MAC004404,5.985733,3.692584,0.12502359,0.599184,0.29453418,6.0732293,5.764827,0.94921935,0.6168975,2,ACORN-E,Affluent,Std
MAC004405,8.907245,4.4524436,0.18606552,0.7357107,0.3288499,9.409682,7.638713,0.81179285,0.49986768,2,ACORN-Q,Adversity,Std
MAC004406,4.137122,0.9593763,0.0863451,0.32013622,0.3485223,4.145506,4.1159554,0.99287164,0.2318946,2,ACORN-C,Affluent,Std
MAC004407,18.931648,9.372776,0.39484197,2.1979213,0.22556311,18.568989,19.84548,1.0687432,0.49508506,1,ACORN-N,Adversity,Std
MAC004408,8.139124,2.343517,0.17003702,0.6688357,0.2825218,8.135646,8.147905,1.0015069,0.28793234,2,ACORN-B,Affluent,ToU
MAC004409,45.17055,16.12029,0.9429041,2.1588426,0.48286992,47.662506,38.878967,0.8157139,0.3568761,0,ACORN-D,Affluent,Std
MAC004410,8.130848,11.519982,0.1696034,0.535698,0.397385,8.545149,7.0848413,0.8291068,1.4168242,2,ACORN-E,Affluent,Std
MAC004411,28.059118,16.306839,0.58655614,1.2042964,0.46685204,28.037788,28.112965,1.0026813,0.58116007,0,ACORN-E,Affluent,Std
MAC004412,23.075333,2.7306497,0.48157,0.92068964,0.53325754,22.677198,24.080524,1.0618827,0.11833631,1,ACORN-F,Comfortable,Std
MAC004413,2.710281,0.9661585,0.056653105,0.32197192,0.24259199,2.5272686,3.1723416,1.2552451,0.3564791,2,ACORN-E,Affluent,Std
MAC004414,6.5617843,1.3401214,0.13709849,0.4829031,0.31368273,6.5667257,6.549307,0.9973474,0.20423125,2,ACORN-N,Adversity,Std
MAC004415,6.74186,1.9045752,0.14074889,0.7831222,0.2111215,6.5469627,7.233926,1.1049285,0.28249997,2,ACORN-C,Affluent,Std
MAC004416,5.838376,1.2533971,0.12185471,0.49259692,0.27138355,5.688861,6.215866,1.0926381,0.21468249,2,ACORN-Q,Adversity,Std
MAC004417,6.4847236,2.2258587,0.13535483,0.6446447,0.22923568,6.2571216,7.0593615,1.1282123,0.3432465,2,ACORN-B,Affluent,Std
MAC004418,8.401844,3.693183,0.17538103,0.51190454,0.41693595,8.507473,8.135159,0.9562368,0.43956813,2,ACORN-F,Comfortable,Std
MAC004419,11.23418,2.8779087,0.23449557,0.9981447,0.28982925,11.183124,11.363089,1.0160925,0.25617433,1,ACORN-Q,Adversity,ToU
MAC004420,20.656132,4.856857,0.43084562,1.3282534,0.33673117,20.40904,21.277094,1.0425328,0.23512906,1,ACORN-F,Comfortable,Std
MAC004421,2.6038034,2.9753246,0.05428918,0.361566,0.1659987,2.5689685,2.6917524,1.047795,1.1426841,2,ACORN-E,Affluent,Std
MAC004422,11.821454,4.3937445,0.24718198,0.8968623,0.32332548,11.479219,12.68551,1.1050847,0.37167546,1,ACORN-Q,Adversity,ToU
MAC004423,6.3193846,2.1413448,0.13201807,0.7477093,0.19094537,5.95091,7.249693,1.2182494,0.3388534,2,ACORN-H,Comfortable,Std
MAC004424,6.9523063,1.4113929,0.1452524,0.6028146,0.30671164,7.0450745,6.718089,0.9535867,0.20301075,2,ACORN-E,Affluent,ToU
MAC004425,7.2428746,1.6235862,0.1514354,0.6986475,0.26706088,7.528398,6.522,0.8663197,0.22416323,2,ACORN-Q,Adversity,Std
MAC004426,4.368288,0.78520876,0.091275625,0.3087556,0.3266888,4.246171,4.676604,1.1013696,0.17975205,2,ACORN-E,Affluent,Std
MAC004427,4.7083316,1.3831713,0.098275624,0.62760675,0.20846258,4.698598,4.732906,1.0073017,0.293771,2,ACORN-Q,Adversity,Std
MAC004428,14.921844,12.517717,0.3169348,2.0976713,0.27062437,14.8382,15.133025,1.0198693,0.8388854,1,ACORN-E,Affluent,Std
MAC004429,10.01983,1.307813,0.2091547,0.49503097,0.44907483,9.951229,10.192689,1.0242643,0.13052247,2,ACORN-F,Comfortable,Std
MAC004430,2.8007889,2.667216,0.058520578,0.22199999,0.46565047,2.9911788,2.3210447,0.7759632,0.95230883,2,ACORN-E,Affluent,Std
MAC004431,21.433636,6.1593266,0.44816285,1.2834599,0.37825945,21.697647,20.768372,0.9571716,0.2873673,1,ACORN-A,Affluent,Std
MAC004432,5.231425,1.6320618,0.109307684,0.5388997,0.22613057,5.022885,5.759291,1.1466103,0.3119727,2,ACORN-E,Affluent,Std
MAC004433,15.654539,11.727539,0.327439,0.97932464,0.33110705,15.5152445,16.004477,1.0315323,0.7491462,1,ACORN-L,Adversity,Std
MAC004434,17.698553,9.718859,0.36926565,1.156107,0.33777046,17.786137,17.477858,0.98266745,0.54913294,1,ACORN-D,Affluent,Std
MAC004435,8.222148,3.4969006,0.17160232,0.9283405,0.23089524,7.952247,8.901991,1.1194309,0.42530257,2,ACORN-Q,Adversity,Std
MAC004436,4.8667793,3.503698,0.1015848,0.59071165,0.3014737,4.740621,5.184673,1.0936695,0.7199213,2,ACORN-A,Affluent,ToU
MAC004437,9.669465,6.7881336,0.20233363,0.96047676,0.22770187,9.449319,10.224194,1.0820032,0.7020175,1,ACORN-Q,Adversity,Std
MAC004438,7.815477,3.6332998,0.1630394,0.69095075,0.2602956,8.398646,6.3460045,0.7555985,0.46488523,2,ACORN-E,Affluent,Std
MAC004439,16.3249,4.014612,0.3406732,1.0850675,0.33077338,15.972597,17.212633,1.0776352,0.24591957,1,ACORN-D,Affluent,ToU
MAC004440,4.740369,1.1789926,0.09894035,0.3550197,0.32194155,4.7604203,4.6898417,0.9851739,0.24871327,2,ACORN-H,Comfortable,Std
MAC004441,4.316149,1.5302099,0.0900777,0.4760239,0.27286875,4.127012,4.7927375,1.1613094,0.3545313,2,ACORN-F,Comfortable,Std
MAC004442,3.3716555,0.99482614,0.07046896,0.3712447,0.26816848,3.3332162,3.468515,1.040591,0.2950557,2,ACORN-Q,Adversity,Std
MAC004443,8.645956,3.161823,0.18056843,0.6497187,0.3387714,8.85741,8.113133,0.9159713,0.36569965,2,ACORN-E,Affluent,Std
MAC004444,7.7916617,2.3078682,0.1629355,0.5557842,0.31991383,7.743801,7.912622,1.0218008,0.29619718,2,ACORN-F,Comfortable,Std
MAC004445,7.425598,3.5963404,0.16939232,1.351632,0.23303868,7.1441755,8.147767,1.140477,0.4843166,2,ACORN-F,Comfortable,ToU
MAC004446,39.91888,14.709941,0.8332527,2.2497017,0.37113148,39.9313,39.887585,0.9989052,0.36849582,0,ACORN-E,Affluent,Std
MAC004447,8.603847,2.93622,0.17954853,0.9149718,0.23026483,7.943185,10.268583,1.2927539,0.34126827,2,ACORN-C,Affluent,Std
MAC004448,6.762886,1.9225621,0.14128138,0.71864134,0.23952252,6.897446,6.423822,0.93133336,0.2842813,2,ACORN-D,Affluent,ToU
MAC004449,29.274418,11.388498,0.61144215,1.6653447,0.39192984,30.173864,27.00799,0.8950789,0.3890256,0,ACORN-E,Affluent,ToU
MAC004450,4.05671,1.016792,0.08464918,0.2843648,0.33732584,4.047025,4.081064,1.0084109,0.2506445,2,ACORN-G,Comfortable,Std
MAC004451,11.502598,4.6608295,0.24055934,0.8636338,0.30714518,11.287397,12.043792,1.0670123,0.40519798,1,ACORN-F,Comfortable,ToU
MAC004452,5.2459016,1.5445961,0.10948278,0.44142395,0.3250443,5.154242,5.476411,1.0625056,0.29443863,2,ACORN-E,Affluent,Std
MAC004453,3.4901872,1.5544591,0.07286901,0.3521803,0.21578765,2.9625373,4.8171487,1.6260213,0.44537985,2,ACORN-Q,Adversity,Std
MAC004454,1.8323733,1.8993584,0.038202334,0.26487467,0.30488634,2.1325805,1.077396,0.50520766,1.0365565,2,ACORN-E,Affluent,Std
MAC004455,17.615501,4.802821,0.3673871,1.9575112,0.21275029,16.647957,20.03857,1.2036655,0.27264744,1,ACORN-C,Affluent,Std
MAC004456,16.17162,7.2437735,0.3375604,1.1587754,0.3125685,15.777298,17.159136,1.0875839,0.44793123,1,ACORN-F,Comfortable,ToU
MAC004457,9.903878,3.2970147,0.20668465,0.78180003,0.30595303,9.9513445,9.785837,0.98336834,0.3329014,2,ACORN-H,Comfortable,Std
MAC004458,31.415731,9.877248,0.6564671,2.0608983,0.32120925,31.18893,31.983717,1.025483,0.31440452,0,ACORN-E,Affluent,Std
MAC004459,19.12738,5.8652883,0.39935416,1.360165,0.31400537,18.20801,21.429808,1.176944,0.30664358,1,ACORN-Q,Adversity,Std
MAC004460,10.620666,2.6112409,0.22174607,1.4529417,0.18442887,10.370076,11.247139,1.0845764,0.24586415,1,ACORN-G,Comfortable,Std
MAC004461,4.992738,1.914285,0.10414957,0.48835528,0.2936314,4.879454,5.275948,1.0812578,0.38341388,2,ACORN-Q,Adversity,Std
MAC004462,11.9273205,3.8321004,0.24927147,0.9164211,0.27679676,11.997632,11.751543,0.97948855,0.32128763,1,ACORN-Q,Adversity,Std
MAC004463,10.450991,3.4034057,0.21821311,0.7979391,0.34451005,10.264469,10.917295,1.0636005,0.32565388,2,ACORN-E,Affluent,Std
MAC004464,14.900275,3.6375437,0.31100908,0.98317766,0.35044447,14.305897,16.386223,1.1454173,0.24412593,1,ACORN-K,Adversity,Std
MAC004465,6.6784496,2.040512,0.13939598,0.7814596,0.25616086,6.1901445,7.899213,1.276095,0.3055368,2,ACORN-Q,Adversity,Std
MAC004466,12.921849,5.3478594,0.26992196,1.1381466,0.2783233,12.902922,12.96917,1.0051343,0.41386178,1,ACORN-F,Comfortable,Std
MAC004467,5.0043864,1.6648096,0.10444791,0.56206834,0.25906312,5.02613,4.950026,0.9848583,0.33267006,2,ACORN-U,ACORN-U,ToU
MAC004468,17.928719,12.408133,0.37459254,2.1912794,0.19015461,17.929796,17.926022,0.9997895,0.6920814,1,ACORN-E,Affluent,Std
MAC004469,28.80344,11.006547,0.6040238,2.4900274,0.24007201,28.50821,29.541517,1.036246,0.38212612,0,ACORN-Q,Adversity,Std
MAC004470,13.158004,6.6313634,0.27465653,1.5282708,0.2126759,13.37552,12.614213,0.9430821,0.50397944,1,ACORN-E,Affluent,Std
MAC004471,6.850815,3.3680573,0.1429546,0.88553655,0.21866952,6.454957,7.8382106,1.2142932,0.4916287,2,ACORN-E,Affluent,Std
MAC004472,11.789076,4.273208,0.24630088,0.87401867,0.30359092,11.329696,12.937527,1.1419129,0.36247185,1,ACORN-F,Comfortable,Std
MAC004473,6.4697027,2.7892063,0.13500443,0.781323,0.2192989,6.012567,7.6125436,1.2661054,0.43111816,2,ACORN-E,Affluent,Std
MAC004474,4.751213,1.6495997,0.09940452,0.59166855,0.209985,4.687013,4.9106774,1.04772,0.34719548,2,ACORN-E,Affluent,Std
MAC004475,7.9134398,3.5591128,0.16524474,0.83480245,0.21327895,7.343017,9.339496,1.271888,0.44975546,2,ACORN-D,Affluent,Std
MAC004476,3.0454235,1.1055796,0.063582495,0.34866336,0.29056534,2.9278748,3.3392959,1.1405187,0.36302984,2,ACORN-E,Affluent,Std
MAC004477,5.7706795,1.9918959,0.12067978,0.4216112,0.33324462,5.451412,6.5688477,1.204981,0.3451753,2,ACORN-E,Affluent,Std
MAC004478,15.201264,1.90092,0.31713846,0.8474334,0.38473335,15.11411,15.4210615,1.020309,0.12505013,1,ACORN-F,Comfortable,Std
MAC004479,9.537372,4.165239,0.20669363,1.0777383,0.2722955,9.308377,10.120172,1.0872111,0.43672818,1,ACORN-O,Adversity,Std
MAC004480,24.44931,8.045707,0.5103887,1.5766448,0.3675354,24.675716,23.882166,0.96784085,0.32907704,1,ACORN-E,Affluent,Std
MAC004481,6.353134,3.068492,0.13258676,0.8133412,0.20536652,6.46872,6.061636,0.9370688,0.4829887,2,ACORN-Q,Adversity,Std
MAC004482,4.1708446,1.4912881,0.08702176,0.37996015,0.26797494,4.2219114,4.042057,0.9573998,0.35755062,2,ACORN-E,Affluent,Std
MAC004483,6.2053943,3.7858226,0.13131268,0.75934625,0.23280033,5.2667537,8.591626,1.6312945,0.6100857,2,ACORN-F,Comfortable,Std
MAC004484,19.562244,14.145895,0.4082867,1.3626695,0.29444122,19.171402,20.543255,1.0715573,0.7231223,1,ACORN-G,Comfortable,Std
MAC004485,7.0752034,1.2894361,0.14762263,0.44085056,0.35515657,7.151774,6.882097,0.96229225,0.1822472,2,ACORN-G,Comfortable,ToU
MAC004486,12.327085,3.7687306,0.27360928,0.8902646,0.36111045,11.881319,13.461,1.1329551,0.30572766,1,ACORN-Q,Adversity,Std
MAC004487,14.300057,9.842939,0.298543,1.105386,0.38265324,13.896221,15.318504,1.1023504,0.6883147,1,ACORN-E,Affluent,Std
MAC004488,10.379163,4.678199,0.21672112,1.1289752,0.26137522,10.665935,9.655947,0.9053071,0.45072988,1,ACORN-F,Comfortable,Std
MAC004489,7.1359987,1.8331149,0.14885776,0.7774185,0.21113035,6.8872595,7.7633023,1.1271976,0.25688273,2,ACORN-Q,Adversity,Std
MAC004490,8.015995,1.930276,0.16747627,0.8408555,0.22754686,7.9079857,8.288385,1.0481032,0.24080305,2,ACORN-L,Adversity,Std
MAC004491,10.798608,2.9114482,0.22526693,0.84201247,0.29695675,10.200294,12.307513,1.2065842,0.2696133,1,ACORN-H,Comfortable,ToU
MAC004492,7.0525284,2.8003008,0.14712484,0.60099375,0.30778733,7.2312765,6.601737,0.9129421,0.3970634,2,ACORN-F,Comfortable,Std
MAC004493,26.863018,10.575572,0.5619948,1.3556787,0.4468596,27.069258,26.342896,0.9731665,0.3936852,0,ACORN-N,Adversity,ToU
MAC004494,12.44545,1.9419876,0.2597537,0.91802984,0.309866,12.303372,12.80376,1.0406708,0.15603997,1,ACORN-H,Comfortable,Std
MAC004495,12.249616,3.4261193,0.2557733,1.0684931,0.2734065,11.880581,13.180294,1.1093981,0.279692,1,ACORN-Q,Adversity,Std
MAC004496,3.4860747,1.7871928,0.072948754,0.5312465,0.18650454,3.1977577,4.209464,1.3163799,0.5126662,2,ACORN-E,Affluent,Std
MAC004497,18.245937,7.087284,0.38092583,1.6583935,0.24344938,17.556644,19.984285,1.1382748,0.3884308,1,ACORN-L,Adversity,ToU
MAC004498,9.25879,5.6396365,0.193736,1.2960933,0.17020684,9.127725,9.589324,1.0505711,0.6091116,1,ACORN-Q,Adversity,Std
MAC004499,8.44436,2.7482615,0.17624834,0.811208,0.24706693,8.34566,8.693272,1.0416517,0.32545528,2,ACORN-F,Comfortable,Std
MAC004500,14.654933,11.174402,0.30768317,0.7424658,0.4224751,14.781479,14.33579,0.96984816,0.76250106,1,ACORN-E,Affluent,Std
MAC004501,13.939076,6.363846,0.29084727,1.1073077,0.2766164,13.893584,14.053803,1.0115318,0.45654717,1,ACORN-H,Comfortable,Std
MAC004502,10.51549,3.7401147,0.21999218,0.85550934,0.28197667,10.683734,10.091188,0.9445376,0.3556767,2,ACORN-F,Comfortable,Std
MAC004503,4.1398506,0.9041714,0.086458,0.69268614,0.13479035,4.103887,4.2305484,1.0308638,0.21840677,2,ACORN-Q,Adversity,Std
MAC004504,27.130606,5.331861,0.5665801,1.4202926,0.4273078,26.626541,28.401821,1.0666733,0.1965257,0,ACORN-C,Affluent,Std
MAC004505,9.467563,4.0597844,0.1976266,0.6989664,0.31133565,8.7877865,11.181912,1.2724379,0.42880988,2,ACORN-L,Adversity,Std
MAC004506,4.655695,1.2142881,0.0972202,0.33118057,0.333958,4.6464014,4.679132,1.0070443,0.2608178,2,ACORN-J,Comfortable,ToU
MAC004507,6.0507784,1.8604223,0.12654558,0.60200375,0.2881373,5.9787846,6.2323422,1.0424095,0.30746827,2,ACORN-L,Adversity,Std
MAC004508,5.452677,1.3494158,0.11373309,0.5870237,0.2679122,5.1557755,6.20014,1.2025621,0.24747768,2,ACORN-K,Adversity,Std
MAC004509,10.93,4.337117,0.2279841,0.93996257,0.27397862,10.691649,11.530057,1.0784171,0.3968085,1,ACORN-C,Affluent,ToU
MAC004510,6.5439415,1.6748394,0.13663357,0.28380924,0.49496073,6.579805,6.4536533,0.98082745,0.2559374,2,ACORN-E,Affluent,Std
MAC004511,9.869825,4.487382,0.2059393,0.85275936,0.32484406,9.077408,11.864772,1.3070661,0.45465666,1,ACORN-E,Affluent,Std
MAC004512,6.9643617,2.3313737,0.14563158,0.66191024,0.2629243,6.8279967,7.3076663,1.0702504,0.3347577,2,ACORN-E,Affluent,Std
MAC004513,6.1717143,2.108709,0.1287238,0.48393017,0.30195993,5.9929357,6.6217985,1.104934,0.34167317,2,ACORN-Q,Adversity,Std
MAC004514,12.395918,2.950846,0.25868496,1.7565187,0.16005328,12.42007,12.3351145,0.99315983,0.23804982,1,ACORN-Q,Adversity,Std
MAC004515,17.613913,11.669814,0.37025893,2.169308,0.16645183,16.165405,21.260597,1.3151911,0.6625339,1,ACORN-U,ACORN-U,Std
MAC004516,2.0414464,0.85131747,0.042598426,0.25708228,0.17723186,1.9342579,2.3112984,1.1949277,0.4170168,2,ACORN-Q,Adversity,Std
MAC004517,3.6201558,1.6398901,0.07560759,0.49876434,0.2180165,3.512765,3.8905177,1.1075372,0.4529888,2,ACORN-E,Affluent,Std
MAC004518,7.9409966,3.443762,0.16579741,1.6171198,0.1086745,7.974282,7.8571978,0.9853173,0.43366873,1,ACORN-E,Affluent,Std
MAC004519,7.595015,3.4060547,0.15848695,0.64039654,0.3109778,7.1749287,8.6526,1.2059493,0.44845924,2,ACORN-E,Affluent,Std
MAC004520,1.4402605,0.3579956,0.030045185,0.13766584,0.24172103,1.4208398,1.4891535,1.0480798,0.24856308,2,ACORN-Q,Adversity,Std
MAC004521,15.811437,4.9283676,0.32982743,1.4584377,0.24234551,15.0247,17.792078,1.1841886,0.31169638,1,ACORN-F,Comfortable,Std
MAC004522,5.767524,1.1426835,0.12038656,0.6193267,0.21850455,5.6932054,5.954623,1.0459175,0.19812377,2,ACORN-E,Affluent,Std
MAC004523,6.0724587,2.2582333,0.12696378,0.4135374,0.32767588,5.9129252,6.474092,1.0949051,0.37188122,2,ACORN-F,Comfortable,Std
MAC004524,2.7985125,0.6029177,0.058430746,0.21843143,0.27323854,2.6363535,3.2067544,1.2163599,0.2154422,2,ACORN-M,Adversity,Std
MAC004525,4.235893,2.5103133,0.08853033,0.48631173,0.24513154,4.0075297,4.810807,1.2004421,0.5926291,2,ACORN-E,Affluent,ToU
MAC004526,6.9497795,0.8479138,0.14514177,0.6112244,0.259456,6.8747334,7.1387105,1.0383981,0.12200586,2,ACORN-F,Comfortable,Std
MAC004527,15.015953,7.343176,0.3133548,0.98030585,0.48412225,15.249533,14.428929,0.9461883,0.48902497,1,ACORN-D,Affluent,Std
MAC004528,7.5760703,1.5949005,0.15824254,0.39077526,0.44358173,7.634171,7.4300528,0.97326255,0.21051818,2,ACORN-E,Affluent,Std
MAC004529,7.6798754,2.167139,0.16045949,0.90973413,0.20266478,7.3779893,8.438561,1.1437482,0.28218415,2,ACORN-A,Affluent,Std
MAC004530,5.2786784,1.5751886,0.11174503,0.37386054,0.3685024,5.3875113,5.0058765,0.9291631,0.2984059,2,ACORN-Q,Adversity,Std
MAC004531,8.444497,3.1141922,0.17643546,0.7973533,0.26410428,8.129384,9.236425,1.1361778,0.36878362,2,ACORN-E,Affluent,Std
MAC004532,13.850669,3.8002713,0.2892291,1.5045756,0.20665434,13.720958,14.176654,1.0332117,0.27437457,1,ACORN-L,Adversity,Std
MAC004533,11.223299,2.2422376,0.23429175,0.57799375,0.42829126,11.101366,11.529733,1.0385869,0.19978417,2,ACORN-Q,Adversity,Std
MAC004534,3.9850776,0.76404816,0.08314912,0.28055182,0.33963886,3.998597,3.9511008,0.9881218,0.1917273,2,ACORN-E,Affluent,Std
MAC004535,4.571341,1.3437774,0.0954346,0.22637454,0.47773054,4.531506,4.6714516,1.0308828,0.29395694,2,ACORN-E,Affluent,Std
MAC004536,4.9372263,2.0895374,0.10336243,0.60079026,0.20905003,4.494769,6.050623,1.3461477,0.4232209,2,ACORN-E,Affluent,Std
MAC004537,10.472948,2.1875985,0.21872026,0.99695885,0.30176592,10.490078,10.429895,0.99426293,0.20888087,2,ACORN-E,Affluent,Std
MAC004538,5.561649,3.1128688,0.11625429,0.4464884,0.37641925,5.575561,5.526781,0.9912511,0.5597025,2,ACORN-E,Affluent,Std
MAC004539,5.2785034,1.5080854,0.11019572,0.40032586,0.3034228,5.240419,5.374215,1.0255315,0.2857032,2,ACORN-D,Affluent,Std
MAC004540,9.227281,1.5589496,0.19266659,0.59801996,0.37210685,9.089037,9.57471,1.0534351,0.16895005,2,ACORN-Q,Adversity,Std
MAC004541,5.2312584,1.5972302,0.1092707,0.41013357,0.329872,5.1625533,5.4039254,1.0467544,0.3053243,2,ACORN-Q,Adversity,Std
MAC004542,3.0858028,0.55141085,0.06440084,0.25966665,0.29191166,3.0663438,3.1347063,1.0222944,0.17869283,2,ACORN-H,Comfortable,Std
MAC004543,20.527359,4.968648,0.42860964,1.2237878,0.3809319,20.09997,21.601452,1.0747007,0.24205004,1,ACORN-A,Affluent,ToU
MAC004544,10.4393835,3.8224669,0.21778312,0.99507797,0.22684808,10.254064,10.903092,1.0632948,0.3661583,1,ACORN-Q,Adversity,Std
MAC004545,8.138063,2.4446595,0.16976184,0.7173071,0.3076255,7.9889393,8.512837,1.065578,0.30039817,2,ACORN-F,Comfortable,Std
MAC004546,9.303904,1.2723637,0.19442162,0.7527403,0.28369328,9.2835865,9.354964,1.0076886,0.1367559,2,ACORN-K,Adversity,Std
MAC004547,7.5786533,1.5245686,0.1580398,0.8375625,0.20621853,7.47778,7.831724,1.0473328,0.20116615,2,ACORN-P,Adversity,Std
MAC004548,13.908742,6.185016,0.29033464,1.3231045,0.24084458,12.92872,16.348995,1.2645485,0.44468552,1,ACORN-E,Affluent,Std
MAC004549,24.792364,16.386217,0.51852083,1.8307712,0.29222322,24.881193,24.56951,0.98747313,0.6609381,0,ACORN-E,Affluent,Std
MAC004550,6.2665997,1.5808655,0.13078028,0.65865,0.2565197,6.100117,6.684268,1.0957606,0.25226846,2,ACORN-P,Adversity,Std
MAC004551,5.6089125,0.8748975,0.11700248,0.86122376,0.14888571,5.5741434,5.6961403,1.0218862,0.15598345,2,ACORN-F,Comfortable,ToU
MAC004552,12.00064,15.807764,0.25048816,1.3186487,0.42350385,12.436023,10.908363,0.8771585,1.3172435,1,ACORN-E,Affluent,Std
MAC004553,13.765922,7.341222,0.28989404,1.314272,0.28908327,14.611207,11.639674,0.79662645,0.53328955,1,ACORN-E,Affluent,Std
MAC004554,10.974949,2.991872,0.22912472,0.8768275,0.27472347,10.850401,11.287413,1.040276,0.2726092,1,ACORN-A,Affluent,Std
MAC004555,8.941907,2.7743053,0.18675795,0.88324755,0.29091707,8.848263,9.176843,1.037135,0.3102588,2,ACORN-E,Affluent,Std
MAC004556,5.8869286,1.0026996,0.12288442,0.39011624,0.325799,5.786075,6.1399474,1.0611593,0.17032644,2,ACORN-E,Affluent,Std
MAC004557,16.576546,4.283613,0.3458505,1.3371288,0.28395575,16.311817,17.240688,1.0569447,0.2584141,1,ACORN-F,Comfortable,Std
MAC004558,16.87794,3.4878561,0.3520178,2.5934362,0.16107833,16.711376,17.293344,1.0348247,0.20665178,1,ACORN-Q,Adversity,Std
MAC004559,2.1921225,0.8893059,0.045719177,0.42333,0.11793704,2.12993,2.348149,1.1024536,0.40568256,2,ACORN-P,Adversity,ToU
MAC004560,11.7919,3.8257256,0.24598327,1.0068727,0.2949844,11.534362,12.4395895,1.078481,0.32443675,1,ACORN-E,Affluent,Std
MAC004561,17.24719,7.3856654,0.35959765,1.7886188,0.2136039,16.45388,19.237429,1.1691728,0.42822427,1,ACORN-E,Affluent,ToU
MAC004562,27.56556,9.177962,0.57658243,1.7942438,0.3755802,27.630337,27.403048,0.9917739,0.33295032,0,ACORN-E,Affluent,Std
MAC004563,14.936057,9.497445,0.31139496,1.53761,0.24200912,15.086035,14.559798,0.96511763,0.6358737,1,ACORN-Q,Adversity,Std
MAC004564,3.2835736,0.7678263,0.068547055,0.31320375,0.26757687,3.3087761,3.2203465,0.9732742,0.23383862,2,ACORN-E,Affluent,Std
MAC004565,15.727299,5.6700654,0.3283242,1.0958636,0.31485227,14.529204,18.727785,1.2889752,0.3605238,1,ACORN-E,Affluent,Std
MAC004566,16.029942,8.421061,0.3347096,1.1754117,0.30135223,15.747751,16.736658,1.0627967,0.5253332,1,ACORN-L,Adversity,Std
MAC004567,9.702391,3.797344,0.20233122,0.8425344,0.2958489,9.124303,11.150145,1.2220271,0.3913823,2,ACORN-B,Affluent,Std
MAC004568,14.109579,2.1837668,0.29445663,1.0978101,0.2879195,13.84037,14.7740555,1.067461,0.15477194,1,ACORN-Q,Adversity,ToU
MAC004569,4.9229574,1.8188643,0.10277303,0.5958273,0.2006703,4.7098193,5.4567366,1.1585872,0.3694658,2,ACORN-Q,Adversity,Std
MAC004570,8.610512,3.1536977,0.17962049,0.6619412,0.30917066,8.592138,8.656527,1.0074939,0.36626136,2,ACORN-U,ACORN-U,Std
MAC004571,12.86208,4.00236,0.26891428,2.099886,0.17215751,12.920459,12.715878,0.9841661,0.31117517,1,ACORN-E,Affluent,Std
MAC004572,6.8929586,2.9060059,0.14397658,0.659567,0.2573789,7.0414867,6.520987,0.926081,0.4215905,2,ACORN-F,Comfortable,Std
MAC004573,12.176755,7.691156,0.25564638,1.3113693,0.28025067,11.918566,12.823364,1.0759151,0.63162607,1,ACORN-Q,Adversity,Std
MAC004574,13.591941,5.6926413,0.2835415,0.71785235,0.42654625,13.096701,14.832215,1.1325154,0.41882476,1,ACORN-E,Affluent,Std
MAC004575,17.490755,7.1328955,0.364803,1.8675026,0.20222464,17.269775,18.04614,1.0449551,0.40780947,1,ACORN-Q,Adversity,Std
MAC004576,17.048143,4.4589705,0.35572618,1.144301,0.3387547,16.656168,18.033287,1.0826793,0.26155168,1,ACORN-L,Adversity,Std
MAC004577,5.5494847,2.5920918,0.11577908,0.55479723,0.2995539,5.577278,5.479633,0.9824923,0.46708694,2,ACORN-Q,Adversity,Std
MAC004578,5.074468,2.1031358,0.10600493,0.66492474,0.20156842,4.4887733,6.5490413,1.4589823,0.41445443,2,ACORN-F,Comfortable,Std
MAC004579,11.20358,14.10154,0.23354903,0.410597,0.5803875,10.884378,12.005822,1.1030325,1.2586638,1,ACORN-E,Affluent,Std
MAC004580,4.810356,1.2257518,0.10039651,0.2700581,0.38243088,4.8977256,4.5919323,0.93756425,0.2548152,2,ACORN-F,Comfortable,Std
MAC004581,11.573267,3.6013854,0.24155433,0.941204,0.31167227,11.20326,12.503195,1.1160318,0.3111814,1,ACORN-E,Affluent,Std
MAC004582,21.101845,12.1921625,0.44576645,2.858367,0.15180734,20.284441,23.157204,1.141624,0.5777771,1,ACORN-E,Affluent,Std
MAC004583,3.2218525,0.88737625,0.0673197,0.4668048,0.17778859,3.344889,2.9126284,0.87076986,0.27542424,2,ACORN-Q,Adversity,Std
MAC004584,3.2213945,0.9296828,0.067188844,0.26873267,0.27088967,3.0149894,3.7392347,1.2402148,0.28859636,2,ACORN-E,Affluent,Std
MAC004585,16.552252,6.050675,0.3454559,1.636207,0.2194233,16.432777,16.853752,1.025618,0.36554995,1,ACORN-C,Affluent,Std
MAC004586,21.19443,8.985776,0.4421318,1.4456488,0.33548287,22.670729,17.477629,0.7709337,0.42396876,1,ACORN-E,Affluent,Std
MAC004587,28.916117,9.089035,0.6040626,1.7312977,0.3727063,29.538782,27.348457,0.9258492,0.3143242,0,ACORN-U,ACORN-U,Std
MAC004588,6.0984044,1.1680075,0.12750116,0.45513043,0.35397685,5.906388,6.5818353,1.1143588,0.19152674,2,ACORN-F,Comfortable,Std
MAC004589,8.2562475,2.4810317,0.1723676,0.8504532,0.23542063,7.9681334,8.981618,1.1271923,0.30050355,2,ACORN-L,Adversity,Std
MAC004590,11.3101845,3.0753374,0.23642294,0.98254853,0.26003882,11.1097355,11.814841,1.0634674,0.2719087,1,ACORN-D,Affluent,ToU
MAC004591,2.927373,0.76592374,0.061421424,0.30451506,0.21209036,2.8544765,3.1109002,1.0898322,0.261642,2,ACORN-Q,Adversity,Std
MAC004592,3.7322865,2.366323,0.077851504,0.497,0.23325229,4.111191,2.7873354,0.67798734,0.6340143,2,ACORN-E,Affluent,ToU
MAC004593,62.442078,15.282214,1.3071057,2.7463295,0.48470896,63.12893,60.712822,0.96172744,0.24474224,0,ACORN-A,Affluent,ToU
MAC004594,5.776689,1.3426516,0.12115674,0.46629936,0.31574702,5.464152,6.563547,1.2012014,0.23242581,2,ACORN-Q,Adversity,Std
MAC004595,4.617169,3.351393,0.09642076,0.3830485,0.41268393,4.5128036,4.8799233,1.0813507,0.7258545,2,ACORN-E,Affluent,Std
MAC004596,5.765567,2.3488004,0.120437555,0.47740173,0.32545382,5.795441,5.690327,0.98186266,0.40738413,2,ACORN-J,Comfortable,Std
MAC004597,8.3076315,3.6159153,0.17350094,0.71675414,0.28226295,8.254159,8.442259,1.0227885,0.43525225,2,ACORN-Q,Adversity,Std
MAC004598,3.2878497,0.79274476,0.06855971,0.34635785,0.20516157,3.122659,3.703741,1.1860857,0.24111344,2,ACORN-Q,Adversity,Std
MAC004599,3.3832006,0.82786524,0.070560835,0.4873077,0.15933031,3.3727593,3.4094882,1.0108899,0.24469884,2,ACORN-Q,Adversity,Std
MAC004600,7.4989295,1.7115928,0.15713544,0.5590435,0.326975,7.261428,8.096876,1.1150529,0.22824495,2,ACORN-F,Comfortable,Std
MAC004601,6.948729,2.5670393,0.14510839,0.62373745,0.26908675,7.0376916,6.724753,0.9555339,0.3694257,2,ACORN-E,Affluent,Std
MAC004602,5.054987,0.6308755,0.10566173,0.30662543,0.42562333,5.0555935,5.0534587,0.99957776,0.124802604,2,ACORN-Q,Adversity,Std
MAC004603,5.7622395,1.7105639,0.12032687,0.5078746,0.33033192,5.3581476,6.7795997,1.265288,0.29685748,2,ACORN-K,Adversity,Std
MAC004604,8.057316,3.9037266,0.16817996,0.6855468,0.32241896,8.282649,7.490006,0.90430075,0.48449466,2,ACORN-E,Affluent,ToU
MAC004605,12.941368,5.7221675,0.27013233,1.1494665,0.24764381,12.418173,14.258588,1.1482034,0.44216093,1,ACORN-E,Affluent,ToU
MAC004606,6.475336,4.8884254,0.1350862,0.6882843,0.25451297,6.927771,5.3362646,0.7702715,0.75492996,2,ACORN-E,Affluent,ToU
MAC004607,6.849336,1.9021429,0.14344506,0.5647375,0.2814363,6.7589903,7.0767946,1.0470195,0.27771202,2,ACORN-Q,Adversity,Std
MAC004608,4.3405604,1.6833063,0.09059682,0.46274415,0.21893468,4.026327,5.1316886,1.2745334,0.38780853,2,ACORN-F,Comfortable,Std
MAC004609,2.407286,0.53217906,0.050260104,0.18957357,0.27037486,2.4025257,2.4192705,1.0069697,0.22107016,2,ACORN-H,Comfortable,ToU
MAC004610,4.343873,2.386202,0.09151118,0.42664716,0.34124222,4.617341,3.6553764,0.79166263,0.54932594,2,ACORN-E,Affluent,ToU
MAC004611,35.548508,14.587538,0.743913,1.9738829,0.40603957,36.407894,33.384876,0.91696805,0.41035584,0,ACORN-D,Affluent,ToU
MAC004612,3.1871848,1.2713398,0.06676356,0.2986413,0.2643529,3.2253258,3.0903654,0.95815605,0.39889115,2,ACORN-Q,Adversity,Std
MAC004613,8.9150715,2.324895,0.18600832,0.83009505,0.24697101,9.137233,8.358345,0.9147567,0.26078254,2,ACORN-E,Affluent,Std
MAC004614,10.968312,6.9911637,0.2322403,1.2008361,0.2600178,10.705054,11.631105,1.086506,0.6373965,1,ACORN-E,Affluent,Std
MAC004615,3.1261504,1.7026851,0.06525599,0.3461271,0.296774,3.0477078,3.323641,1.090538,0.5446587,2,ACORN-Q,Adversity,Std
MAC004616,11.788018,4.062143,0.24654391,1.1323678,0.2481745,10.945399,13.909435,1.270802,0.3445993,1,ACORN-F,Comfortable,Std
MAC004617,6.803202,3.1920831,0.14238663,0.550801,0.34056032,6.791269,6.8332467,1.0061811,0.46920303,2,ACORN-E,Affluent,Std
MAC004618,10.762925,4.525783,0.22469166,1.0962709,0.22027628,10.759936,10.770447,1.0009768,0.4204975,1,ACORN-E,Affluent,Std
MAC004619,7.3692274,2.318466,0.15506533,0.9217074,0.19847177,6.7442737,8.942641,1.3259606,0.31461453,2,ACORN-E,Affluent,Std
MAC004620,3.9206123,1.4214053,0.081976786,0.35444817,0.35912886,4.0622334,3.564059,0.8773644,0.36254677,2,ACORN-P,Adversity,ToU
MAC004621,11.616948,7.151742,0.24249196,0.78041637,0.31037995,11.6013365,11.656253,1.0047337,0.61563003,1,ACORN-E,Affluent,ToU
MAC004622,14.130799,3.8166344,0.2950829,0.9827492,0.31775308,14.266906,13.788129,0.96644145,0.27009332,1,ACORN-E,Affluent,ToU
MAC004623,4.428266,1.1658064,0.09236136,0.5845452,0.18406378,4.3548245,4.6131644,1.0593227,0.26326478,2,ACORN-E,Affluent,ToU
MAC004624,1.672234,1.2454712,0.035097033,0.095155984,0.62016714,1.7479067,1.4815686,0.84762454,0.7447948,2,ACORN-Q,Adversity,Std
MAC004625,2.7127392,1.4845742,0.056659285,0.15785953,0.45838863,2.759236,2.5956764,0.9407228,0.54726017,2,ACORN-E,Affluent,Std
MAC004626,9.857209,3.5989463,0.2057051,0.9255636,0.25482592,9.710672,10.226135,1.0530821,0.36510804,2,ACORN-L,Adversity,Std
MAC004627,10.953258,4.4720645,0.22839814,1.4555434,0.15763628,10.832832,11.256447,1.0391047,0.40828624,1,ACORN-E,Affluent,Std
MAC004628,11.022537,3.4952905,0.23101148,0.9438127,0.27518418,10.79325,11.5998,1.0747273,0.31710398,1,ACORN-D,Affluent,Std
MAC004629,8.4023695,5.0222917,0.17519116,0.7329231,0.24653827,8.527552,8.087206,0.948362,0.59772325,2,ACORN-E,Affluent,Std
MAC004630,7.447074,1.5308275,0.1554701,0.9398478,0.1867609,7.4448295,7.4527235,1.0010604,0.20556094,2,ACORN-N,Adversity,Std
MAC004631,14.340101,3.7381852,0.30060536,2.4397037,0.14609227,14.714289,13.404629,0.910994,0.26068053,1,ACORN-K,Adversity,Std
MAC004632,4.660388,0.8999537,0.097309895,0.2931505,0.33826932,4.6059484,4.7974467,1.0415763,0.19310704,2,ACORN-Q,Adversity,Std
MAC004633,9.165277,4.112176,0.19162858,0.9343319,0.23259324,9.004916,9.559103,1.0615427,0.44866905,2,ACORN-A,Affluent,ToU
MAC004634,6.438876,3.181436,0.13482593,1.1774907,0.1437913,6.0100985,7.515865,1.2505394,0.49409804,2,ACORN-E,Affluent,Std
MAC004635,15.528567,3.971277,0.3241383,1.0869867,0.32336348,14.746136,17.493853,1.1863347,0.25574008,1,ACORN-F,Comfortable,Std
MAC004636,43.746826,19.047867,0.9129477,1.8566834,0.48125285,42.64456,46.515457,1.0907711,0.4354114,0,ACORN-F,Comfortable,Std
MAC004637,22.16073,14.6096115,0.46275428,1.1772077,0.45493576,23.807632,18.0241,0.7570723,0.65925676,0,ACORN-D,Affluent,Std
MAC004638,6.1353436,2.035703,0.12815627,0.5291005,0.34238353,6.0903,6.248482,1.0259728,0.33179933,2,ACORN-E,Affluent,Std
MAC004639,31.188408,16.941025,0.6498809,2.606357,0.25047156,30.435394,33.051476,1.0859553,0.5431834,0,ACORN-J,Comfortable,ToU
MAC004640,12.332846,1.7973794,0.25870183,0.89568675,0.30707663,12.202476,12.660306,1.0375195,0.14573923,1,ACORN-L,Adversity,ToU
MAC004641,9.561044,3.1888916,0.19944148,1.5159882,0.15964343,9.196283,10.477236,1.1392902,0.33352965,1,ACORN-F,Comfortable,ToU
MAC004642,5.3393884,2.6121984,0.11129184,0.43415913,0.29970834,5.2504377,5.562812,1.0594949,0.48923177,2,ACORN-H,Comfortable,Std
MAC004643,11.3439245,4.7296157,0.23662141,1.19267,0.20028791,11.11837,11.910465,1.071242,0.4169294,1,ACORN-F,Comfortable,Std
MAC004644,6.1027083,1.7488035,0.12768853,0.7218978,0.19931808,6.0217466,6.3060646,1.0472152,0.28656188,2,ACORN-E,Affluent,Std
MAC004645,5.477821,2.190719,0.11428346,0.42523453,0.38345182,5.4328103,5.590876,1.0290947,0.39992526,2,ACORN-E,Affluent,Std
MAC004646,27.353706,15.950645,0.5708878,2.2111106,0.24721676,26.709234,28.97247,1.0847361,0.5831256,0,ACORN-F,Comfortable,Std
MAC004647,10.3117285,2.7630022,0.21530144,0.9282931,0.2575447,10.247972,10.47187,1.0218481,0.26794752,2,ACORN-D,Affluent,Std
MAC004648,5.0287924,1.2306966,0.10488751,0.47420606,0.26170212,5.036475,5.0094943,0.9946429,0.24473004,2,ACORN-E,Affluent,Std
MAC004649,27.953886,28.236216,0.5830209,1.353315,0.3967723,28.261902,27.190403,0.9620868,1.0100999,0,ACORN-U,ACORN-U,Std
MAC004650,3.5670152,0.8263783,0.07460454,0.26964992,0.3316547,3.529089,3.6622763,1.0377399,0.23167221,2,ACORN-E,Affluent,Std
MAC004651,13.089688,3.993421,0.27482766,1.0025427,0.29796004,12.184071,15.364388,1.2610226,0.30508146,1,ACORN-H,Comfortable,Std
MAC004652,3.9738762,0.8507345,0.08302995,0.47349414,0.21029384,3.9031734,4.151465,1.0636127,0.21408178,2,ACORN-Q,Adversity,Std
MAC004653,8.311489,3.2694435,0.17337531,0.7930603,0.23533088,8.25041,8.464907,1.0259984,0.39336434,2,ACORN-D,Affluent,Std
MAC004654,16.705969,4.058261,0.34893355,1.192856,0.3356584,16.640337,16.870823,1.013851,0.24292281,1,ACORN-H,Comfortable,Std
MAC004655,3.60165,1.2686799,0.07511109,1.0267856,0.12494007,3.6035128,3.5969706,0.9981845,0.35224962,2,ACORN-E,Affluent,ToU
MAC004656,1.5472312,1.1604111,0.032550447,0.19447906,0.37754545,1.7473161,1.0446647,0.5978682,0.7499921,2,ACORN-E,Affluent,Std
MAC004657,15.106405,3.6283748,0.31902993,0.5787919,0.65763783,15.656233,13.733468,0.87718856,0.24018784,1,ACORN-F,Comfortable,ToU
MAC004658,12.091098,8.0905,0.25346887,0.867792,0.36726582,13.364053,8.908713,0.66661763,0.66912866,1,ACORN-G,Comfortable,Std
MAC004659,4.6280427,0.9869808,0.09672112,0.37403023,0.29680267,4.436325,5.103974,1.1504959,0.21326095,2,ACORN-Q,Adversity,Std
MAC004660,11.785323,2.5898829,0.24583903,1.6067454,0.16214514,11.386749,12.786448,1.1229234,0.21975493,1,ACORN-G,Comfortable,Std
MAC004661,5.7241206,3.939553,0.119622916,0.44934168,0.4754215,6.067131,4.862559,0.8014593,0.68823725,2,ACORN-E,Affluent,ToU
MAC004662,7.668807,2.4566314,0.16035518,1.121397,0.17366257,7.5209856,8.0401,1.0690222,0.32034075,2,ACORN-N,Adversity,Std
MAC004663,1.6994305,1.3187432,0.03549985,0.11108375,0.5323536,1.6519603,1.8186648,1.1009132,0.77599126,2,ACORN-Q,Adversity,Std
MAC004664,9.556729,2.0480034,0.19963847,0.6144288,0.38067347,9.355717,10.061624,1.075452,0.21429962,2,ACORN-C,Affluent,Std
MAC004665,14.12538,5.6281123,0.2955918,1.0764004,0.3436973,14.139295,14.090429,0.996544,0.39843974,1,ACORN-E,Affluent,Std
MAC004666,17.55418,14.474343,0.36617723,1.5716666,0.23308551,16.965937,19.031712,1.1217601,0.82455254,1,ACORN-D,Affluent,Std
MAC004667,1.920268,0.6040145,0.040103674,0.2939045,0.23699059,1.8928828,1.989053,1.0508062,0.31454697,2,ACORN-Q,Adversity,Std
MAC004668,3.2734973,1.6200129,0.06831038,0.37856784,0.2639008,3.1950843,3.4704528,1.086185,0.4948875,2,ACORN-E,Affluent,ToU
MAC004669,6.078504,2.3502178,0.12683173,0.6720905,0.21785694,5.745934,6.9138412,1.203258,0.38664412,2,ACORN-G,Comfortable,ToU
MAC004670,8.892764,5.1414356,0.18545344,1.4198743,0.18524298,8.911197,8.846465,0.9927359,0.57815945,1,ACORN-E,Affluent,ToU
MAC004671,19.97571,6.516804,0.41799164,1.3325108,0.3834259,20.52872,18.586678,0.9053987,0.32623643,1,ACORN-E,Affluent,Std
MAC004672,0.1787052,0.6524727,0.0037644687,0.00718258,0.5434996,0.2111007,0.0973353,0.4610847,3.6511118,2,ACORN-U,ACORN-U,Std
MAC004673,3.6624072,1.3322728,0.07638872,0.64769346,0.17358407,3.601801,3.814635,1.059091,0.3637697,2,ACORN-C,Affluent,Std
MAC004674,15.8215885,3.5143945,0.33086124,0.90932333,0.39524636,15.795243,15.887758,1.0058571,0.22212653,1,ACORN-Q,Adversity,Std
MAC004675,9.38397,3.2844684,0.1958392,0.80778223,0.2634378,9.236914,9.753341,1.055909,0.3500084,2,ACORN-H,Comfortable,Std
MAC004676,12.917699,4.23069,0.2702113,1.1684774,0.26084268,12.49604,13.976805,1.1184987,0.32751113,1,ACORN-H,Comfortable,Std
MAC004677,2.8725605,2.4049091,0.05995943,0.2760067,0.3261527,2.8622863,2.898306,1.0125842,0.8372005,2,ACORN-D,Affluent,Std
MAC004678,3.92524,1.0381677,0.082025,0.57086915,0.2068647,3.8673546,4.0702944,1.0524751,0.26448515,2,ACORN-Q,Adversity,Std
MAC004679,27.227127,13.467872,0.5693393,1.6526268,0.40253612,28.293901,24.59922,0.8694177,0.49464902,0,ACORN-E,Affluent,Std
MAC004680,11.272832,8.813762,0.2350184,1.3148339,0.1914991,11.375875,11.014618,0.96824354,0.7818587,1,ACORN-Q,Adversity,Std
MAC004681,2.8737063,1.6593093,0.059910472,0.72427684,0.15113832,2.895763,2.8184352,0.9732962,0.5774109,2,ACORN-Q,Adversity,Std
MAC004682,7.9650674,4.3228993,0.16652332,0.6621812,0.32121518,7.895559,8.139247,1.030864,0.5427323,2,ACORN-E,Affluent,Std
MAC004683,6.8622565,3.0329363,0.14377397,0.82186747,0.22787155,7.1143055,6.2306533,0.8757922,0.44197363,2,ACORN-H,Comfortable,ToU
MAC004684,3.429563,0.97299546,0.071599044,0.427442,0.23807153,3.4976022,3.2594647,0.9319141,0.28370827,2,ACORN-Q,Adversity,Std
MAC004685,9.282731,2.2021859,0.19407308,0.8210453,0.27306843,9.27484,9.302506,1.002983,0.2372347,2,ACORN-G,Comfortable,Std
MAC004686,5.9017634,1.6144164,0.12317806,0.40389094,0.41377687,5.565446,6.7445354,1.211859,0.27354813,2,ACORN-D,Affluent,Std
MAC004687,3.604676,2.6919608,0.07542005,0.75295806,0.15316442,3.6569555,3.4736705,0.9498804,0.7467969,2,ACORN-E,Affluent,ToU
MAC004688,12.093604,2.022531,0.25322726,0.63261074,0.43855184,11.664308,13.169371,1.1290315,0.16723973,1,ACORN-F,Comfortable,Std
MAC004689,4.1385655,1.1034735,0.08650518,0.35897315,0.28912547,3.7457511,5.122912,1.3676594,0.2666319,2,ACORN-J,Comfortable,ToU
MAC004690,4.1491327,2.8103662,0.08733951,0.32566276,0.3278272,3.8615236,4.8698473,1.2611207,0.67733824,2,ACORN-E,Affluent,Std
MAC004691,9.962647,8.524366,0.21253279,1.3661326,0.23849241,9.908531,10.098259,1.0191479,0.85563266,1,ACORN-F,Comfortable,ToU
MAC004692,12.088436,4.008477,0.25214016,1.0471711,0.285605,12.201672,11.804683,0.9674644,0.33159602,1,ACORN-K,Adversity,Std
MAC004693,6.919617,2.200426,0.14475095,0.73188424,0.2271854,6.90277,6.961835,1.0085567,0.31799823,2,ACORN-Q,Adversity,ToU
MAC004694,4.3784547,1.4788551,0.09144778,0.51628023,0.22130692,4.174756,4.8889,1.1710624,0.33775732,2,ACORN-E,Affluent,Std
MAC004695,7.42497,3.511483,0.15500505,0.7309278,0.27101442,6.903195,8.732476,1.2649906,0.4729289,2,ACORN-E,Affluent,Std
MAC004696,13.239312,4.6286182,0.27649006,1.2495738,0.26019457,12.772343,14.409483,1.1281786,0.3496117,1,ACORN-K,Adversity,Std
MAC004697,2.457594,1.4395337,0.051406976,0.2878138,0.24808966,2.33097,2.7718086,1.1891223,0.5857492,2,ACORN-E,Affluent,ToU
MAC004698,15.690482,2.2656457,0.32754892,1.202688,0.2804059,15.365753,16.504211,1.0740906,0.14439619,1,ACORN-F,Comfortable,Std
MAC004699,19.887657,5.962936,0.41554737,0.8083825,0.5245032,19.742163,20.252253,1.0258375,0.299831,1,ACORN-E,Affluent,Std
MAC004700,19.576689,8.364574,0.40922695,1.8372936,0.22781195,19.537102,19.675888,1.0071037,0.42727217,1,ACORN-Q,Adversity,Std
MAC004701,8.148813,3.980704,0.17041299,0.7055201,0.29194045,7.9501834,8.646559,1.0875924,0.48850107,2,ACORN-E,Affluent,Std
MAC004702,9.0865755,4.188438,0.18988287,0.7828423,0.31641057,9.199653,8.803218,0.95690763,0.4609479,2,ACORN-E,Affluent,Std
MAC004703,6.595045,1.7988578,0.13795026,0.52706707,0.27470383,6.6610637,6.429612,0.96525306,0.272759,2,ACORN-G,Comfortable,Std
MAC004704,7.0106735,2.8300138,0.14631552,0.8620857,0.18586037,6.6362667,7.946692,1.1974642,0.40367216,2,ACORN-D,Affluent,Std
MAC004705,13.36663,3.6126952,0.2788132,1.1613977,0.25142348,13.17138,13.8559,1.0519702,0.2702772,1,ACORN-E,Affluent,Std
MAC004706,8.090788,3.658614,0.16897787,0.9026342,0.27791473,9.141822,5.457023,0.5969295,0.45219502,2,ACORN-E,Affluent,Std
MAC004707,13.02666,2.1827323,0.27216747,0.88728017,0.33165348,12.974378,13.15767,1.0141273,0.16755886,1,ACORN-E,Affluent,Std
MAC004708,6.874347,3.4707978,0.14339663,1.6095957,0.093289815,6.615218,7.523694,1.1373312,0.5048913,2,ACORN-F,Comfortable,Std
MAC004709,3.6628861,6.02794,0.07824501,0.31586576,0.30687973,3.2565937,4.681006,1.4373933,1.6456803,2,ACORN-Q,Adversity,ToU
MAC004710,10.203402,2.7569327,0.21309312,0.88407886,0.26388383,9.692396,11.483917,1.1848378,0.27019742,2,ACORN-H,Comfortable,ToU
MAC004711,14.546985,2.9647152,0.30383292,0.86013925,0.37114465,13.983559,15.958865,1.1412592,0.20380273,1,ACORN-H,Comfortable,ToU
MAC004712,18.457226,6.598381,0.38504085,1.2321806,0.32537475,17.641487,20.47359,1.1605365,0.3574958,1,ACORN-C,Affluent,Std
MAC004713,17.095987,4.207888,0.35828754,1.175874,0.3521132,16.643473,18.22727,1.0951602,0.24613309,1,ACORN-A,Affluent,ToU
MAC004714,11.667773,4.1603336,0.24388514,1.4609697,0.196963,11.289532,12.613376,1.117263,0.3565662,1,ACORN-D,Affluent,ToU
MAC004715,2.6426003,0.9421388,0.055234086,0.2376131,0.417411,2.737823,2.403115,0.8777467,0.3565196,2,ACORN-Q,Adversity,Std
MAC004716,15.156562,7.2824655,0.31764892,1.0174594,0.33036378,15.575418,14.099949,0.9052693,0.48048267,1,ACORN-E,Affluent,ToU
MAC004717,8.160368,2.3090658,0.17034283,0.90119237,0.22425047,8.174801,8.12414,0.9938028,0.28296098,2,ACORN-N,Adversity,Std
MAC004718,26.622076,7.7326107,0.55583245,1.3262137,0.45507616,26.364555,27.268456,1.0342847,0.2904586,0,ACORN-D,Affluent,Std
MAC004719,10.116347,3.2529552,0.21153288,0.9875857,0.22615872,9.863002,10.749709,1.0899024,0.32155433,1,ACORN-K,Adversity,ToU
MAC004720,16.390118,15.307974,0.34198162,1.9486573,0.20551422,13.828082,22.79521,1.6484723,0.9339758,1,ACORN-E,Affluent,ToU
MAC004721,11.756173,3.5577157,0.2454151,1.0890828,0.2346115,11.659076,11.998915,1.029148,0.30262533,1,ACORN-L,Adversity,Std
MAC004722,10.446249,4.028057,0.21876036,1.3398057,0.17563151,10.5700035,10.13686,0.95902145,0.38559842,1,ACORN-L,Adversity,ToU
MAC004723,9.002499,3.4986534,0.18781346,0.55072635,0.38566458,8.807806,9.494146,1.0779241,0.38863137,2,ACORN-Q,Adversity,Std
MAC004724,12.438642,2.2493527,0.25969416,0.88474786,0.34959635,12.180616,13.090222,1.0746765,0.18083587,1,ACORN-K,Adversity,Std
MAC004725,15.249239,4.4542274,0.3186956,1.0316706,0.33501732,15.02108,15.825398,1.053546,0.29209507,1,ACORN-F,Comfortable,Std
MAC004726,10.92977,4.1636863,0.22846735,0.7756911,0.3511983,11.169485,10.326849,0.9245591,0.3809491,1,ACORN-F,Comfortable,Std
MAC004727,19.015207,5.6028366,0.39711493,1.5359972,0.26753655,17.9146,21.79452,1.2165786,0.29465032,1,ACORN-E,Affluent,Std
MAC004728,5.3630586,0.8272827,0.112032846,0.39657593,0.3390332,5.3568883,5.378641,1.0040607,0.15425576,2,ACORN-E,Affluent,ToU
MAC004729,11.110971,2.611901,0.23231192,0.68049425,0.37469617,10.99045,11.415318,1.0386579,0.23507404,2,ACORN-K,Adversity,Std
MAC004730,3.6433122,2.5340474,0.07600818,0.2222593,0.51626664,3.5642638,3.8429294,1.0781832,0.69553393,2,ACORN-E,Affluent,Std
MAC004731,0.86955726,0.8842289,0.018138055,0.23588252,0.10795108,0.86904603,0.8708485,1.002074,1.0168725,2,ACORN-E,Affluent,ToU
MAC004732,3.6325974,2.3118825,0.07579177,0.3799986,0.31517336,3.577242,3.772384,1.054551,0.6364268,2,ACORN-F,Comfortable,Std
MAC004733,5.544874,1.4028459,0.11595652,0.5524169,0.27615836,5.3990097,5.913217,1.0952411,0.25299868,2,ACORN-E,Affluent,ToU
MAC004734,13.9551115,3.1073513,0.29134178,0.8428997,0.36827815,13.664402,14.689227,1.0749996,0.2226676,1,ACORN-Q,Adversity,Std
MAC004735,2.111149,3.6685693,0.044208527,0.3156485,0.17420566,2.0499918,2.2663705,1.105551,1.7377121,2,ACORN-Q,Adversity,Std
MAC004736,2.1828911,0.5397946,0.0455637,0.15654585,0.33264828,2.0685081,2.4717374,1.1949372,0.24728426,2,ACORN-E,Affluent,Std
MAC004737,5.7163124,1.4275385,0.11973223,0.6558911,0.2266132,5.605284,5.996687,1.0698274,0.24973066,2,ACORN-H,Comfortable,Std
MAC004738,3.8163352,0.7026417,0.07961042,0.56574786,0.1583446,3.743738,3.9996614,1.0683604,0.18411426,2,ACORN-E,Affluent,Std
MAC004739,2.8020473,0.46483114,0.058469858,0.26900142,0.26459622,2.723616,3.000106,1.1015159,0.16588983,2,ACORN-F,Comfortable,Std
MAC004740,7.394331,2.016584,0.15418729,0.72516334,0.23730262,7.009072,8.367208,1.1937683,0.27272028,2,ACORN-D,Affluent,Std
MAC004741,14.392462,5.373431,0.3017673,0.8626074,0.351672,14.16159,14.97547,1.0574709,0.37335038,1,ACORN-Q,Adversity,Std
MAC004742,15.143837,3.4395263,0.3164107,0.98601717,0.32997957,14.811964,15.981899,1.0789858,0.22712384,1,ACORN-K,Adversity,Std
MAC004743,2.6370888,0.6719003,0.055063415,0.32197994,0.22157653,2.6615539,2.575308,0.9675957,0.25478864,2,ACORN-Q,Adversity,Std
MAC004744,6.908765,1.2738056,0.14413677,0.57375646,0.28035802,6.7180123,7.390465,1.100097,0.1843753,2,ACORN-Q,Adversity,ToU
MAC004745,4.227179,0.98030645,0.088532194,0.25634527,0.36673015,4.089518,4.574808,1.1186668,0.2319056,2,ACORN-Q,Adversity,Std
MAC004746,13.758486,3.961253,0.28694406,1.2637192,0.25331977,12.620995,16.63094,1.3177202,0.28791344,1,ACORN-E,Affluent,ToU
MAC004747,2.7145932,1.9936758,0.056859467,0.45102146,0.15856944,2.8858721,2.2820706,0.79077333,0.73442894,2,ACORN-F,Comfortable,Std
MAC004748,8.258027,3.027914,0.17228101,0.8433081,0.23791906,8.232252,8.323116,1.0110376,0.36666313,2,ACORN-H,Comfortable,Std
MAC004749,10.750599,2.2553139,0.2245834,0.6391791,0.36408323,10.284899,11.926611,1.1596236,0.20978495,2,ACORN-H,Comfortable,Std
MAC004750,10.192885,2.0231423,0.21294603,0.68968976,0.32484156,10.144809,10.314027,1.0166802,0.19848573,2,ACORN-C,Affluent,Std
MAC004751,11.639496,6.739181,0.24484515,1.3558066,0.21424104,11.32615,12.430773,1.0975286,0.57899255,1,ACORN-F,Comfortable,ToU
MAC004752,8.534083,2.4090989,0.17817082,0.3441662,0.5566706,8.657298,8.222935,0.9498269,0.28229147,2,ACORN-E,Affluent,Std
MAC004753,5.7543426,2.9137206,0.12014995,0.5124814,0.366988,5.9349904,5.2981615,0.89269924,0.5063516,2,ACORN-F,Comfortable,ToU
MAC004754,17.566198,8.97407,0.36790168,0.79889256,0.49014574,17.593493,17.497272,0.9945309,0.51087147,1,ACORN-I,Comfortable,Std
MAC004755,30.957285,10.276259,0.6485944,1.9006894,0.3677787,29.541084,34.5457,1.169412,0.33194962,0,ACORN-E,Affluent,ToU
MAC004756,4.07471,6.970904,0.08590959,0.43717524,0.26448414,3.6438313,5.161074,1.4163867,1.710773,2,ACORN-E,Affluent,Std
MAC004757,15.048103,4.235802,0.3137534,1.1282454,0.29645348,14.83097,15.595324,1.0515376,0.28148413,1,ACORN-E,Affluent,ToU
MAC004758,4.7760615,2.0416448,0.099677615,0.53532135,0.25306448,4.667479,5.049712,1.0818928,0.42747456,2,ACORN-E,Affluent,Std
MAC004759,5.454017,1.0616621,0.11379428,0.44420114,0.28839466,5.6041484,5.073736,0.90535367,0.1946569,2,ACORN-E,Affluent,Std
MAC004760,1.3816901,0.5482997,0.028980356,0.17698136,0.21280697,1.4462305,1.2190354,0.8429053,0.3968326,2,ACORN-D,Affluent,Std
MAC004761,7.453647,2.6521761,0.15550466,0.70664704,0.25873244,7.3683004,7.6687374,1.0407742,0.3558226,2,ACORN-L,Adversity,Std
MAC004762,2.9863455,0.9437751,0.062291056,0.3134017,0.22555536,2.910477,3.1775506,1.0917629,0.3160301,2,ACORN-G,Comfortable,ToU
MAC004763,18.043123,9.223546,0.37762395,0.8588434,0.43826535,17.899035,18.405529,1.0282973,0.5111945,1,ACORN-K,Adversity,Std
MAC004764,5.596211,1.7736967,0.11677004,0.3267073,0.41859365,5.683399,5.3764796,0.9459972,0.316946,2,ACORN-Q,Adversity,Std
MAC004765,3.9601953,1.0520515,0.082794815,0.35206026,0.27665332,3.9468756,3.9937627,1.0118796,0.26565647,2,ACORN-E,Affluent,ToU
MAC004766,10.754901,3.4564004,0.22494456,0.93687093,0.25759795,10.282198,11.946208,1.1618341,0.3213791,1,ACORN-H,Comfortable,Std
MAC004767,10.775869,8.212235,0.2267561,0.8369512,0.41748857,12.519273,6.3821416,0.50978535,0.7620949,1,ACORN-E,Affluent,ToU
MAC004768,11.926284,3.605494,0.2487946,0.93949926,0.2823298,11.498681,13.00393,1.1309062,0.30231497,1,ACORN-F,Comfortable,ToU
MAC004769,27.232452,18.316599,0.5705702,2.0577383,0.27123162,26.73634,28.477087,1.065108,0.6726019,0,ACORN-E,Affluent,Std
MAC004770,3.2408512,1.3286575,0.06781803,0.23477462,0.40274152,3.1255505,3.5308769,1.1296816,0.40997177,2,ACORN-E,Affluent,ToU
MAC004771,3.700251,1.1285706,0.077217355,0.27441895,0.33828995,3.4778938,4.2606363,1.2250623,0.30499837,2,ACORN-Q,Adversity,Std
MAC004772,4.752976,1.0933434,0.09955451,0.27495396,0.4846122,4.754006,4.750389,0.9992392,0.23003343,2,ACORN-K,Adversity,Std
MAC004773,12.962111,1.5117664,0.27062786,0.70246625,0.42782164,12.9726305,12.935601,0.9971456,0.116629645,1,ACORN-Q,Adversity,Std
MAC004774,7.3542223,1.8223178,0.15449417,0.60555667,0.28606698,7.351543,7.360975,1.0012829,0.24779205,2,ACORN-E,Affluent,Std
MAC004775,9.278254,3.0955563,0.19364172,0.79056525,0.26469046,9.080042,9.777787,1.0768439,0.33363566,2,ACORN-E,Affluent,Std
MAC004776,3.3712153,0.78557205,0.07041124,0.27847204,0.29023793,3.5243387,2.985313,0.8470562,0.23302339,2,ACORN-M,Adversity,Std
MAC004777,6.143845,4.089545,0.12829532,0.6095058,0.29777083,6.1537733,6.1188736,0.99432874,0.6656328,2,ACORN-F,Comfortable,Std
MAC004778,32.010956,14.503489,0.6708951,2.1525037,0.30723122,31.26036,33.902607,1.0845238,0.4530789,0,ACORN-E,Affluent,Std
MAC004779,5.2096367,2.156553,0.10864897,0.54031324,0.2556518,4.9229035,5.9308133,1.2047389,0.4139546,2,ACORN-E,Affluent,Std
MAC004780,10.143024,3.2111876,0.21205482,1.0393821,0.24082322,9.700737,11.255444,1.1602669,0.31659073,1,ACORN-Q,Adversity,Std
MAC004781,2.1759157,1.4795706,0.045421436,0.11198546,0.6081628,2.2561078,1.9746174,0.8752318,0.67997605,2,ACORN-F,Comfortable,Std
MAC004782,4.505865,2.4561226,0.09399684,0.56399137,0.30800506,4.459074,4.6235504,1.0368857,0.54509455,2,ACORN-H,Comfortable,Std
MAC004783,7.1505494,2.4879878,0.14917877,0.45012212,0.40489358,7.017874,7.484247,1.0664551,0.34794357,2,ACORN-D,Affluent,ToU
MAC004784,6.168146,2.8517442,0.12862013,0.50823134,0.29666308,5.962968,6.684202,1.1209522,0.46233407,2,ACORN-E,Affluent,Std
MAC004785,8.759744,4.391797,0.18300441,1.0909065,0.21409515,8.44782,9.5482645,1.1302638,0.50136137,2,ACORN-J,Comfortable,Std
MAC004786,8.823884,2.6045995,0.18424648,0.59979856,0.33231372,8.453085,9.761233,1.1547539,0.2951761,2,ACORN-F,Comfortable,Std
MAC004787,9.036894,1.6531737,0.18868758,0.5980503,0.40488482,9.062126,8.97343,0.9902124,0.18293606,2,ACORN-K,Adversity,Std
MAC004788,4.8402095,1.343399,0.101191565,0.59541667,0.20797503,4.738128,5.0969596,1.0757327,0.27754977,2,ACORN-U,ACORN-U,Std
MAC004789,6.6761622,1.8304197,0.13942347,0.7688937,0.25024244,6.8103313,6.338707,0.9307487,0.27417243,2,ACORN-A,Affluent,ToU
MAC004790,5.40644,1.0454382,0.11297321,0.28754884,0.45803443,5.3679056,5.503359,1.0252339,0.19336906,2,ACORN-F,Comfortable,Std
MAC004791,5.444402,1.6390153,0.114079915,0.6547457,0.21018526,5.2551727,5.9203434,1.1265745,0.30104595,2,ACORN-Q,Adversity,Std
MAC004792,5.4669423,1.6907246,0.11411637,0.49646983,0.28725013,5.3161845,5.8461213,1.0996836,0.3092633,2,ACORN-K,Adversity,Std
MAC004793,7.825378,1.6893266,0.1632516,0.5970488,0.3328064,7.757255,7.996717,1.0308694,0.21587797,2,ACORN-L,Adversity,Std
MAC004794,7.1253114,4.059266,0.14964008,0.7118247,0.29255676,7.1257653,7.124172,0.9997764,0.56969666,2,ACORN-F,Comfortable,Std
MAC004795,9.222472,2.0692935,0.19299074,0.7425345,0.32294497,9.158372,9.3836975,1.0246032,0.22437514,2,ACORN-M,Adversity,ToU
MAC004796,6.9598207,2.1221993,0.14537333,0.47413278,0.31917453,6.9311495,7.03201,1.0145518,0.30492154,2,ACORN-Q,Adversity,Std
MAC004797,6.8722987,2.7781944,0.14410396,0.70780146,0.23476197,6.8406367,6.952,1.0162797,0.40425986,2,ACORN-E,Affluent,Std
MAC004798,5.1715155,2.846215,0.10797467,0.40924743,0.3357008,5.2290344,5.0281286,0.9615788,0.55036384,2,ACORN-E,Affluent,Std
MAC004799,7.9381785,1.6999454,0.16571893,0.94018966,0.3038356,7.6208754,8.736242,1.1463568,0.21414804,2,ACORN-Q,Adversity,Std
MAC004800,6.3528066,2.7601767,0.13267452,0.7402988,0.18880077,6.38694,6.266955,0.981214,0.43448147,2,ACORN-F,Comfortable,Std
MAC004801,5.6863565,1.7565488,0.1187225,0.38272414,0.33111724,5.6553197,5.764419,1.0192915,0.30890584,2,ACORN-H,Comfortable,Std
MAC004802,5.0694275,1.829397,0.10592876,0.4193435,0.28947717,5.018734,5.1982164,1.0357625,0.36086854,2,ACORN-E,Affluent,Std
MAC004803,4.568326,3.3490367,0.09538807,0.2751414,0.37333503,4.526985,4.671677,1.0319622,0.73309934,2,ACORN-E,Affluent,Std
MAC004804,6.6426597,2.3410504,0.13883096,0.62086064,0.28979823,6.504329,6.990581,1.0747582,0.35242668,2,ACORN-P,Adversity,Std
MAC004805,8.849365,2.6203825,0.18514308,0.6277151,0.31955785,8.483091,9.768753,1.1515558,0.29610968,2,ACORN-F,Comfortable,Std
MAC004806,17.737865,12.742946,0.37102917,1.0824662,0.41241467,17.926386,17.264658,0.96308637,0.7184036,1,ACORN-E,Affluent,Std
MAC004807,4.874607,1.1355603,0.101698294,0.38807768,0.2900588,4.927485,4.7418785,0.9623324,0.23295422,2,ACORN-H,Comfortable,Std
MAC004808,10.271499,1.9748617,0.2148392,0.70781153,0.33880025,10.209768,10.42645,1.021223,0.19226617,2,ACORN-Q,Adversity,Std
MAC004809,16.28169,2.358687,0.34007427,0.8384547,0.42086765,16.155407,16.598677,1.0274378,0.14486745,1,ACORN-Q,Adversity,Std
MAC004810,6.080716,2.8094914,0.13854444,0.5273812,0.37210792,6.1015058,6.031123,0.9884647,0.46203297,2,ACORN-N,Adversity,Std
MAC004811,5.0772934,1.8005991,0.10599977,0.4618403,0.2739807,4.6807566,6.072642,1.2973633,0.3546376,2,ACORN-Q,Adversity,ToU
MAC004812,5.4622345,2.140103,0.11411457,0.524482,0.24102364,5.4042516,5.6077776,1.0376604,0.39179993,2,ACORN-F,Comfortable,Std
MAC004813,1.9877914,0.960454,0.041694626,0.2796734,0.1752375,1.9525414,2.0762727,1.0633694,0.48317644,2,ACORN-E,Affluent,Std
MAC004814,1.8648907,0.37448686,0.038943507,0.1350374,0.3238014,1.8398129,1.9278384,1.0478449,0.20080902,2,ACORN-D,Affluent,ToU
MAC004815,16.667105,1.5778688,0.34797916,0.793767,0.46185267,16.44337,17.228703,1.0477598,0.09466964,1,ACORN-E,Affluent,Std
MAC004816,2.936613,1.3244314,0.061303694,0.18251799,0.41831565,2.9715877,2.8488233,0.9586873,0.45100644,2,ACORN-Q,Adversity,Std
MAC004817,3.5001483,0.7732589,0.073006675,0.3145295,0.24661903,3.5050642,3.487808,0.9950768,0.22092175,2,ACORN-F,Comfortable,Std
MAC004818,8.056116,1.0360571,0.168146,0.45874533,0.3845928,8.13008,7.8704596,0.96806663,0.12860504,2,ACORN-Q,Adversity,ToU
MAC004819,5.651321,2.2308772,0.11798386,0.72112805,0.18622282,5.7812214,5.325258,0.92113024,0.39475322,2,ACORN-E,Affluent,Std
MAC004820,5.5351768,0.9767566,0.11556467,0.44313955,0.30610174,5.657819,5.227333,0.9239131,0.17646348,2,ACORN-Q,Adversity,Std
MAC004821,5.295689,2.6305604,0.11061226,0.5246187,0.24195264,5.221646,5.481545,1.0497735,0.4967362,2,ACORN-L,Adversity,ToU
MAC004822,22.50365,14.036016,0.47038943,1.8696604,0.25226802,22.491323,22.534592,1.0019238,0.6237218,0,ACORN-E,Affluent,ToU
MAC004823,14.4956,3.4048119,0.3026342,1.3136592,0.25226396,14.209909,15.211567,1.0704901,0.23488589,1,ACORN-H,Comfortable,Std
MAC004824,7.0859566,2.3902617,0.1481768,0.6414193,0.25268462,7.268498,6.6286817,0.9119741,0.33732378,2,ACORN-F,Comfortable,Std
MAC004825,4.9892006,2.1534874,0.104090706,0.70812553,0.17867918,4.5274134,6.1518726,1.3588052,0.43162975,2,ACORN-C,Affluent,ToU
MAC004826,17.630953,9.861354,0.36843646,1.5204064,0.2580756,16.560997,20.311243,1.2264504,0.5593205,1,ACORN-E,Affluent,Std
MAC004827,4.082658,1.6587802,0.08518275,0.57152516,0.17995895,4.0745735,4.102949,1.0069641,0.4062991,2,ACORN-E,Affluent,ToU
MAC004828,1.1891698,0.63126266,0.024823895,0.10137123,0.33474192,1.2330524,1.0790201,0.8750805,0.5308432,2,ACORN-U,ACORN-U,Std
MAC004829,6.7313023,1.4707336,0.14075269,1.2406095,0.13700612,6.7166157,6.7683554,1.0077032,0.21849169,2,ACORN-Q,Adversity,Std
MAC004830,1.846745,0.4721799,0.03851136,0.18984203,0.23153152,1.7561134,2.0751736,1.1816854,0.25568223,2,ACORN-G,Comfortable,Std
MAC004831,3.1657102,0.52272046,0.066258654,0.27101013,0.29574814,3.128271,3.2600715,1.042132,0.16511948,2,ACORN-K,Adversity,Std
MAC004832,9.748574,2.6000838,0.20363188,0.9872957,0.21807614,9.649051,9.9994135,1.0363106,0.26671427,2,ACORN-A,Affluent,ToU
MAC004833,2.597571,1.1348981,0.054251768,0.2523536,0.2780956,2.5747268,2.655148,1.0312349,0.43690744,2,ACORN-E,Affluent,Std
MAC004834,3.3592696,0.49031147,0.07007163,0.19123478,0.3799109,3.4386034,3.1593163,0.9187789,0.14595777,2,ACORN-F,Comfortable,Std
MAC004835,5.679886,3.7007883,0.11855376,0.40577826,0.2897604,5.6510444,5.7525764,1.017967,0.6515603,2,ACORN-Q,Adversity,Std
MAC004836,8.307814,2.1037114,0.17367484,0.602058,0.33699268,8.273241,8.394949,1.014711,0.25322083,2,ACORN-E,Affluent,Std
MAC004837,6.1049395,2.2020648,0.127356,0.68844783,0.20922276,5.7564573,6.9832554,1.2131169,0.36070216,2,ACORN-F,Comfortable,ToU
MAC004838,8.901393,2.1515443,0.18590993,0.6383246,0.3135393,8.779547,9.208495,1.0488577,0.24170873,2,ACORN-F,Comfortable,ToU
MAC004839,3.067526,0.9238261,0.06416883,0.33110437,0.2691235,2.9465363,3.3724694,1.1445538,0.30116323,2,ACORN-Q,Adversity,Std
MAC004840,14.271469,4.537014,0.29760858,1.1746507,0.2705122,13.281637,16.766245,1.2623628,0.317908,1,ACORN-F,Comfortable,Std
MAC004841,12.179495,2.0362296,0.25507775,0.65748256,0.42709503,12.162357,12.22282,1.0049713,0.16718507,1,ACORN-L,Adversity,Std
MAC004842,9.941979,3.2991798,0.20769359,0.9591551,0.24178973,9.657858,10.658081,1.1035657,0.33184335,2,ACORN-N,Adversity,Std
MAC004843,18.70132,6.614602,0.39034632,1.411691,0.30228654,18.819817,18.402292,0.9778146,0.35369706,1,ACORN-D,Affluent,Std
MAC004844,6.918077,3.5895112,0.14437775,0.82565945,0.22616024,6.660682,7.566816,1.1360421,0.5188597,2,ACORN-F,Comfortable,Std
MAC004845,3.7541842,1.4712954,0.07834133,0.24786001,0.36904934,3.7208111,3.8379114,1.0314717,0.39190814,2,ACORN-F,Comfortable,Std
MAC004846,5.435274,2.6320312,0.11346388,0.49923185,0.34490338,5.192377,6.0425167,1.1637284,0.48424995,2,ACORN-E,Affluent,Std
MAC004847,12.038594,2.4801083,0.2513543,1.3146583,0.2152743,11.980352,12.184713,1.017058,0.20601311,1,ACORN-L,Adversity,Std
MAC004848,6.7883077,1.7441326,0.14162213,0.63484615,0.27049348,6.8646064,6.5968847,0.9609997,0.25693187,2,ACORN-C,Affluent,Std
MAC004849,4.7649546,1.1324973,0.09946859,0.65731525,0.16375469,4.7597146,4.7781014,1.003863,0.23767221,2,ACORN-E,Affluent,Std
MAC004850,4.739252,1.3797892,0.09891306,0.6939962,0.18755656,4.717783,4.793115,1.0159677,0.2911407,2,ACORN-G,Comfortable,Std
MAC004851,10.604031,3.5349472,0.22277804,0.97747666,0.24246931,10.387896,11.146279,1.0730065,0.33335882,1,ACORN-E,Affluent,ToU
MAC004852,20.019238,12.014285,0.4191877,1.641681,0.25277066,19.814793,20.532164,1.0362039,0.600137,1,ACORN-E,Affluent,Std
MAC004853,8.130095,2.9698012,0.16990112,0.7026368,0.29224855,7.5217834,9.656257,1.2837722,0.36528495,2,ACORN-K,Adversity,Std
MAC004854,6.2648163,8.565114,0.13216077,0.51884544,0.3084784,5.6702027,7.75639,1.3679211,1.3671772,2,ACORN-E,Affluent,Std
MAC004855,10.079292,3.8081965,0.21051618,1.0693808,0.21536162,9.534557,11.4459505,1.2004701,0.3778238,1,ACORN-E,Affluent,ToU
MAC004856,6.764591,2.1216145,0.14152779,0.36459774,0.4098085,6.717725,6.8821726,1.0244796,0.3136353,2,ACORN-E,Affluent,Std
MAC004857,8.600822,2.8571086,0.17995635,0.76194704,0.27678788,8.683139,8.3943,0.9667357,0.33219016,2,ACORN-E,Affluent,Std
MAC004858,29.218487,11.427925,0.6094879,1.9693254,0.31908816,29.609337,28.2379,0.9536823,0.3911197,0,ACORN-E,Affluent,Std
MAC004859,12.747276,4.075388,0.26712218,1.5376514,0.18965617,12.246993,14.000198,1.1431539,0.31970656,1,ACORN-F,Comfortable,Std
MAC004860,4.02489,0.5721702,0.08398156,0.27124873,0.35758987,4.065857,3.922292,0.9646901,0.14215797,2,ACORN-Q,Adversity,Std
MAC004861,11.031953,6.917815,0.23017879,1.0527879,0.27448845,12.329289,7.7828712,0.6312506,0.6270708,1,ACORN-Q,Adversity,Std
MAC004862,8.212422,2.7548566,0.17140687,0.6625669,0.28793818,7.931212,8.916695,1.1242537,0.33544993,2,ACORN-F,Comfortable,Std
MAC004863,33.94524,14.788425,0.70984817,3.0046113,0.2390534,35.271393,30.623991,0.8682388,0.43565536,0,ACORN-E,Affluent,Std
MAC004864,7.02492,2.7701037,0.14676355,0.6608624,0.27366707,7.0409136,6.984867,0.99203986,0.39432532,2,ACORN-E,Affluent,Std
MAC004865,14.686824,11.2838955,0.30676103,0.9021502,0.34403306,14.612038,14.874124,1.0179363,0.7683006,1,ACORN-M,Adversity,Std
MAC004866,13.236085,5.968698,0.2792053,2.0902538,0.13348164,12.973044,13.89485,1.0710554,0.45094135,1,ACORN-Q,Adversity,Std
MAC004867,5.711504,1.1763712,0.119095825,0.5183018,0.28568304,5.703836,5.730708,1.0047113,0.20596522,2,ACORN-F,Comfortable,Std
MAC004868,11.925625,4.4911327,0.24896434,1.1485343,0.22182986,11.775351,12.303995,1.0448942,0.37659517,1,ACORN-F,Comfortable,Std
MAC004869,7.722528,3.4325306,0.1612623,0.7940165,0.23567426,7.439175,8.435968,1.1339924,0.44448277,2,ACORN-E,Affluent,Std
MAC004870,10.6864,4.3800964,0.2234458,0.9632427,0.25661516,10.539943,11.054036,1.0487757,0.40987575,1,ACORN-Q,Adversity,Std
MAC004871,8.668671,2.9863093,0.18087903,0.8114973,0.2496356,8.415508,9.306442,1.1058681,0.3444945,2,ACORN-E,Affluent,Std
MAC004872,13.070535,3.5174856,0.2727913,0.88011426,0.38110903,13.184184,12.784379,0.9696754,0.26911566,1,ACORN-A,Affluent,Std
MAC004873,24.369934,6.4754763,0.50942516,1.2676187,0.43651363,24.335852,24.455317,1.004909,0.26571578,1,ACORN-O,Adversity,Std
MAC004874,9.566108,1.6423618,0.20005044,0.7000812,0.312769,9.410294,9.958425,1.058248,0.17168547,2,ACORN-G,Comfortable,Std
MAC004875,5.053816,1.3578637,0.10544323,0.51542443,0.26950404,5.185002,4.724094,0.9111075,0.26868087,2,ACORN-Q,Adversity,Std
MAC004876,23.463129,10.839509,0.489673,2.6661525,0.23283449,23.331102,23.794958,1.0198815,0.46198055,0,ACORN-E,Affluent,Std
MAC004877,37.92418,19.605286,0.79559124,2.7234924,0.28423595,37.830887,38.158245,1.0086532,0.51696,0,ACORN-E,Affluent,Std
MAC004878,14.28702,2.771821,0.2980375,1.0815516,0.28680274,14.3333,14.171117,0.9886849,0.19400974,1,ACORN-K,Adversity,Std
MAC004879,11.152345,5.300933,0.2331236,0.96801144,0.26666018,10.783776,12.075416,1.1197761,0.47532004,1,ACORN-E,Affluent,Std
MAC004880,22.301174,14.669304,0.4653289,1.424744,0.31334254,21.13259,25.21576,1.1932167,0.65778166,1,ACORN-E,Affluent,ToU
MAC004881,9.126424,3.0323234,0.1909633,0.6516969,0.32683414,8.929857,9.622271,1.0775391,0.33225757,2,ACORN-E,Affluent,Std
MAC004882,10.104137,2.4802449,0.2108941,0.7572753,0.32261214,10.204576,9.85123,0.96537375,0.24546824,2,ACORN-F,Comfortable,Std
MAC004883,3.0855732,1.0170597,0.064368635,0.36913618,0.24442983,2.8876336,3.58325,1.240895,0.32961774,2,ACORN-Q,Adversity,ToU
MAC004884,25.283924,15.094975,0.52909726,2.4190078,0.21713108,24.747599,26.634401,1.0762419,0.5970187,0,ACORN-E,Affluent,Std
MAC004885,2.227626,1.3707155,0.04647477,0.41320488,0.14544533,2.019093,2.7527163,1.363343,0.6153257,2,ACORN-E,Affluent,Std
MAC004886,17.85341,5.356488,0.37239766,1.2051977,0.32501784,17.30357,19.23297,1.111503,0.30002606,1,ACORN-E,Affluent,Std
MAC004887,6.867282,2.8367112,0.1432361,0.6944968,0.25008798,6.561788,7.6337705,1.1633674,0.41307625,2,ACORN-D,Affluent,Std
MAC004888,27.751621,8.689657,0.57887995,1.7896093,0.3422124,26.519415,30.83214,1.1626252,0.3131225,0,ACORN-D,Affluent,Std
MAC004889,7.752298,1.932901,0.16180284,0.74069446,0.24353749,7.739449,7.784536,1.0058256,0.24933265,2,ACORN-Q,Adversity,Std
MAC004890,18.988712,5.935197,0.39652637,1.3314838,0.31807324,18.876446,19.270388,1.0208695,0.31256446,1,ACORN-F,Comfortable,Std
MAC004891,3.1381016,3.1607125,0.065609,0.26544216,0.46537623,3.2123237,2.9522116,0.91902685,1.0072052,2,ACORN-E,Affluent,Std
MAC004892,10.086353,2.1292183,0.2105392,1.5334678,0.17434613,9.945304,10.439612,1.0497026,0.21109892,1,ACORN-Q,Adversity,Std
MAC004893,4.976711,2.218329,0.103930786,0.6264988,0.20399968,4.797583,5.4170666,1.129124,0.44574198,2,ACORN-E,Affluent,ToU
MAC004894,18.513659,4.1829143,0.38632977,2.0509357,0.25928602,17.977484,19.85409,1.1043864,0.22593667,1,ACORN-Q,Adversity,Std
MAC004895,15.811287,6.6107635,0.33050495,1.1886796,0.29694784,15.470722,16.662697,1.0770471,0.41810408,1,ACORN-E,Affluent,Std
MAC004896,3.446896,1.3182666,0.07561913,0.32441714,0.27966362,3.4082305,3.54588,1.0403874,0.38245034,2,ACORN-P,Adversity,Std
MAC004897,17.743614,9.639884,0.37585264,3.480307,0.106314816,17.893091,17.366522,0.97057134,0.5432875,1,ACORN-J,Comfortable,Std
MAC004898,6.4416275,1.5161328,0.13443695,0.75401163,0.18910922,6.0810633,7.3512316,1.2088727,0.23536487,2,ACORN-Q,Adversity,Std
MAC004899,7.50523,4.044277,0.15711121,0.5706516,0.30637273,7.3688717,7.8492227,1.0651865,0.5388612,2,ACORN-E,Affluent,Std
MAC004900,24.305262,8.725885,0.50757354,1.73932,0.31451645,24.705112,23.296555,0.9429852,0.3590122,1,ACORN-A,Affluent,Std
MAC004901,20.106464,10.173647,0.42440134,3.2874503,0.1301859,19.990124,20.39996,1.020502,0.50598884,1,ACORN-J,Comfortable,Std
MAC004902,21.726444,9.6143,0.45934626,3.6210299,0.13411182,21.694006,21.80828,1.0052676,0.44251603,0,ACORN-J,Comfortable,Std
MAC004903,16.471098,9.610707,0.34624693,2.4226117,0.15442927,16.183035,17.197805,1.0627059,0.5834892,1,ACORN-J,Comfortable,Std
MAC004904,1.8152044,0.30812266,0.037946697,0.27853945,0.15242366,1.8005497,1.8520409,1.0285975,0.16974545,2,ACORN-E,Affluent,Std
MAC004905,5.5758157,1.1310297,0.11643259,0.65857756,0.19000158,5.383639,6.05975,1.1255863,0.2028456,2,ACORN-G,Comfortable,Std
MAC004906,4.3919234,1.998531,0.0916405,0.31531784,0.32448828,4.4757004,4.1809587,0.9341462,0.45504686,2,ACORN-E,Affluent,Std
MAC004907,5.046757,1.8469557,0.108122036,0.687413,0.22660232,4.798743,5.6772246,1.183065,0.3659688,2,ACORN-E,Affluent,Std
MAC004908,32.15893,15.855673,0.6727299,2.362238,0.2804213,32.644554,30.938255,0.94773096,0.49304104,0,ACORN-E,Affluent,Std
MAC004909,15.719698,6.9882464,0.32873717,1.2215188,0.2619015,14.960314,17.62851,1.1783516,0.4445535,1,ACORN-E,Affluent,Std
MAC004910,7.7139845,0.770573,0.16101652,0.33468434,0.49608302,7.8362226,7.4067225,0.9451904,0.099892996,2,ACORN-C,Affluent,ToU
MAC004911,11.052556,3.711364,0.2304014,1.0274638,0.2551255,10.818942,11.638714,1.0757719,0.33579236,1,ACORN-D,Affluent,Std
MAC004912,7.710952,0.9746112,0.1611976,0.46793404,0.36955914,7.9102244,7.210055,0.9114855,0.12639311,2,ACORN-F,Comfortable,Std
MAC004913,6.581931,7.2183356,0.13759609,0.35445207,0.3507629,6.5304418,6.711123,1.0276675,1.0966896,2,ACORN-E,Affluent,Std
MAC004914,6.6286635,1.4509817,0.13831395,0.41468135,0.38994914,6.6743803,6.513954,0.9759639,0.21889506,2,ACORN-E,Affluent,Std
MAC004915,2.217132,1.3440177,0.046321247,0.2134741,0.2742162,2.3330688,1.9262364,0.82562345,0.6061965,2,ACORN-D,Affluent,Std
MAC004916,4.746921,0.82533145,0.09902481,0.3876062,0.28760815,4.684161,4.904391,1.0470158,0.17386669,2,ACORN-D,Affluent,Std
MAC004917,14.133701,4.676695,0.2988659,0.88723075,0.39600646,14.316264,13.673944,0.95513356,0.3308896,1,ACORN-F,Comfortable,ToU
MAC004918,5.785171,1.6890776,0.12082699,0.50459325,0.26441598,5.8143625,5.7119274,0.9823824,0.29196677,2,ACORN-E,Affluent,Std
MAC004919,9.984445,5.636223,0.20825037,0.92016715,0.313882,9.423654,11.391519,1.2088219,0.5645004,1,ACORN-E,Affluent,Std
MAC004920,6.4050508,3.1380856,0.1341763,1.13157,0.16974725,6.348007,6.5481772,1.0315328,0.4899392,2,ACORN-Q,Adversity,Std
MAC004921,8.117038,2.4037883,0.16935179,1.493206,0.13666841,8.163332,8.000882,0.98010004,0.2961411,2,ACORN-E,Affluent,ToU
MAC004922,21.317913,8.334908,0.44448078,1.4738069,0.36308196,20.60411,23.105669,1.1214106,0.3909814,1,ACORN-H,Comfortable,Std
MAC004923,24.135939,14.6356,0.50400907,1.1104798,0.49005342,23.922703,24.669994,1.0312377,0.6063821,0,ACORN-E,Affluent,Std
MAC004924,5.7130437,1.400665,0.11933711,0.51897407,0.26477388,5.5809693,6.0438313,1.0829358,0.24516967,2,ACORN-D,Affluent,Std
MAC004925,15.716165,5.959679,0.32799688,1.2002425,0.29591414,15.974904,15.068141,0.94323826,0.37920696,1,ACORN-C,Affluent,Std
MAC004926,3.9643722,1.5633569,0.08272131,0.3473619,0.31508788,3.9848332,3.9131272,0.98200524,0.3943517,2,ACORN-E,Affluent,ToU
MAC004927,7.7007008,3.1332927,0.16083954,0.8721102,0.21947446,7.368234,8.533378,1.1581306,0.4068841,2,ACORN-D,Affluent,Std
MAC004928,10.225201,5.192837,0.21341737,0.83390015,0.32593536,10.217649,10.244114,1.0025901,0.50784695,1,ACORN-D,Affluent,Std
MAC004929,12.342476,3.6811569,0.25752944,1.047201,0.2681456,11.949895,13.325713,1.1151322,0.2982511,1,ACORN-H,Comfortable,Std
MAC004930,10.501736,1.2717296,0.21926112,0.46120754,0.49082237,10.483641,10.547055,1.0060489,0.12109709,2,ACORN-E,Affluent,Std
MAC004931,2.8924758,1.767899,0.060344815,0.32640025,0.22488937,2.8476245,3.0046039,1.0551264,0.6112062,2,ACORN-P,Adversity,Std
MAC004932,12.200778,4.3011827,0.25462192,0.9879831,0.28810835,12.250344,12.076637,0.98582023,0.3525335,1,ACORN-E,Affluent,ToU
MAC004933,5.259515,1.8160976,0.10985906,0.35242024,0.3749056,4.9132485,6.1267543,1.2469864,0.34529755,2,ACORN-E,Affluent,Std
MAC004934,9.536494,1.4483705,0.19920872,0.7154903,0.30114573,9.335655,10.039504,1.0753937,0.15187661,2,ACORN-Q,Adversity,Std
MAC004935,5.242804,1.7869242,0.10955664,0.4027834,0.315515,5.147267,5.482082,1.0650471,0.3408337,2,ACORN-Q,Adversity,Std
MAC004936,9.311645,3.2880688,0.19461273,0.8609027,0.26031423,9.425652,9.026109,0.95761114,0.35311365,2,ACORN-E,Affluent,Std
MAC004937,8.198296,3.4161417,0.17135578,0.7752879,0.29641297,8.0140085,8.65985,1.080589,0.41668928,2,ACORN-E,Affluent,ToU
MAC004938,5.5272636,1.301082,0.115304805,0.5552247,0.23739438,5.3586693,5.94875,1.1101171,0.23539351,2,ACORN-E,Affluent,Std
MAC004939,12.454947,6.316163,0.26030153,0.9218539,0.31233022,12.203639,13.078888,1.0717204,0.5071208,1,ACORN-E,Affluent,Std
MAC004940,7.505486,2.1835566,0.15671968,0.8681143,0.25200403,7.109838,8.494604,1.1947676,0.29092807,2,ACORN-E,Affluent,Std
MAC004941,3.2819154,1.1784421,0.06846661,0.4060026,0.21472965,2.9684782,4.065509,1.36956,0.35907143,2,ACORN-Q,Adversity,Std
MAC004942,11.884706,6.2155867,0.2535866,0.8826107,0.30563393,11.666473,12.4246855,1.0649906,0.5229904,1,ACORN-E,Affluent,Std
MAC004943,6.5193295,4.964463,0.136248,0.69523895,0.25059047,6.1435547,7.458768,1.2140802,0.76149905,2,ACORN-Q,Adversity,Std
MAC004944,16.500328,7.9889174,0.34449974,1.7112845,0.20799978,16.03937,17.644186,1.1000549,0.4841672,1,ACORN-Q,Adversity,Std
MAC004945,9.729291,4.08872,0.20304772,1.0673947,0.20586057,8.380026,13.102455,1.563534,0.42024848,1,ACORN-D,Affluent,Std
MAC004946,6.734806,1.7163373,0.14060406,0.48062727,0.3350536,6.533645,7.237709,1.1077597,0.25484583,2,ACORN-Q,Adversity,Std
MAC004947,12.371537,4.5663104,0.2582038,1.198491,0.25220653,11.952535,13.419045,1.1226945,0.36909807,1,ACORN-L,Adversity,Std
MAC004948,4.8694844,2.1808822,0.101754345,0.4276844,0.29850116,4.1356688,6.704023,1.6210251,0.44786718,2,ACORN-D,Affluent,ToU
MAC004949,24.86509,13.619365,0.51881963,1.9717522,0.2830164,24.291544,26.292204,1.0823604,0.5477304,0,ACORN-D,Affluent,ToU
MAC004950,16.323816,2.675746,0.34068456,0.6161875,0.5893671,16.339443,16.284395,0.99663097,0.16391669,1,ACORN-E,Affluent,Std
MAC004951,3.3117383,0.50043124,0.06905245,0.35686588,0.1996321,3.3198998,3.291147,0.99133927,0.15110832,2,ACORN-P,Adversity,Std
MAC004952,11.614594,3.3230124,0.24218182,0.95870185,0.27481094,11.365355,12.243413,1.0772575,0.28610662,1,ACORN-N,Adversity,ToU
MAC004953,14.972842,6.453465,0.3125008,0.98086196,0.39459977,14.909478,15.132706,1.0149722,0.43101135,1,ACORN-D,Affluent,Std
MAC004954,20.420034,13.854026,0.43157598,3.549186,0.10808738,20.19235,20.994467,1.0397238,0.6784526,0,ACORN-E,Affluent,Std
MAC004955,9.911956,3.284649,0.20691991,0.7803047,0.32573217,10.011579,9.660614,0.9649441,0.3313825,2,ACORN-A,Affluent,ToU
MAC004956,8.161415,2.9125662,0.17046346,0.7763229,0.25212243,7.9228,8.763427,1.1061022,0.35687023,2,ACORN-H,Comfortable,ToU
MAC004957,2.5637214,1.1894355,0.053478766,0.23532422,0.2665624,2.544931,2.6111286,1.0260116,0.46394882,2,ACORN-B,Affluent,Std
MAC004958,28.694185,13.2892475,0.6004983,2.3863256,0.24880135,27.98826,30.475187,1.0888561,0.4631338,0,ACORN-E,Affluent,Std
MAC004959,11.448269,4.2162137,0.23913689,1.117905,0.22195953,11.319356,11.773509,1.0401218,0.36828396,1,ACORN-D,Affluent,Std
MAC004960,11.909054,2.1911912,0.2484951,0.7363281,0.35542718,11.728411,12.364803,1.0542607,0.18399373,1,ACORN-I,Comfortable,Std
MAC004961,9.032691,3.7321634,0.18952283,0.95493495,0.22327353,9.015569,9.0757885,1.0066795,0.41318402,2,ACORN-E,Affluent,Std
MAC004962,4.972263,1.092212,0.1038662,0.44549087,0.26273012,4.7614746,5.504069,1.1559589,0.21966095,2,ACORN-G,Comfortable,Std
MAC004963,4.8831105,1.5595746,0.10200017,0.4420534,0.28101045,4.6663017,5.430105,1.163685,0.3193814,2,ACORN-E,Affluent,Std
MAC004964,11.649544,3.0366788,0.24309003,0.8458294,0.3533342,11.000938,13.285935,1.2077093,0.26066932,1,ACORN-E,Affluent,Std
MAC004965,9.855634,4.1719975,0.20628333,0.635194,0.35015157,9.847644,9.875794,1.0028586,0.42331094,2,ACORN-E,Affluent,ToU
MAC004966,3.313348,2.1878877,0.069171436,0.36257887,0.2600103,3.1863315,3.6332202,1.1402518,0.66032535,2,ACORN-E,Affluent,Std
MAC004967,6.4893394,1.9198477,0.13578561,0.4414146,0.3200118,6.4133806,6.6806283,1.0416703,0.2958464,2,ACORN-F,Comfortable,Std
MAC004968,5.029477,2.471792,0.104936205,0.39324015,0.37143326,5.040072,5.0028615,0.9926171,0.49146104,2,ACORN-D,Affluent,ToU
MAC004969,4.819802,1.0607232,0.10062586,0.5100104,0.26235175,4.8509398,4.741385,0.97741574,0.2200761,2,ACORN-F,Comfortable,ToU
MAC004970,26.963264,19.722178,0.5667086,2.6648943,0.18659028,27.049555,26.745964,0.9887765,0.7314462,0,ACORN-G,Comfortable,Std
MAC004971,5.644241,4.381503,0.11778294,0.43964407,0.27850804,5.6217194,5.7009587,1.0140952,0.77627856,2,ACORN-E,Affluent,Std
MAC004972,8.049285,1.7615671,0.16809967,0.44667667,0.43955576,8.024122,8.112656,1.0110334,0.21884765,2,ACORN-E,Affluent,Std
MAC004973,5.7122483,3.8720078,0.11913643,0.57838166,0.26978606,5.62913,5.922488,1.0521144,0.67784303,2,ACORN-E,Affluent,Std
MAC004974,8.361193,1.5092666,0.17445496,0.6015548,0.32942775,8.322659,8.45806,1.0162691,0.18050852,2,ACORN-E,Affluent,Std
MAC004975,5.1475377,2.7012417,0.107538365,0.5481084,0.25514397,4.8588285,5.8732843,1.2087861,0.5247639,2,ACORN-F,Comfortable,Std
MAC004976,17.094404,6.4975405,0.35691118,0.95782423,0.39779118,17.201775,16.825354,0.97811735,0.3800975,1,ACORN-D,Affluent,Std
MAC004977,5.697661,1.5355157,0.11889726,0.4685418,0.30063662,5.4832406,6.236661,1.1374042,0.2694993,2,ACORN-E,Affluent,ToU
MAC004978,13.247542,6.5071793,0.2762478,1.887299,0.15232253,12.943883,14.010866,1.0824314,0.491199,1,ACORN-G,Comfortable,Std
MAC004979,6.9608774,1.5551255,0.14544486,0.5967598,0.27267063,6.7959747,7.375404,1.0852606,0.2234094,2,ACORN-Q,Adversity,ToU
MAC004980,13.477039,5.0642624,0.2839751,2.1072898,0.13317202,13.379463,13.7223215,1.0256257,0.37576964,1,ACORN-J,Comfortable,Std
MAC004981,6.3667808,1.1593584,0.13294992,0.31907833,0.46281198,6.2806787,6.58322,1.0481702,0.18209492,2,ACORN-E,Affluent,Std
MAC004982,3.4999726,4.229127,0.0729846,0.38578588,0.3056676,3.4836714,3.5409496,1.016442,1.2083315,2,ACORN-E,Affluent,Std
MAC004983,15.956809,8.712231,0.33751243,3.3367012,0.12623602,16.166714,15.42916,0.95437825,0.54598826,1,ACORN-J,Comfortable,Std
MAC004984,11.3746395,3.0656738,0.23756073,0.6259282,0.41718122,11.336828,11.469688,1.0117193,0.26951832,2,ACORN-E,Affluent,Std
MAC004985,9.719552,4.201162,0.20303145,0.72775817,0.3439589,9.014899,11.487646,1.2742956,0.43223822,2,ACORN-F,Comfortable,Std
MAC004986,5.421298,4.029668,0.11320092,0.38624442,0.46569744,5.4651465,5.3112755,0.97184503,0.7433031,2,ACORN-E,Affluent,Std
MAC004987,17.15333,4.1031265,0.3581536,0.9091582,0.42939624,17.162363,17.13067,0.9981534,0.23920292,1,ACORN-D,Affluent,Std
MAC004988,11.006984,5.262454,0.2300845,0.74897647,0.3980098,11.274989,10.334514,0.9165875,0.47810137,1,ACORN-A,Affluent,ToU
MAC004989,9.57988,4.239703,0.20048912,1.0164013,0.21933389,9.547947,9.660005,1.0117363,0.4425633,2,ACORN-C,Affluent,Std
MAC004990,8.738568,1.3076079,0.18237746,0.51400393,0.37948513,8.6624,8.929688,1.0308561,0.1496364,2,ACORN-D,Affluent,ToU
MAC004991,14.084422,8.688923,0.29408538,1.3981563,0.2057499,14.549441,12.929627,0.8886683,0.61691725,1,ACORN-E,Affluent,Std
MAC004992,6.113445,1.7208157,0.12744331,0.6011662,0.22462192,6.0666375,6.2306786,1.0270399,0.28148052,2,ACORN-E,Affluent,Std
MAC004993,53.362316,34.562244,1.1133124,2.3118613,0.5227687,56.400753,45.752285,0.8111999,0.6476901,0,ACORN-E,Affluent,Std
MAC004994,5.77642,1.9387065,0.12070908,0.46971598,0.31565678,5.848004,5.597133,0.95710146,0.33562422,2,ACORN-L,Adversity,Std
MAC004995,19.742367,11.438597,0.41172725,1.8687696,0.27376583,18.175877,23.61682,1.2993497,0.5793934,1,ACORN-E,Affluent,Std
MAC004996,31.410244,14.883497,0.6553323,2.0350118,0.35156092,31.882887,30.226469,0.9480468,0.47384214,0,ACORN-E,Affluent,Std
MAC004997,22.937458,6.1165733,0.47913244,1.8106767,0.2766953,21.955225,25.381248,1.1560459,0.26666307,1,ACORN-A,Affluent,Std
MAC004998,6.9744463,0.64990354,0.14551564,0.93022126,0.16558066,6.982689,6.9538026,0.99586314,0.09318353,2,ACORN-E,Affluent,Std
MAC004999,10.594831,4.206613,0.22151354,1.061644,0.21899907,10.249502,11.459738,1.1180775,0.39704388,1,ACORN-E,Affluent,Std
MAC005000,7.9741793,2.6908493,0.16698416,0.47812566,0.39917734,8.008745,7.8876057,0.98487407,0.3374453,2,ACORN-Q,Adversity,Std
MAC005001,24.91374,9.485626,0.5201128,1.4721221,0.39365017,26.769804,20.28268,0.7576701,0.38073874,0,ACORN-E,Affluent,Std
MAC005002,7.216996,3.2245727,0.15065476,0.80684555,0.2112495,6.68789,8.542189,1.2772621,0.4468026,2,ACORN-F,Comfortable,Std
MAC005003,5.526699,1.5128043,0.11546065,0.3777225,0.32234892,5.5671043,5.4255,0.9745641,0.27372655,2,ACORN-D,Affluent,Std
MAC005004,3.126953,1.0963247,0.065303616,0.31742334,0.30247188,3.0216312,3.390257,1.1219956,0.3506048,2,ACORN-Q,Adversity,Std
MAC005005,7.3142376,2.984134,0.15265296,0.8140459,0.22519845,6.376505,9.658569,1.5147121,0.40798974,2,ACORN-E,Affluent,Std
MAC005006,5.7823353,2.351508,0.12078018,0.6320367,0.23716494,5.4523373,6.60733,1.2118344,0.40667096,2,ACORN-E,Affluent,ToU
MAC005007,4.8200746,2.2823217,0.1005714,0.559574,0.22073147,4.2876606,6.15111,1.4346075,0.4735034,2,ACORN-E,Affluent,Std
MAC005008,15.199745,11.177977,0.31722715,1.8913617,0.17479883,13.870794,18.52212,1.3353323,0.7354055,1,ACORN-E,Affluent,Std
MAC005009,36.16399,14.592522,0.75898707,3.2405872,0.22772692,35.678753,37.377087,1.0476007,0.40350974,0,ACORN-E,Affluent,Std
MAC005010,2.8664615,1.2896135,0.059765156,0.23313238,0.33982974,2.81851,2.9863393,1.0595454,0.44989738,2,ACORN-P,Adversity,Std
MAC005011,4.181878,1.4140226,0.08740878,0.3468401,0.3028555,4.0037174,4.6272798,1.1557459,0.33813098,2,ACORN-E,Affluent,ToU
MAC005012,3.1038017,1.7653593,0.06521125,0.28190854,0.5158902,3.4174638,2.311215,0.67629534,0.5687732,2,ACORN-G,Comfortable,Std
MAC005013,9.829595,2.8645961,0.20536125,0.76534694,0.3264601,9.663292,10.249203,1.0606326,0.29142568,2,ACORN-E,Affluent,ToU
MAC005014,6.194167,1.166471,0.12912795,1.4820644,0.08864283,6.1457505,6.316329,1.0277555,0.18831766,2,ACORN-E,Affluent,Std
MAC005015,11.68844,2.2342935,0.24399963,1.3963916,0.18935056,11.935233,11.065745,0.9271495,0.19115411,1,ACORN-D,Affluent,Std
MAC005016,6.4660425,2.0354972,0.13498776,0.89299214,0.18778318,6.5666256,6.212255,0.9460346,0.314798,2,ACORN-K,Adversity,Std
MAC005017,9.629273,1.442041,0.20093074,0.8622221,0.2995207,9.558152,9.8087225,1.0262153,0.14975595,2,ACORN-E,Affluent,ToU
MAC005018,4.2886086,1.4909171,0.08961315,0.5188607,0.20233531,4.248749,4.3891807,1.0330526,0.34764588,2,ACORN-E,Affluent,Std
MAC005019,7.9174566,3.1496677,0.16534038,0.72042215,0.27936292,7.4523487,9.092864,1.220134,0.39781308,2,ACORN-Q,Adversity,Std
MAC005020,17.67266,5.1955347,0.36930537,1.0146228,0.39478442,17.277576,18.669523,1.0805638,0.29398713,1,ACORN-E,Affluent,Std
MAC005021,18.116966,11.590134,0.3808922,2.1874073,0.16700576,18.088568,18.18862,1.0055312,0.6397392,1,ACORN-E,Affluent,Std
MAC005022,19.45067,10.923325,0.4065989,1.1372694,0.3688626,19.645523,18.959028,0.96505594,0.56159115,1,ACORN-Q,Adversity,ToU
MAC005023,8.721669,1.6986501,0.18246073,0.45607623,0.42895958,8.768646,8.603139,0.9811251,0.19476205,2,ACORN-L,Adversity,ToU
MAC005024,5.482987,1.0776237,0.11447979,0.6683784,0.20439066,5.247253,6.077778,1.158278,0.19653954,2,ACORN-F,Comfortable,Std
MAC005025,4.6472616,2.0027697,0.09716205,0.5095671,0.2536273,4.6741614,4.579514,0.97975093,0.43095696,2,ACORN-E,Affluent,Std
MAC005026,20.266455,3.1699722,0.4229499,0.8025316,0.5482811,19.973314,21.004732,1.0516398,0.15641473,1,ACORN-E,Affluent,Std
MAC005027,11.376895,3.6387937,0.23744874,0.6878526,0.3685111,11.438342,11.222138,0.98109835,0.31984067,1,ACORN-E,Affluent,Std
MAC005028,15.651297,3.262179,0.3274081,1.1026381,0.32297096,15.388684,16.31269,1.0600445,0.20842867,1,ACORN-C,Affluent,Std
MAC005029,23.566162,12.009759,0.49228528,2.5593803,0.2187544,24.401287,21.462883,0.87957996,0.50961876,0,ACORN-E,Affluent,Std
MAC005030,7.579863,1.8146574,0.1581898,0.4566382,0.38642257,7.5069156,7.763583,1.0341908,0.23940505,2,ACORN-E,Affluent,Std
MAC005031,6.548975,2.7851472,0.13732181,0.58413047,0.28054336,6.42636,6.859219,1.0673568,0.42527986,2,ACORN-E,Affluent,ToU
MAC005032,7.447857,1.6860706,0.15559688,0.5659868,0.32370338,7.473706,7.382755,0.9878305,0.22638331,2,ACORN-E,Affluent,Std
MAC005033,1.1564658,1.4255759,0.024237806,0.16090395,0.16823041,1.0496067,1.4255927,1.358216,1.2327005,2,ACORN-E,Affluent,Std
MAC005034,16.690632,7.2499084,0.3490139,0.9768316,0.37706825,16.858,16.269112,0.96506774,0.43436992,1,ACORN-E,Affluent,ToU
MAC005035,10.841889,2.442605,0.22634253,0.7412947,0.32856706,10.76287,11.040902,1.0258325,0.2252933,2,ACORN-H,Comfortable,Std
MAC005036,11.037453,5.387641,0.23048043,1.0751526,0.24683386,10.837975,11.539843,1.0647601,0.4881236,1,ACORN-U,ACORN-U,Std
MAC005037,5.2739425,1.4605594,0.1108415,0.54850477,0.24276574,5.214063,5.4236417,1.0401949,0.27693883,2,ACORN-E,Affluent,Std
MAC005038,3.0474856,1.2836095,0.06375114,0.3701671,0.21570465,2.94066,3.3165278,1.1278175,0.4212028,2,ACORN-E,Affluent,Std
MAC005039,6.8543906,1.8971262,0.14312588,0.6617132,0.28539157,6.809292,6.9679723,1.0233035,0.27677533,2,ACORN-E,Affluent,ToU
MAC005040,3.0869973,2.0725043,0.06440413,0.20067589,0.3823082,3.0874493,3.0858612,0.9994856,0.67136574,2,ACORN-E,Affluent,Std
MAC005041,33.791298,13.577418,0.71185416,4.5524306,0.15788892,33.50947,34.499775,1.0295529,0.4018022,0,ACORN-E,Affluent,Std
MAC005042,14.741277,5.6458344,0.3081775,0.94286424,0.3708231,14.313886,15.81569,1.1049194,0.38299495,1,ACORN-A,Affluent,Std
MAC005043,13.618944,4.473307,0.28456336,0.9704137,0.33687428,13.984214,12.700695,0.9082166,0.32846212,1,ACORN-F,Comfortable,Std
MAC005044,20.967392,12.318655,0.4380683,1.8632859,0.25369322,21.730986,19.047802,0.8765273,0.5875149,1,ACORN-E,Affluent,Std
MAC005045,4.334344,0.9789947,0.090539955,0.46774572,0.2894112,4.292335,4.439949,1.0343901,0.22586918,2,ACORN-Q,Adversity,Std
MAC005046,2.357589,0.6599657,0.0491975,0.19089988,0.2828282,2.3482947,2.3809538,1.0139076,0.27993247,2,ACORN-N,Adversity,Std
MAC005047,35.604813,15.943225,0.74539566,2.1651356,0.39656702,35.57702,35.67472,1.0027462,0.44778287,0,ACORN-E,Affluent,Std
MAC005048,9.036167,4.0717807,0.18878432,0.8249973,0.24390781,8.838291,9.533607,1.0786707,0.45060927,2,ACORN-H,Comfortable,Std
MAC005049,7.2572327,1.0767025,0.15153487,0.4467636,0.36066273,7.2496786,7.276119,1.0036471,0.14836268,2,ACORN-O,Adversity,Std
MAC005050,18.073017,4.4102106,0.380014,1.4182091,0.28464475,18.38,17.298813,0.94117594,0.24402182,1,ACORN-F,Comfortable,Std
MAC005051,4.2114267,1.2420748,0.08823673,0.40155467,0.24513824,4.2002487,4.239555,1.009358,0.2949297,2,ACORN-J,Comfortable,Std
MAC005052,19.883316,4.4140096,0.41665608,1.1703823,0.3642213,19.245926,21.490797,1.1166414,0.22199565,1,ACORN-Q,Adversity,Std
MAC005053,4.736145,0.82075435,0.09895503,0.32715133,0.32643086,4.741852,4.7217526,0.99576133,0.17329587,2,ACORN-Q,Adversity,Std
MAC005054,10.241033,3.6000032,0.213952,0.86039317,0.30621794,10.625093,9.272439,0.87269247,0.35152736,2,ACORN-N,Adversity,Std
MAC005055,2.710616,1.092675,0.056806117,0.39881346,0.1774233,2.4620898,3.3381104,1.3558037,0.40310946,2,ACORN-E,Affluent,Std
MAC005056,7.096194,1.9981036,0.14882031,0.56406945,0.29762828,6.603407,8.331321,1.2616701,0.28157398,2,ACORN-Q,Adversity,Std
MAC005057,10.766784,5.6090446,0.22491834,1.7706165,0.13776392,10.119242,12.391866,1.2245845,0.52095824,1,ACORN-F,Comfortable,ToU
MAC005058,7.0923095,2.7216213,0.14819142,0.85054845,0.20484555,7.0384283,7.2279015,1.0269198,0.3837426,2,ACORN-L,Adversity,Std
MAC005059,12.569651,1.9932225,0.26299018,0.85631096,0.3307944,12.30899,13.230663,1.0748781,0.15857421,1,ACORN-I,Comfortable,ToU
MAC005060,6.981541,1.5620849,0.14607108,0.6224493,0.25817147,6.68778,7.722401,1.1547033,0.223745,2,ACORN-F,Comfortable,Std
MAC005061,14.849082,17.083767,0.3114042,1.3100529,0.4018384,15.290263,13.735872,0.8983411,1.1504931,1,ACORN-J,Comfortable,Std
MAC005062,6.626207,1.465085,0.13876146,0.716862,0.22297965,6.379014,7.2441897,1.1356285,0.22110464,2,ACORN-A,Affluent,Std
MAC005063,14.519935,3.8353713,0.3040144,0.82714826,0.38267222,14.427216,14.75377,1.0226346,0.26414523,1,ACORN-E,Affluent,Std
MAC005064,12.044046,4.705777,0.25279355,1.0459095,0.26166934,11.218126,14.127,1.2593012,0.39071396,1,ACORN-F,Comfortable,Std
MAC005065,6.23833,2.3252194,0.13030897,0.68983966,0.2124225,6.0063443,6.818294,1.135182,0.37273106,2,ACORN-E,Affluent,Std
MAC005066,7.3755074,2.723013,0.15417916,0.8002434,0.24410465,7.4179215,7.2685385,0.97986186,0.36919668,2,ACORN-C,Affluent,Std
MAC005067,12.639078,4.6935763,0.2651506,0.7707015,0.43804798,12.582488,12.782585,1.0159029,0.3713543,1,ACORN-F,Comfortable,Std
MAC005068,3.8854814,1.7474034,0.08132881,0.43054843,0.23918903,3.7278237,4.2852874,1.1495413,0.44972637,2,ACORN-E,Affluent,ToU
MAC005069,0.57929796,1.0937499,0.0121329455,0.112620905,0.20604523,0.59058386,0.55083513,0.93269587,1.888061,2,ACORN-F,Comfortable,ToU
MAC005070,21.434803,12.427878,0.44690436,1.7034515,0.24956234,21.317642,21.729637,1.0193264,0.57979906,1,ACORN-D,Affluent,ToU
MAC005071,4.9444985,1.1630973,0.10323769,0.30917656,0.35749537,4.815378,5.2694287,1.0942918,0.23523058,2,ACORN-F,Comfortable,Std
MAC005072,9.821707,1.8095752,0.20493552,0.7062532,0.31556526,9.466511,10.715549,1.1319429,0.18424244,2,ACORN-H,Comfortable,Std
MAC005073,12.039009,2.2133877,0.2517933,0.49321252,0.5286447,11.912718,12.356818,1.0372795,0.18385132,2,ACORN-F,Comfortable,Std
MAC005074,9.047798,4.0269456,0.18884861,0.80996704,0.31658766,8.851033,9.540791,1.0779296,0.44507465,2,ACORN-H,Comfortable,Std
MAC005075,13.453278,4.9320784,0.2814634,1.0129937,0.30147013,12.051525,16.973066,1.408375,0.36660793,1,ACORN-E,Affluent,Std
MAC005076,18.576504,4.4839706,0.38829106,1.4956954,0.2677958,17.812557,20.498966,1.1508155,0.2413786,1,ACORN-Q,Adversity,ToU
MAC005077,19.032934,7.595253,0.39705548,1.8855094,0.22635934,19.004343,19.104528,1.0052717,0.39905843,1,ACORN-F,Comfortable,Std
MAC005078,9.011288,2.563751,0.18823598,0.508391,0.4085456,9.066592,8.873348,0.97868615,0.28450438,2,ACORN-F,Comfortable,Std
MAC005079,9.382747,2.4563982,0.19587424,0.530125,0.44312757,9.2823515,9.63539,1.0380334,0.26179948,2,ACORN-L,Adversity,Std
MAC005080,19.384722,14.441606,0.40581873,1.5804335,0.24858822,19.44936,19.222418,0.9883316,0.74499935,1,ACORN-Q,Adversity,ToU
MAC005081,11.633055,2.2957127,0.24276027,0.7453078,0.35252067,11.414922,12.181984,1.0671982,0.19734393,1,ACORN-H,Comfortable,Std
MAC005082,5.405661,1.6377589,0.11307587,0.39147502,0.36244228,5.233284,5.839445,1.115828,0.30297107,2,ACORN-Q,Adversity,Std
MAC005083,6.55072,3.0027428,0.13710698,0.27538127,0.49491993,6.787583,5.9546595,0.8772872,0.45838362,2,ACORN-E,Affluent,ToU
MAC005084,5.8253174,1.4602785,0.12217662,0.4401801,0.3041882,5.5703645,6.46695,1.1609564,0.25067794,2,ACORN-G,Comfortable,Std
MAC005085,5.4872985,1.4573773,0.114709295,0.37652656,0.35666606,5.4747667,5.518835,1.0080494,0.26559106,2,ACORN-N,Adversity,ToU
MAC005086,6.7717257,2.4161532,0.14137495,0.5729045,0.2775841,6.317474,7.92116,1.2538493,0.35680023,2,ACORN-E,Affluent,Std
MAC005087,2.3257837,2.2628963,0.04854917,0.19903933,0.3159889,2.2256339,2.5751765,1.1570531,0.97296077,2,ACORN-Q,Adversity,Std
MAC005088,8.781992,4.1874847,0.18329486,0.91932964,0.23297396,8.439351,9.644241,1.1427705,0.4768263,2,ACORN-E,Affluent,Std
MAC005089,7.6270423,1.9136394,0.15936337,1.0860562,0.17290883,7.43119,8.119902,1.0926785,0.2509019,2,ACORN-O,Adversity,Std
MAC005090,11.448183,2.5243666,0.23972149,0.8944341,0.29657468,11.26765,11.900887,1.0561996,0.22050369,1,ACORN-G,Comfortable,Std
MAC005091,30.278955,11.179163,0.6319349,1.8852516,0.37080556,31.636297,26.863224,0.8491267,0.3692057,0,ACORN-E,Affluent,ToU
MAC005092,14.934281,3.9310796,0.31556177,1.1115044,0.31679317,14.610758,15.761064,1.0787301,0.26322523,1,ACORN-F,Comfortable,Std
MAC005093,1.4845953,0.92961025,0.030996963,0.13935782,0.3594021,1.5437053,1.3358461,0.8653504,0.6261708,2,ACORN-E,Affluent,ToU
MAC005094,2.616263,1.2862375,0.05481383,0.26589054,0.23800628,2.4494183,3.035513,1.2392792,0.4916316,2,ACORN-E,Affluent,Std
MAC005095,3.8556702,1.120952,0.08061585,0.6318297,0.15110067,3.6952991,4.2592416,1.1526108,0.29072818,2,ACORN-Q,Adversity,Std
MAC005096,14.387749,3.6545606,0.3008448,1.3022813,0.24691007,14.045784,15.248297,1.0856137,0.25400504,1,ACORN-N,Adversity,Std
MAC005097,12.503736,4.7426577,0.26170102,0.8513287,0.379381,12.558988,12.363929,0.9844686,0.37929925,1,ACORN-E,Affluent,Std
MAC005098,5.6164703,2.3835454,0.11763527,0.3727703,0.39917126,4.6819696,7.9681263,1.7018749,0.42438492,2,ACORN-E,Affluent,Std
MAC005099,2.8161755,1.028691,0.058946718,0.12521951,0.63090074,2.8847618,2.6423447,0.91596633,0.36527947,2,ACORN-F,Comfortable,Std
MAC005100,10.633218,4.7513037,0.22233786,0.74824417,0.38964683,10.849773,10.093607,0.9303058,0.44683594,2,ACORN-G,Comfortable,Std
MAC005101,11.913361,3.773195,0.24974489,0.87702656,0.32008824,11.724607,12.388356,1.0566115,0.31671962,1,ACORN-L,Adversity,Std
MAC005102,5.0141797,1.2149193,0.10482544,0.40565938,0.31989032,5.0306377,4.972764,0.98849577,0.24229673,2,ACORN-L,Adversity,ToU
MAC005103,17.424932,10.909528,0.36365762,1.7361437,0.20149884,17.481384,17.282873,0.9886444,0.62608725,1,ACORN-Q,Adversity,Std
MAC005104,3.0970922,0.7422351,0.06470163,0.100660935,0.7114727,3.1165917,3.048022,0.9779985,0.23965548,2,ACORN-Q,Adversity,Std
MAC005105,3.4299798,2.2198582,0.07196732,0.29868126,0.45091105,3.7256222,2.6859999,0.72095335,0.6471928,2,ACORN-Q,Adversity,Std
MAC005106,16.179628,5.507666,0.3381496,1.245125,0.29706818,16.01432,16.595621,1.0362988,0.34040746,1,ACORN-D,Affluent,ToU
MAC005107,16.6174,14.529122,0.34653524,1.2759343,0.24503277,16.794907,16.168243,0.9626873,0.8743319,1,ACORN-F,Comfortable,Std
MAC005108,9.43952,3.122389,0.19726495,0.77089846,0.27432021,9.092903,10.311775,1.1340466,0.3307784,2,ACORN-Q,Adversity,Std
MAC005109,2.8039312,0.7742028,0.058513027,0.42087948,0.16547686,2.8323843,2.7319338,0.964535,0.27611333,2,ACORN-E,Affluent,Std
MAC005110,3.5125077,1.7939985,0.073300935,0.7289938,0.14783373,3.5271878,3.475566,0.98536456,0.51074576,2,ACORN-F,Comfortable,ToU
MAC005111,14.156449,6.487864,0.29572144,1.4241567,0.23425399,12.969591,17.157366,1.3228918,0.4582974,1,ACORN-E,Affluent,ToU
MAC005112,3.6190014,0.84417516,0.075699784,0.25639063,0.31562594,3.4885173,3.9473627,1.1315302,0.2332619,2,ACORN-C,Affluent,Std
MAC005113,8.598529,5.6231103,0.17932723,0.47349998,0.375116,8.524828,8.783795,1.030378,0.6539619,2,ACORN-E,Affluent,Std
MAC005114,4.547028,1.139708,0.09491376,0.40506425,0.29971027,4.5490417,4.5419445,0.99843985,0.250649,2,ACORN-F,Comfortable,Std
MAC005115,7.317259,2.7697957,0.1553577,1.0608635,0.1910817,6.3634067,9.701889,1.5246376,0.37852913,2,ACORN-Q,Adversity,Std
MAC005116,10.122289,3.044909,0.21189529,1.0384216,0.22383465,9.767328,11.011638,1.127395,0.3008123,1,ACORN-Q,Adversity,Std
MAC005117,25.965721,7.5963354,0.54155207,1.9376792,0.305538,26.342009,25.020863,0.94984645,0.29255244,0,ACORN-E,Affluent,Std
MAC005118,8.768384,4.729189,0.18400493,0.49043727,0.51952595,8.269207,10.019653,1.2116824,0.53934556,2,ACORN-E,Affluent,Std
MAC005119,25.199926,12.362458,0.5255915,2.430813,0.21823123,24.401024,27.197187,1.1145921,0.49057516,0,ACORN-K,Adversity,Std
MAC005120,6.5131392,1.9416368,0.1363012,0.60915023,0.24721831,6.2694464,7.1250496,1.1364719,0.29811075,2,ACORN-E,Affluent,Std
MAC005121,4.463484,1.2517354,0.09322203,0.4254116,0.26784945,4.020035,5.576978,1.387296,0.2804391,2,ACORN-P,Adversity,ToU
MAC005122,13.450768,4.443481,0.28152344,0.7877042,0.38424486,12.891873,14.854149,1.1522102,0.33035147,1,ACORN-E,Affluent,ToU
MAC005123,13.925198,9.438411,0.2904271,1.0586511,0.3006694,13.69562,14.501665,1.0588542,0.6777937,1,ACORN-F,Comfortable,Std
MAC005124,22.822155,6.106991,0.4768978,2.4260314,0.21375439,22.869642,22.702913,0.9927096,0.26759046,1,ACORN-O,Adversity,ToU
MAC005125,3.524249,1.2639976,0.07368643,0.27860564,0.32513404,3.3420963,3.9816318,1.1913576,0.35865727,2,ACORN-N,Adversity,Std
MAC005126,8.572631,1.4826095,0.17918213,0.701169,0.27701512,8.745969,8.13738,0.9304149,0.17294686,2,ACORN-F,Comfortable,Std
MAC005127,1.2917006,0.86267745,0.027130736,0.10994828,0.36737242,1.504488,0.754442,0.50146097,0.66786176,2,ACORN-F,Comfortable,ToU
MAC005128,3.583632,1.0912308,0.07482884,0.5006839,0.17918703,3.5054924,3.7798405,1.0782623,0.30450413,2,ACORN-P,Adversity,Std
MAC005129,12.780768,2.5940447,0.26782477,0.7026698,0.41396412,12.31832,13.941973,1.1318079,0.2029647,1,ACORN-F,Comfortable,Std
MAC005130,5.592078,1.2328829,0.11671146,1.3803928,0.08910517,5.4920483,5.843253,1.0639479,0.22046953,2,ACORN-G,Comfortable,Std
MAC005131,2.230675,0.72307754,0.04657682,0.17759654,0.38944855,2.2604506,2.1562362,0.95389664,0.3241519,2,ACORN-E,Affluent,Std
MAC005132,6.4739094,1.522538,0.13517626,0.44401568,0.35881838,6.213267,7.128379,1.1472836,0.2351806,2,ACORN-G,Comfortable,Std
MAC005133,10.0058565,2.8121603,0.20915473,1.5982739,0.16336979,9.993031,10.03806,1.0045061,0.28105143,1,ACORN-F,Comfortable,Std
MAC005134,10.249571,2.4854982,0.21454416,0.65890455,0.34121335,10.365184,9.95927,0.9608387,0.24249779,2,ACORN-D,Affluent,ToU
MAC005135,5.9955792,2.180377,0.12515219,0.5332269,0.30265832,6.6088295,4.455714,0.67420626,0.36366412,2,ACORN-H,Comfortable,Std
MAC005136,5.4807043,1.2927899,0.114500284,0.41588736,0.34454614,5.429287,5.609813,1.0332505,0.23588026,2,ACORN-Q,Adversity,Std
MAC005137,4.654787,2.2567682,0.09710084,0.63505477,0.20857671,4.44728,5.175835,1.1638204,0.48482737,2,ACORN-E,Affluent,Std
MAC005138,10.036843,3.101838,0.20951745,0.87877464,0.272798,9.399284,11.637748,1.2381525,0.3090452,2,ACORN-E,Affluent,Std
MAC005139,12.339026,2.5328963,0.25774094,0.96406096,0.28191563,12.014242,13.154554,1.0949134,0.20527521,1,ACORN-G,Comfortable,Std
MAC005140,2.797637,0.82700354,0.05846083,0.4278623,0.1690651,2.6151161,3.255945,1.2450479,0.2956079,2,ACORN-O,Adversity,Std
MAC005141,7.8690033,2.667611,0.16491142,0.53230673,0.34072292,7.709707,8.268994,1.0725433,0.33900237,2,ACORN-H,Comfortable,Std
MAC005142,6.5177507,1.2353044,0.13615718,0.5786201,0.27447942,6.5802655,6.3602543,0.966565,0.18952924,2,ACORN-Q,Adversity,Std
MAC005143,8.390077,2.7651505,0.17587459,0.78994983,0.23094691,8.319665,8.567856,1.0298319,0.32957393,2,ACORN-H,Comfortable,Std
MAC005144,14.35003,3.2316048,0.29970136,1.3427383,0.25304407,14.128005,14.906313,1.0550897,0.22519848,1,ACORN-L,Adversity,Std
MAC005145,5.521265,2.304432,0.11538669,0.4286874,0.33475363,5.5812483,5.370923,0.96231574,0.4173739,2,ACORN-Q,Adversity,Std
MAC005146,9.348085,3.6753662,0.19533284,0.6549969,0.382288,9.773596,8.279637,0.8471434,0.3931678,2,ACORN-F,Comfortable,ToU
MAC005147,6.244624,1.7473787,0.13041939,0.6017163,0.25033146,5.9166474,7.072718,1.1953928,0.27982128,2,ACORN-F,Comfortable,ToU
MAC005148,11.147174,3.824335,0.23322953,1.0388451,0.24284759,10.74018,12.169132,1.1330473,0.34307665,1,ACORN-O,Adversity,ToU
MAC005149,7.848784,2.8064916,0.16389665,0.6317324,0.32571104,7.8040853,7.961022,1.0201095,0.35757023,2,ACORN-E,Affluent,ToU
MAC005150,11.405691,3.2871575,0.2385176,1.5958918,0.17425817,11.1328335,12.094619,1.0863918,0.28820327,1,ACORN-F,Comfortable,ToU
MAC005151,8.9598,2.9055986,0.18707097,0.9204601,0.23246269,8.938054,9.0144005,1.0085417,0.3242928,2,ACORN-H,Comfortable,Std
MAC005152,11.553347,3.3967085,0.24114849,1.3054678,0.19689004,11.532523,11.605407,1.0063199,0.29400212,1,ACORN-E,Affluent,ToU
MAC005153,3.781177,0.624279,0.07902999,0.48447105,0.19897798,3.7131095,3.9520934,1.0643622,0.16510177,2,ACORN-O,Adversity,Std
MAC005154,29.642601,19.54176,0.6191638,1.6331439,0.435638,31.838139,24.160845,0.7588649,0.6592458,0,ACORN-D,Affluent,Std
MAC005155,10.504086,4.381257,0.21952942,1.1110657,0.22093399,10.243993,11.157176,1.0891433,0.41710028,1,ACORN-F,Comfortable,Std
MAC005156,11.901759,5.489617,0.24946408,0.8140078,0.43496212,14.25314,5.9974666,0.42078212,0.46124417,1,ACORN-E,Affluent,Std
MAC005157,6.717113,2.626524,0.14161709,0.5801348,0.2911769,6.5927896,7.0286045,1.0661048,0.39101976,2,ACORN-L,Adversity,ToU
MAC005158,15.335185,5.108485,0.32108414,1.1601229,0.30406168,15.667311,14.512975,0.926322,0.33312184,1,ACORN-Q,Adversity,Std
MAC005159,16.747292,4.7802143,0.34990922,1.0575274,0.36869708,16.355473,17.73115,1.0841111,0.28543207,1,ACORN-A,Affluent,ToU
MAC005160,11.263819,2.512745,0.23534355,0.84221905,0.29563347,11.056306,11.784879,1.0658966,0.22308108,1,ACORN-A,Affluent,ToU
MAC005161,5.8397813,1.6933568,0.12205516,0.4215759,0.34366775,5.730674,6.1137476,1.0668463,0.2899692,2,ACORN-F,Comfortable,ToU
MAC005162,8.12296,8.108191,0.17017256,0.7130078,0.2769321,7.786718,8.967263,1.1516101,0.99818176,2,ACORN-F,Comfortable,ToU
MAC005163,7.3026023,4.20723,0.15253711,0.7852645,0.22125554,6.851258,8.435924,1.2312956,0.5761275,2,ACORN-Q,Adversity,Std
MAC005164,9.014765,2.134197,0.1887151,0.67554545,0.2999418,8.99929,9.053834,1.0060608,0.23674461,2,ACORN-H,Comfortable,ToU
MAC005165,14.762224,5.836678,0.30827048,1.0395744,0.30372855,15.130945,13.836373,0.9144421,0.3953793,1,ACORN-E,Affluent,Std
MAC005166,20.701214,4.3086395,0.43299013,1.5024992,0.31577218,20.416302,21.416626,1.0489963,0.20813464,1,ACORN-N,Adversity,Std
MAC005167,5.17568,1.7555803,0.10837128,0.56017554,0.26888826,5.1184936,5.3189616,1.0391655,0.339198,2,ACORN-F,Comfortable,Std
MAC005168,4.8365374,0.904681,0.10093584,0.4975721,0.28014857,4.749932,5.0535274,1.0639157,0.18705139,2,ACORN-K,Adversity,Std
MAC005169,4.719104,2.0813801,0.09883037,0.53178054,0.25267568,4.8197236,4.467,0.92681664,0.4410541,2,ACORN-F,Comfortable,Std
MAC005170,8.731644,1.626923,0.18241355,0.55594504,0.37797955,8.571684,9.134636,1.0656757,0.18632494,2,ACORN-F,Comfortable,Std
MAC005171,3.3130443,1.6183434,0.06978609,0.27366257,0.4066889,3.258653,3.4506783,1.0589279,0.48847622,2,ACORN-E,Affluent,ToU
MAC005172,8.316906,3.5624223,0.1735075,0.95597655,0.23782872,7.9687395,9.189237,1.1531606,0.42833504,2,ACORN-A,Affluent,ToU
MAC005173,14.762559,2.565025,0.30825275,1.2017487,0.26755688,14.666014,15.003923,1.0230403,0.17375207,1,ACORN-F,Comfortable,ToU
MAC005174,7.6939087,1.298408,0.16069467,0.35919908,0.47174782,7.657081,7.786181,1.0168602,0.16875792,2,ACORN-F,Comfortable,Std
MAC005175,3.3159387,1.7094966,0.06969652,0.35166338,0.29718274,3.285873,3.3913622,1.0321039,0.5155393,2,ACORN-E,Affluent,Std
MAC005176,3.1521037,0.88906693,0.065948874,0.25276923,0.28262624,3.2565067,2.8890772,0.8871707,0.2820551,2,ACORN-F,Comfortable,Std
MAC005177,6.3803573,2.7163603,0.13315654,0.7514859,0.211358,6.001895,7.3285933,1.2210466,0.42573798,2,ACORN-E,Affluent,Std
MAC005178,18.917559,13.3182535,0.39549452,1.8463153,0.19601364,18.35045,20.340584,1.1084515,0.70401543,1,ACORN-E,Affluent,Std
MAC005179,6.08271,2.2944603,0.1269992,0.5571385,0.27396327,6.0125885,6.2586617,1.0409263,0.37721023,2,ACORN-D,Affluent,ToU
MAC005180,13.31166,11.680425,0.27858055,1.2276201,0.3703113,13.498778,12.842129,0.95135486,0.87745816,1,ACORN-E,Affluent,ToU
MAC005181,3.7096229,1.1750689,0.07738978,0.5756768,0.16744787,3.6502879,3.8585093,1.0570425,0.31676236,2,ACORN-D,Affluent,Std
MAC005182,4.013675,0.96785796,0.08379042,0.32140368,0.3143922,3.9345055,4.212333,1.0706131,0.24114008,2,ACORN-D,Affluent,Std
MAC005183,4.3064327,1.5825855,0.08983653,0.5128773,0.24070396,4.261118,4.420139,1.0373191,0.36749336,2,ACORN-E,Affluent,Std
MAC005184,21.677721,7.11669,0.45211548,1.5877138,0.3158306,21.04062,23.276365,1.1062585,0.3282951,1,ACORN-D,Affluent,ToU
MAC005185,9.754745,7.367383,0.20358923,0.7740937,0.3705334,10.093133,8.905639,0.88234633,0.7552615,2,ACORN-E,Affluent,Std
MAC005186,22.340881,6.9823103,0.4664012,1.5282162,0.32656834,23.331865,19.85425,0.85094994,0.31253514,1,ACORN-F,Comfortable,ToU
MAC005187,3.261256,1.9444765,0.06822471,0.30057782,0.30917206,3.2546809,3.2777545,1.0070894,0.59623545,2,ACORN-E,Affluent,Std
MAC005188,31.033346,7.324145,0.6478254,1.5915724,0.42657945,30.483923,32.399273,1.0628315,0.23600887,0,ACORN-F,Comfortable,Std
MAC005189,16.48908,7.7419224,0.34600094,1.1009272,0.32240748,16.09192,17.488441,1.086784,0.46951815,1,ACORN-E,Affluent,ToU
MAC005190,6.0293612,1.6677387,0.12586524,0.50141823,0.3038967,5.963319,6.1950784,1.0388641,0.27660286,2,ACORN-E,Affluent,ToU
MAC005191,2.250562,1.343986,0.046990857,0.26250395,0.29744598,2.270179,2.201338,0.96967596,0.597178,2,ACORN-F,Comfortable,Std
MAC005192,6.0497756,1.220441,0.12629041,0.40528762,0.3890453,5.976288,6.234176,1.043152,0.20173326,2,ACORN-E,Affluent,Std
MAC005193,6.4008527,1.2279462,0.13364492,0.4147388,0.38197732,6.573513,5.967602,0.90782535,0.19184102,2,ACORN-L,Adversity,Std
MAC005194,8.239517,2.6979053,0.1727237,0.48380214,0.3763523,8.188151,8.368407,1.0220143,0.32743487,2,ACORN-Q,Adversity,Std
MAC005195,12.15172,5.378431,0.25394082,1.0590872,0.2867652,12.805985,10.509999,0.82070994,0.44260654,1,ACORN-D,Affluent,Std
MAC005196,7.364388,4.148402,0.1537487,0.8212378,0.2138512,6.375222,9.841884,1.543771,0.5633058,2,ACORN-E,Affluent,Std
MAC005197,6.682321,1.4253584,0.13936767,0.5103976,0.34038565,6.6250463,6.8257732,1.0302982,0.2133029,2,ACORN-E,Affluent,ToU
MAC005198,41.500607,28.275991,0.87156147,4.11488,0.18989973,40.97031,42.828808,1.0453621,0.6813392,0,ACORN-E,Affluent,Std
MAC005199,7.6442037,15.258571,0.15933205,0.37190357,0.5841427,7.5052958,7.9921155,1.0648634,1.9960968,2,ACORN-E,Affluent,Std
MAC005200,11.731562,5.5072155,0.24585871,1.1590264,0.23043521,11.306671,12.795754,1.1316996,0.46943584,1,ACORN-E,Affluent,ToU
MAC005201,4.474013,2.2033176,0.09340988,0.36203435,0.34170026,4.4806356,4.457426,0.99482,0.49247012,2,ACORN-F,Comfortable,Std
MAC005202,15.45315,7.3295608,0.3224557,1.7110288,0.20911215,15.361416,15.681757,1.0208536,0.47430852,1,ACORN-E,Affluent,Std
MAC005203,10.455293,2.301948,0.2188361,0.7026013,0.35296646,10.346615,10.728251,1.0368851,0.2201706,2,ACORN-E,Affluent,Std
MAC005204,4.982556,2.015206,0.104024,0.57432365,0.2284354,4.9703608,5.0131016,1.0085992,0.4044523,2,ACORN-E,Affluent,ToU
MAC005205,4.8393903,1.734207,0.10101816,0.3286799,0.352705,4.8387904,4.840883,1.0004324,0.3583524,2,ACORN-D,Affluent,Std
MAC005206,3.7763765,1.6526413,0.079023026,0.54900926,0.21225633,3.6336765,4.133787,1.1376321,0.4376262,2,ACORN-D,Affluent,Std
MAC005207,12.137792,3.4474185,0.25325072,0.9224835,0.32219827,11.905979,12.718398,1.0682362,0.28402352,1,ACORN-G,Comfortable,ToU
MAC005208,9.136295,1.8747191,0.19100073,0.60161823,0.34549266,8.980549,9.526384,1.0607797,0.20519467,2,ACORN-F,Comfortable,Std
MAC005209,7.624992,4.6570096,0.15919967,0.7207257,0.27455592,7.8560495,7.052721,0.89774394,0.610756,2,ACORN-E,Affluent,Std
MAC005210,6.0985126,1.3142614,0.12725231,0.5594676,0.2616839,6.153767,5.96012,0.96853197,0.21550524,2,ACORN-F,Comfortable,Std
MAC005211,11.578198,2.0488958,0.24167864,1.1411573,0.22731349,11.440366,11.923417,1.0422235,0.17696154,1,ACORN-D,Affluent,Std
MAC005212,5.5212007,1.7379109,0.115505405,0.46766052,0.28701526,5.3195825,6.0261807,1.1328297,0.31477046,2,ACORN-E,Affluent,ToU
MAC005213,11.618008,2.9192119,0.24240576,0.9170991,0.2920781,11.5938225,11.678583,1.0073109,0.25126612,1,ACORN-G,Comfortable,Std
MAC005214,7.497983,5.129471,0.1568149,0.64784676,0.32853243,7.3130016,7.961292,1.088649,0.68411344,2,ACORN-E,Affluent,Std
MAC005215,4.394774,1.6538169,0.09176898,0.56068903,0.22119783,4.091514,5.1505547,1.2588383,0.37631446,2,ACORN-E,Affluent,Std
MAC005216,15.914954,7.545876,0.33595553,2.3731613,0.1366258,15.79332,16.219038,1.0269556,0.47413746,1,ACORN-J,Comfortable,Std
MAC005217,3.948758,1.8030186,0.08243648,0.40620637,0.26691246,3.435663,5.2314954,1.5227033,0.45660397,2,ACORN-E,Affluent,Std
MAC005218,3.9475808,2.38209,0.08246535,0.5761309,0.18586965,3.745276,4.4533424,1.1890559,0.60343033,2,ACORN-E,Affluent,Std
MAC005219,5.4261894,2.195863,0.11359224,0.70371556,0.21812364,4.845398,6.8781667,1.4195256,0.40467864,2,ACORN-D,Affluent,Std
MAC005220,23.149212,15.358547,0.48612806,1.9616244,0.232635,21.560299,27.121492,1.2579367,0.66345876,0,ACORN-E,Affluent,Std
MAC005221,3.476672,1.3365787,0.07278351,0.33988625,0.2575206,3.20435,4.157477,1.2974478,0.384442,2,ACORN-E,Affluent,Std
MAC005222,16.352262,9.728028,0.34126395,0.9656949,0.3668987,15.606228,18.23478,1.1684296,0.5949041,1,ACORN-E,Affluent,Std
MAC005223,11.481938,3.1201346,0.24028471,0.9178263,0.28814808,11.075763,12.506869,1.1292107,0.27174285,1,ACORN-E,Affluent,Std
MAC005224,12.920489,3.556189,0.26956952,1.2435119,0.2370067,12.872978,13.040379,1.0130041,0.2752364,1,ACORN-D,Affluent,Std
MAC005225,10.390368,6.8449016,0.21703677,0.8123953,0.3072705,10.383323,10.40815,1.0023911,0.6587737,1,ACORN-E,Affluent,Std
MAC005226,4.019068,5.28175,0.08379273,0.632996,0.25902927,4.5734777,2.6200886,0.5728876,1.314173,2,ACORN-E,Affluent,Std
MAC005227,10.06742,5.706679,0.21004541,0.8619456,0.28138903,9.322443,11.947271,1.2815602,0.5668462,1,ACORN-E,Affluent,Std
MAC005228,10.252033,6.3430676,0.21473813,1.5457016,0.13512956,9.776835,11.451131,1.1712513,0.61871314,1,ACORN-Q,Adversity,Std
MAC005229,4.407191,3.0347328,0.09200704,0.6197361,0.22224835,4.1224837,5.1256123,1.2433311,0.68858665,2,ACORN-H,Comfortable,Std
MAC005230,15.548149,4.724466,0.34200343,0.6372493,0.57035315,15.503328,15.6616955,1.010215,0.30386034,1,ACORN-F,Comfortable,Std
MAC005231,2.9522824,1.088066,0.0616811,0.42152786,0.20540163,2.9698703,2.907902,0.9791343,0.36855078,2,ACORN-E,Affluent,Std
MAC005232,2.2012467,1.8069403,0.04598968,0.31915915,0.3165158,2.139861,2.356145,1.1010737,0.8208713,2,ACORN-E,Affluent,Std
MAC005233,6.378206,2.030696,0.13319308,1.0465636,0.15864058,6.8267703,5.2463136,0.76849127,0.31838045,2,ACORN-E,Affluent,Std
MAC005234,13.54554,17.999516,0.28344205,1.3652148,0.28657463,13.746365,13.038785,0.9485261,1.328815,1,ACORN-E,Affluent,Std
MAC005235,27.548656,16.285072,0.5767292,2.2847338,0.24536557,26.190878,30.975433,1.1826802,0.59113854,0,ACORN-E,Affluent,Std
MAC005236,5.6337423,1.0503948,0.117746234,0.48622677,0.2605805,5.4152794,6.185004,1.1421394,0.18644707,2,ACORN-Q,Adversity,Std
MAC005237,9.007178,2.8012083,0.18809952,0.7947108,0.2708436,8.772449,9.599486,1.0942768,0.3109973,2,ACORN-Q,Adversity,Std
MAC005238,12.493653,3.9044363,0.26212043,1.0922904,0.28579298,12.301956,12.977378,1.0549036,0.3125136,1,ACORN-E,Affluent,Std
MAC005239,11.52262,3.550457,0.24102381,0.9614576,0.26974732,11.052726,12.708337,1.1497921,0.3081293,1,ACORN-G,Comfortable,Std
MAC005240,4.599037,2.0274408,0.09607953,0.55322546,0.25417584,4.549409,4.724266,1.0384351,0.44084027,2,ACORN-Q,Adversity,ToU
MAC005241,6.15324,1.4385525,0.12840419,0.5412029,0.26611075,5.956676,6.649243,1.1162673,0.2337878,2,ACORN-F,Comfortable,Std
MAC005242,7.1232224,1.855403,0.14871214,0.6210055,0.26768753,7.241818,6.8255916,0.9425246,0.26047242,2,ACORN-E,Affluent,Std
MAC005243,14.493373,2.6816695,0.30255657,1.9496002,0.16578065,14.302958,14.972972,1.0468445,0.18502729,1,ACORN-F,Comfortable,Std
MAC005244,18.993567,7.43403,0.39608228,1.4573547,0.2836525,18.632034,19.904154,1.0682759,0.39139727,1,ACORN-D,Affluent,Std
MAC005245,11.891025,5.8546104,0.24842042,1.1538951,0.22814272,11.527845,12.805757,1.1108543,0.49235544,1,ACORN-F,Comfortable,Std
MAC005246,9.022496,3.2328265,0.1884139,0.64730144,0.43309474,9.104227,8.816645,0.9684122,0.35830733,2,ACORN-F,Comfortable,Std
MAC005247,13.505534,4.663589,0.28181008,0.9343779,0.3261487,13.331882,13.942215,1.04578,0.3453095,1,ACORN-J,Comfortable,Std
MAC005248,7.98931,4.0365777,0.1666924,0.8330026,0.2947663,7.913683,8.17979,1.0336262,0.50524735,2,ACORN-E,Affluent,Std
MAC005249,11.707332,2.3443465,0.24455425,1.2970823,0.20815618,11.416823,12.439033,1.0895354,0.20024602,1,ACORN-D,Affluent,Std
MAC005250,20.133673,15.078775,0.42053226,1.6119416,0.2504119,20.465548,19.297785,0.94294006,0.7489332,1,ACORN-E,Affluent,ToU
MAC005251,11.406916,2.2369623,0.23840317,1.3206294,0.19591717,11.441991,11.318488,0.9892062,0.1961058,1,ACORN-E,Affluent,Std
MAC005252,2.9989269,1.5109749,0.06269092,0.30157372,0.2540344,3.072397,2.8138785,0.91585773,0.50383854,2,ACORN-D,Affluent,Std
MAC005253,9.3491955,3.691985,0.19524604,0.8876361,0.23928212,9.243622,9.615103,1.0401878,0.39489868,2,ACORN-E,Affluent,Std
MAC005254,8.014051,5.064427,0.1673419,0.6568831,0.32249767,7.9566045,8.158743,1.0254052,0.6319434,2,ACORN-D,Affluent,Std
MAC005255,15.122089,3.4227135,0.315579,0.9657407,0.33812064,15.119335,15.129019,1.0006405,0.22633867,1,ACORN-D,Affluent,ToU
MAC005256,6.440657,1.9969076,0.13433532,0.5992314,0.28624403,6.466009,6.3769207,0.986222,0.31004718,2,ACORN-F,Comfortable,ToU
MAC005257,7.4982834,1.8963089,0.15640792,0.6675412,0.25198007,7.431946,7.665056,1.031366,0.25289908,2,ACORN-E,Affluent,Std
MAC005258,9.231876,4.6398115,0.19284339,1.060766,0.2023349,8.801292,10.314373,1.1719158,0.50258595,1,ACORN-Q,Adversity,Std
MAC005259,24.844425,17.368294,0.5184937,1.5192926,0.36049807,24.679361,25.259398,1.0235028,0.69908214,0,ACORN-H,Comfortable,Std
MAC005260,5.043596,0.8317481,0.10538005,0.36632448,0.33203492,5.0745,4.965902,0.97859925,0.16491173,2,ACORN-Q,Adversity,Std
MAC005261,6.3275213,1.0069407,0.1321938,0.40006915,0.3890585,6.30748,6.3779063,1.0111655,0.15913668,2,ACORN-D,Affluent,Std
MAC005262,3.9410493,2.868966,0.0822428,0.2889574,0.4448584,4.058555,3.6461868,0.8983953,0.7279701,2,ACORN-E,Affluent,Std
MAC005263,18.523289,8.532565,0.38666552,1.5714927,0.2501456,18.443752,18.722874,1.0151336,0.46063986,1,ACORN-E,Affluent,Std
MAC005264,21.826666,8.436979,0.45568413,1.3112876,0.36518058,20.900005,24.151976,1.1555966,0.3865446,1,ACORN-F,Comfortable,Std
MAC005265,3.2350347,1.9468476,0.06750503,0.26245138,0.38309282,3.130069,3.49843,1.1176846,0.60180116,2,ACORN-Q,Adversity,Std
MAC005266,4.3661866,1.8937805,0.09121958,0.4680546,0.2405504,4.2096295,4.7590423,1.1305133,0.43373787,2,ACORN-E,Affluent,ToU
MAC005267,19.1538,11.757983,0.40318033,2.1541212,0.19077292,18.870472,19.864767,1.0526905,0.6138721,1,ACORN-E,Affluent,Std
MAC005268,9.251371,2.5366995,0.19348285,0.68698,0.32113314,9.291153,9.1515465,0.98497427,0.27419713,2,ACORN-E,Affluent,Std
MAC005269,14.282238,3.5323672,0.29885113,0.861452,0.37722078,13.695465,15.751916,1.1501557,0.2473259,1,ACORN-E,Affluent,Std
MAC005270,12.479218,3.6660967,0.26036912,1.0642,0.27412933,12.159988,13.27878,1.092006,0.29377615,1,ACORN-E,Affluent,Std
MAC005271,3.0842133,1.8126664,0.06447748,0.5937947,0.16156267,2.6685839,4.125229,1.5458494,0.5877241,2,ACORN-E,Affluent,ToU
MAC005272,2.4259026,0.56056774,0.050616268,0.381688,0.15184839,2.3453507,2.627659,1.1203693,0.23107594,2,ACORN-P,Adversity,Std
MAC005273,3.3313398,0.93649596,0.069473594,0.258412,0.2947745,3.2189534,3.6128318,1.1223623,0.2811169,2,ACORN-D,Affluent,Std
MAC005274,10.069941,2.1028943,0.21031497,0.879979,0.26182264,10.042054,10.1393175,1.0096856,0.20882887,2,ACORN-E,Affluent,Std
MAC005275,26.212214,8.258792,0.54716396,1.7027134,0.3521791,25.667854,27.575659,1.0743266,0.31507418,0,ACORN-D,Affluent,Std
MAC005276,15.235469,10.401776,0.31945863,1.6599653,0.19026235,14.774472,16.390118,1.1093539,0.68273425,1,ACORN-E,Affluent,Std
MAC005277,5.310068,2.7173166,0.11083822,0.49163732,0.28709513,4.3400507,7.7396445,1.7833074,0.5117291,2,ACORN-E,Affluent,Std
MAC005278,4.46048,2.254797,0.09344273,0.430208,0.38276494,4.359338,4.7138085,1.081313,0.50550544,2,ACORN-E,Affluent,ToU
MAC005279,7.2676845,4.5306096,0.15224946,0.49878934,0.43959516,7.4414682,6.8324113,0.91815364,0.6233911,2,ACORN-E,Affluent,ToU
MAC005280,14.962799,6.758983,0.31252107,1.08278,0.31059018,13.443711,18.767622,1.3960149,0.45171916,1,ACORN-D,Affluent,Std
MAC005281,12.405058,3.6237445,0.25927943,1.0989757,0.27950558,11.7955,13.923788,1.1804322,0.2921183,1,ACORN-G,Comfortable,ToU
MAC005282,7.8125434,6.4292173,0.16593565,0.91181684,0.19967556,6.9686413,9.918079,1.4232444,0.8229352,2,ACORN-E,Affluent,Std
MAC005283,12.691015,5.814737,0.26484856,0.99767333,0.2962127,12.171226,13.992921,1.1496723,0.45817745,1,ACORN-A,Affluent,Std
MAC005284,3.570319,1.3516898,0.074523315,0.46342722,0.23428915,3.2766485,4.3044953,1.3136884,0.37859076,2,ACORN-E,Affluent,ToU
MAC005285,7.3052506,3.4084966,0.15337943,0.79745257,0.21834898,6.9897723,8.093948,1.1579702,0.46658176,2,ACORN-E,Affluent,Std
MAC005286,3.8707213,1.7551856,0.0812921,0.57235056,0.1669855,3.4625645,4.8829503,1.410212,0.4534518,2,ACORN-E,Affluent,Std
MAC005287,30.970821,17.662325,0.6514968,2.3983219,0.30090263,30.463562,32.227444,1.0579014,0.5702892,0,ACORN-Q,Adversity,Std
MAC005288,13.846271,2.200526,0.28904673,1.0816345,0.28379476,13.456681,14.829434,1.1020128,0.15892553,1,ACORN-Q,Adversity,Std
MAC005289,2.708316,0.99377865,0.05654884,0.41664657,0.18642215,2.481159,3.2815661,1.322594,0.366936,2,ACORN-P,Adversity,Std
MAC005290,31.357449,11.198826,0.6549299,2.5653815,0.2561881,30.982857,32.30276,1.0426011,0.35713446,0,ACORN-E,Affluent,ToU
MAC005291,4.7927294,1.8731883,0.10008386,0.45050734,0.2609414,4.5249386,5.4685235,1.2085298,0.39083958,2,ACORN-E,Affluent,ToU
MAC005292,8.235402,2.6104558,0.17211828,0.7314592,0.26234445,8.053692,8.693962,1.0795002,0.31697977,2,ACORN-E,Affluent,ToU
MAC005293,14.678858,6.9972234,0.30635673,1.2600964,0.24240933,14.145028,16.026018,1.1329789,0.4766872,1,ACORN-E,Affluent,Std
MAC005294,3.3369799,1.0367362,0.06983512,0.44624364,0.1906459,3.4408076,3.0749624,0.8936746,0.31068102,2,ACORN-E,Affluent,Std
MAC005295,11.516598,5.8931212,0.24054207,0.91510713,0.2971917,11.39129,11.832821,1.0387604,0.51170677,1,ACORN-E,Affluent,Std
MAC005296,4.6572413,1.2802925,0.09730134,0.50691825,0.25521982,4.6238446,4.741363,1.0254158,0.27490363,2,ACORN-E,Affluent,Std
MAC005297,7.7019625,1.4152291,0.16071819,0.72082436,0.2617314,7.6523824,7.826849,1.022799,0.18374915,2,ACORN-E,Affluent,Std
MAC005298,7.708985,3.8181162,0.16131294,1.0579759,0.16106866,7.282245,8.783887,1.2062058,0.4952813,2,ACORN-H,Comfortable,Std
MAC005299,15.914585,6.066606,0.33249173,0.80795574,0.43501043,15.722437,16.39858,1.043005,0.38119787,1,ACORN-E,Affluent,Std
MAC005300,4.332543,1.2704072,0.09043558,0.29476273,0.34228486,4.3104753,4.3881273,1.0180147,0.29322436,2,ACORN-E,Affluent,Std
MAC005301,15.681389,11.039015,0.32705066,1.8955764,0.1771016,14.657738,18.235643,1.2440968,0.7039564,1,ACORN-E,Affluent,Std
MAC005302,29.669619,7.960078,0.6192141,1.7754563,0.35682225,28.7573,31.963322,1.1114855,0.26829052,0,ACORN-E,Affluent,Std
MAC005303,12.432639,7.6965857,0.2597342,0.99813825,0.29103467,11.579736,14.576966,1.2588341,0.6190629,1,ACORN-M,Adversity,Std
MAC005304,2.842467,0.8180129,0.059397306,0.30840403,0.2352061,2.805212,2.9361322,1.0466703,0.28778273,2,ACORN-E,Affluent,Std
MAC005305,9.003317,3.2689824,0.18809727,0.92010206,0.2610269,8.412998,10.487467,1.246579,0.36308646,2,ACORN-F,Comfortable,Std
MAC005306,8.299366,2.4970593,0.1731203,0.78788054,0.25462228,8.276935,8.355764,1.009524,0.30087352,2,ACORN-E,Affluent,ToU
MAC005307,18.897133,15.191061,0.39810857,1.9796765,0.23364319,18.818941,19.093716,1.014601,0.80388176,1,ACORN-E,Affluent,Std
MAC005308,34.7542,25.143122,0.7252093,1.5878,0.4889525,38.062035,26.437801,0.69459766,0.7234556,0,ACORN-E,Affluent,ToU
MAC005309,18.29007,8.360153,0.3832918,1.7991759,0.20830889,18.232468,18.434896,1.0111027,0.457087,1,ACORN-E,Affluent,Std
MAC005310,3.907663,1.4849647,0.08155668,0.54751,0.18901898,3.5260637,4.8670616,1.3803102,0.3800135,2,ACORN-E,Affluent,ToU
MAC005311,4.359518,5.808468,0.09091811,0.7073329,0.19854058,4.749644,3.378684,0.71135527,1.3323647,2,ACORN-E,Affluent,Std
MAC005312,5.9963098,3.8999937,0.12566046,0.79490924,0.21933353,5.936312,6.146606,1.035425,0.65039897,2,ACORN-M,Adversity,Std
MAC005313,0.6417083,0.6841377,0.013401705,0.17922848,0.104159296,0.7068459,0.47825,0.6765973,1.0661194,2,ACORN-E,Affluent,Std
MAC005314,11.736732,3.4981139,0.24481353,0.9554032,0.28211334,11.617562,12.035778,1.0359986,0.29804838,1,ACORN-E,Affluent,Std
MAC005315,17.953918,6.267667,0.37498704,1.192297,0.32573473,17.229689,19.771326,1.1475149,0.34909743,1,ACORN-E,Affluent,Std
MAC005316,21.105713,7.3924603,0.44042537,1.4799354,0.33221763,21.636534,19.781511,0.9142643,0.35025874,1,ACORN-D,Affluent,Std
MAC005317,4.1384864,2.0693772,0.08633228,0.4888871,0.21895805,3.8122032,4.9572735,1.3003697,0.50003237,2,ACORN-E,Affluent,Std
MAC005318,41.582085,27.972034,0.8688623,2.1605,0.38918322,42.25444,39.894855,0.9441577,0.6726944,0,ACORN-D,Affluent,Std
MAC005319,3.7254543,6.6517057,0.07799197,0.2336129,0.54106236,3.7973459,3.545047,0.9335592,1.785475,2,ACORN-E,Affluent,Std
MAC005320,15.390312,6.032874,0.32106212,1.4585738,0.26658002,15.176254,15.927481,1.0495001,0.39199167,1,ACORN-C,Affluent,Std
MAC005321,4.9136567,4.0929675,0.10279955,0.9952557,0.2648104,4.6445837,5.5876083,1.2030375,0.8329779,2,ACORN-E,Affluent,ToU
MAC005322,20.750711,8.092273,0.43270946,1.2939548,0.33776534,19.468567,23.947638,1.2300668,0.38997567,1,ACORN-E,Affluent,Std
MAC005323,7.70937,2.8777554,0.16089116,0.6084455,0.41262123,7.9472804,7.113472,0.89508253,0.37328023,2,ACORN-E,Affluent,Std
MAC005324,14.827754,3.5630417,0.30969176,1.1761428,0.286212,14.251109,16.269363,1.1416209,0.24029544,1,ACORN-D,Affluent,ToU
MAC005325,10.2601185,2.5873327,0.21444696,0.86956203,0.27337578,9.626125,11.845104,1.2305163,0.25217378,2,ACORN-F,Comfortable,Std
MAC005326,6.546485,3.8884501,0.13681059,0.76880544,0.22070314,6.5324097,6.58201,1.0075929,0.59397525,2,ACORN-E,Affluent,Std
MAC005327,32.944366,18.56147,0.6882006,1.7983824,0.38847178,32.41155,34.289104,1.0579286,0.5634186,0,ACORN-E,Affluent,Std
MAC005328,3.6827135,0.77207017,0.07684535,0.6161365,0.2918366,3.6362963,3.799862,1.0449814,0.20964709,2,ACORN-Q,Adversity,Std
MAC005329,13.05794,4.596733,0.27240795,0.9460338,0.31241158,12.956427,13.314138,1.0276089,0.35202593,1,ACORN-E,Affluent,Std
MAC005330,6.5969605,2.4090645,0.13770577,0.68422973,0.23545858,6.091668,7.872224,1.2922937,0.36517796,2,ACORN-H,Comfortable,Std
MAC005331,9.42046,3.0966353,0.20525497,0.6932077,0.38810837,9.3473835,9.604245,1.0274795,0.32871383,2,ACORN-E,Affluent,Std
MAC005332,6.7152,2.6159463,0.14027564,0.8573486,0.20854628,6.289164,7.7904334,1.2387073,0.389556,2,ACORN-Q,Adversity,Std
MAC005333,8.757614,6.1340384,0.18273194,0.9897419,0.20356232,9.026175,8.082906,0.8954963,0.7004235,2,ACORN-E,Affluent,Std
MAC005334,2.6366947,1.4796991,0.055077676,0.38845542,0.1814563,2.5114303,2.9528382,1.1757596,0.5611947,2,ACORN-E,Affluent,Std
MAC005335,32.739914,13.981253,0.69628316,2.1310122,0.33656302,32.982346,32.133823,0.97427344,0.42703998,0,ACORN-P,Adversity,Std
MAC005336,9.869865,7.8620152,0.20812117,1.2558271,0.20070423,9.551549,10.673233,1.1174347,0.7965676,1,ACORN-Q,Adversity,Std
MAC005337,9.29126,3.1107855,0.19558586,1.3979527,0.13970155,9.366155,9.102238,0.97182226,0.33480772,1,ACORN-P,Adversity,Std
MAC005338,9.1094475,2.813945,0.19022137,1.1082757,0.19277567,8.883219,9.680405,1.0897406,0.30890402,2,ACORN-L,Adversity,Std
MAC005339,3.0515447,0.83860606,0.06368929,0.3184892,0.27948388,2.9911885,3.2038715,1.0711032,0.27481362,2,ACORN-Q,Adversity,Std
MAC005340,17.580114,7.29581,0.37020758,2.1934297,0.16338189,17.579268,17.582247,1.0001695,0.41500357,1,ACORN-P,Adversity,Std
MAC005341,27.745914,15.773772,0.5787755,2.1713235,0.26573992,28.042103,26.999805,0.96283096,0.5685079,0,ACORN-F,Comfortable,ToU
MAC005342,12.3973,4.6503983,0.25869974,0.94334775,0.32294807,12.617908,11.841576,0.9384738,0.37511382,1,ACORN-E,Affluent,ToU
MAC005343,6.8450947,1.8086325,0.14304659,0.54694587,0.2756928,6.9874954,6.486381,0.9282841,0.26422316,2,ACORN-E,Affluent,Std
MAC005344,12.213885,8.719157,0.25456393,1.762434,0.13896348,12.296446,12.006872,0.9764506,0.71387255,1,ACORN-P,Adversity,Std
MAC005345,13.64581,6.6804476,0.28854975,2.1058376,0.15552819,13.651754,13.630838,0.99846786,0.48956034,1,ACORN-P,Adversity,Std
MAC005346,32.29371,8.725509,0.6752515,1.5666157,0.461207,32.07448,32.845955,1.0240526,0.2701922,0,ACORN-E,Affluent,Std
MAC005347,5.253946,1.8091952,0.11024425,1.2280041,0.1566016,5.2754283,5.199933,0.9856893,0.3443498,2,ACORN-E,Affluent,ToU
MAC005348,12.154409,7.254242,0.25535357,1.8460163,0.1726093,12.242511,11.932476,0.97467554,0.5968403,1,ACORN-P,Adversity,Std
MAC005349,3.592414,1.1646024,0.07506846,0.39978755,0.2461973,3.448242,3.9555905,1.1471325,0.3241838,2,ACORN-D,Affluent,ToU
MAC005350,14.5571165,12.201115,0.3034826,1.4617118,0.24701965,14.608656,14.427285,0.9875847,0.8381546,1,ACORN-P,Adversity,Std
MAC005351,3.9844384,1.5657167,0.08320744,0.4651475,0.19929247,3.7225275,4.644205,1.2475946,0.39295796,2,ACORN-D,Affluent,Std
MAC005352,5.7861447,2.057556,0.12082093,0.6004024,0.23197249,5.6855836,6.0389857,1.0621576,0.3556005,2,ACORN-E,Affluent,ToU
MAC005353,45.11147,41.943222,0.9416544,2.5403385,0.3064552,45.740025,43.53836,0.9518657,0.9297685,0,ACORN-E,Affluent,Std
MAC005354,16.18254,5.9584627,0.3382828,1.0881473,0.35203215,16.302223,15.881954,0.97422016,0.36820316,1,ACORN-D,Affluent,ToU
MAC005355,21.534515,13.409671,0.45155036,1.6932479,0.2850515,20.6547,23.74662,1.1496958,0.62270594,1,ACORN-E,Affluent,Std
MAC005356,35.879074,13.838241,0.7487624,1.9784255,0.39975113,36.89496,33.324837,0.9032355,0.38569114,0,ACORN-E,Affluent,Std
MAC005357,7.6000614,3.2242079,0.15864329,0.3855908,0.4436531,7.4342537,8.016948,1.0783796,0.42423445,2,ACORN-L,Adversity,Std
MAC005358,6.039572,1.70502,0.12609676,0.48025608,0.31920102,6.197924,5.6414285,0.9102126,0.2823081,2,ACORN-E,Affluent,Std
MAC005359,5.2479143,2.7901366,0.109483674,0.59872633,0.24455398,5.451782,4.7353334,0.86858445,0.5316658,2,ACORN-E,Affluent,ToU
MAC005360,7.792375,1.1836938,0.16270138,0.6514986,0.30757853,7.8290377,7.7001953,0.98354304,0.1519041,2,ACORN-E,Affluent,Std
MAC005361,8.690811,7.712771,0.18194903,0.95562553,0.21462204,8.461149,9.271009,1.0957152,0.88746274,1,ACORN-F,Comfortable,Std
MAC005362,4.706756,2.2659621,0.09849132,0.47698376,0.3562925,5.597625,2.466857,0.4406971,0.48142755,2,ACORN-E,Affluent,Std
MAC005363,14.806613,3.8722782,0.30908707,1.151378,0.2780211,15.438873,13.2169285,0.8560811,0.26152357,1,ACORN-U,ACORN-U,Std
MAC005364,12.345662,6.137918,0.25769883,1.2160027,0.21681501,12.296237,12.4699335,1.014126,0.49717203,1,ACORN-Q,Adversity,Std
MAC005365,10.701293,4.7290893,0.22332714,0.8070881,0.30814096,10.393272,11.475743,1.1041511,0.44191757,1,ACORN-E,Affluent,Std
MAC005366,17.079653,9.036486,0.35653985,1.4552561,0.24550372,15.63046,20.723333,1.3258301,0.529079,1,ACORN-H,Comfortable,Std
MAC005367,9.006939,2.1557078,0.18807888,0.8564831,0.23757729,8.809477,9.502477,1.0786653,0.23933856,2,ACORN-E,Affluent,Std
MAC005368,5.2604775,1.0889255,0.10979566,0.570251,0.3010843,5.244605,5.300309,1.0106212,0.20700125,2,ACORN-Q,Adversity,ToU
MAC005369,5.0695944,1.9667852,0.105770156,0.39043012,0.35953704,5.27959,4.542605,0.8604086,0.38795713,2,ACORN-Q,Adversity,Std
MAC005370,17.92649,12.030551,0.37374002,1.8466253,0.23851524,17.793116,18.255167,1.025968,0.6711046,1,ACORN-D,Affluent,Std
MAC005371,16.33924,9.422403,0.34165794,1.0748345,0.3712014,16.747866,15.313781,0.9143721,0.5766733,1,ACORN-L,Adversity,Std
MAC005372,6.9641805,1.9206892,0.14588326,0.41079646,0.36541557,6.92753,7.056157,1.0185676,0.27579543,2,ACORN-F,Comfortable,Std
MAC005373,8.382878,2.7096853,0.17502353,0.8244573,0.26628104,8.394471,8.3537855,0.9951533,0.32324046,2,ACORN-E,Affluent,Std
MAC005374,3.8000069,2.286024,0.07931616,0.5011574,0.190428,3.4094725,4.7800617,1.4019945,0.6015842,2,ACORN-G,Comfortable,Std
MAC005375,9.822268,4.7032676,0.20483576,0.70909363,0.35475448,10.357108,8.480072,0.8187683,0.47883725,2,ACORN-E,Affluent,Std
MAC005376,13.056277,5.1794806,0.27719808,2.662301,0.11104589,13.1094,12.922967,0.9857787,0.39670423,1,ACORN-P,Adversity,Std
MAC005377,9.852808,7.1893287,0.20911582,1.2214729,0.2886054,10.605169,7.9683237,0.75136226,0.7296731,1,ACORN-P,Adversity,Std
MAC005378,21.26117,13.026525,0.44372427,1.2711316,0.3381035,21.133059,21.582666,1.021275,0.61269087,1,ACORN-E,Affluent,Std
MAC005379,6.3131795,2.374134,0.13170715,0.7948206,0.20822069,6.4552107,5.9574237,0.922886,0.37605998,2,ACORN-F,Comfortable,Std
MAC005380,6.15293,2.6151903,0.1289536,0.6393601,0.22513293,5.5138288,7.7537236,1.4062322,0.42503172,2,ACORN-D,Affluent,Std
MAC005381,6.512161,2.0680687,0.13617344,0.5085051,0.32131892,6.415687,6.752852,1.0525532,0.31757027,2,ACORN-Q,Adversity,Std
MAC005382,19.226843,6.568052,0.4013002,1.5824484,0.28123027,19.12231,19.488676,1.0191591,0.34160843,1,ACORN-E,Affluent,Std
MAC005383,5.371719,1.0972745,0.112275094,0.2781277,0.4515378,5.3438196,5.4416,1.0182978,0.2042688,2,ACORN-E,Affluent,Std
MAC005384,8.1431875,3.9689186,0.17004915,0.5996229,0.3010391,7.98963,8.525956,1.0671277,0.48739126,2,ACORN-E,Affluent,ToU
MAC005385,21.945108,11.325756,0.46786243,3.0473003,0.15057728,21.94425,21.947256,1.000137,0.5160948,0,ACORN-P,Adversity,Std
MAC005386,13.362893,6.5699587,0.28270245,2.1928809,0.13101369,13.28632,13.554699,1.0201997,0.4916569,1,ACORN-P,Adversity,Std
MAC005387,9.127982,3.8420858,0.19064711,1.1291182,0.20033038,9.016629,9.406896,1.043283,0.42091295,2,ACORN-E,Affluent,Std
MAC005388,13.53796,7.7355146,0.28458902,1.5808058,0.19224897,13.343693,14.024552,1.0510248,0.5713944,1,ACORN-P,Adversity,Std
MAC005389,6.61148,1.4442797,0.13797273,0.44321224,0.34692526,6.445021,7.0276284,1.0903965,0.21845028,2,ACORN-Q,Adversity,Std
MAC005390,2.8738775,0.79725295,0.05993835,0.27686802,0.2714636,2.779299,3.1103237,1.1191037,0.2774137,2,ACORN-E,Affluent,Std
MAC005391,7.3556285,5.5814657,0.15394317,0.6520796,0.24682955,7.144517,7.881454,1.1031473,0.758802,2,ACORN-E,Affluent,Std
MAC005392,9.603723,3.8151853,0.20043626,0.5440996,0.4099319,9.201153,10.619827,1.1541845,0.39726108,2,ACORN-E,Affluent,Std
MAC005393,38.652496,21.134838,0.80967975,2.9340696,0.28490368,38.69043,38.556747,0.99654484,0.546791,0,ACORN-E,Affluent,Std
MAC005394,6.003075,1.1320063,0.12540564,0.75304776,0.21680379,5.9476037,6.1430864,1.0328674,0.18857107,2,ACORN-E,Affluent,Std
MAC005395,8.534791,2.5187023,0.17811096,0.7543656,0.2654933,8.594938,8.382976,0.97533864,0.29511002,2,ACORN-E,Affluent,ToU
MAC005396,5.663806,1.8500005,0.1182114,0.6291214,0.24324283,5.539741,5.976952,1.0789226,0.32663557,2,ACORN-F,Comfortable,ToU
MAC005397,11.724536,6.354876,0.24857764,1.8219945,0.15850776,11.646705,11.920985,1.02355,0.54201514,1,ACORN-P,Adversity,Std
MAC005398,18.510311,11.642612,0.3899955,2.7876465,0.15339482,18.19193,19.313913,1.0616747,0.62897986,1,ACORN-P,Adversity,Std
MAC005399,16.927507,13.772894,0.35339418,1.8525852,0.17554533,16.473942,18.072323,1.0970248,0.8136398,1,ACORN-E,Affluent,Std
MAC005400,5.4526396,3.311741,0.113749735,0.5918745,0.23152086,5.4308724,5.5075817,1.0141246,0.6073648,2,ACORN-E,Affluent,Std
MAC005401,8.639296,5.6839023,0.1803602,1.1360724,0.23209599,8.862276,8.076486,0.9113331,0.6579127,2,ACORN-Q,Adversity,ToU
MAC005402,15.96072,4.8303323,0.33721605,1.6097273,0.21301979,15.847392,16.246763,1.0252011,0.30263874,1,ACORN-P,Adversity,Std
MAC005403,8.628781,3.4470546,0.18012758,0.990794,0.19180569,8.162474,9.805759,1.2013221,0.39948338,2,ACORN-E,Affluent,Std
MAC005404,19.33891,9.775797,0.4034967,1.2733438,0.31450212,19.293535,19.453438,1.0082879,0.5054989,1,ACORN-E,Affluent,Std
MAC005405,2.099607,0.5933677,0.044010226,0.22827421,0.23324312,2.017901,2.3058367,1.1426907,0.28260893,2,ACORN-E,Affluent,Std
MAC005406,70.87431,27.344265,1.4813085,3.6660247,0.41142008,71.39701,69.55501,0.97420055,0.38581347,0,ACORN-A,Affluent,Std
MAC005407,19.557322,6.676965,0.4080409,1.2484139,0.3475918,19.269426,20.28259,1.0525788,0.34140489,1,ACORN-E,Affluent,Std
MAC005408,6.9676485,2.2935915,0.14540012,0.5235765,0.3464701,7.3715,5.9502544,0.8071972,0.32917726,2,ACORN-E,Affluent,Std
MAC005409,9.05351,1.7060809,0.18887413,0.71500003,0.33645895,8.980838,9.236587,1.0284772,0.18844415,2,ACORN-N,Adversity,Std
MAC005410,6.428022,2.600231,0.13408056,0.60873085,0.24422438,6.093023,7.2719617,1.19349,0.40451494,2,ACORN-G,Comfortable,Std
MAC005411,20.949463,9.380798,0.43726686,1.1593456,0.37609527,21.457407,19.669832,0.91669196,0.44778228,1,ACORN-E,Affluent,Std
MAC005412,25.048748,9.33719,0.52268356,1.5710901,0.36021173,24.089996,27.464062,1.1400609,0.37276074,0,ACORN-E,Affluent,Std
MAC005413,26.824682,15.863129,0.56113404,1.8024864,0.3156351,26.347952,28.025677,1.0636758,0.59136313,0,ACORN-E,Affluent,ToU
MAC005414,3.8594878,0.95201665,0.08053126,0.36404783,0.25320765,3.9400992,3.6564088,0.92799914,0.24666917,2,ACORN-Q,Adversity,Std
MAC005415,3.3078072,0.80445474,0.069014564,0.20306976,0.3812539,3.295979,3.3375483,1.0126121,0.2431988,2,ACORN-E,Affluent,Std
MAC005416,6.210063,2.968774,0.12962207,0.5395677,0.3386983,6.035184,6.6497836,1.1018361,0.4780586,2,ACORN-E,Affluent,Std
MAC005417,8.569115,2.734971,0.17871802,0.72785795,0.29815564,8.401344,8.988965,1.0699437,0.31916612,2,ACORN-E,Affluent,Std
MAC005418,7.14629,3.1997652,0.14903735,0.45956495,0.40576297,7.1707077,7.084894,0.98803276,0.44775194,2,ACORN-E,Affluent,Std
MAC005419,3.0310082,1.1450938,0.06337503,0.38025582,0.20112075,2.9632332,3.2014232,1.0803818,0.37779304,2,ACORN-E,Affluent,Std
MAC005420,4.33426,1.6376894,0.090533346,0.38757867,0.273711,4.300172,4.419971,1.0278591,0.37784752,2,ACORN-E,Affluent,Std
MAC005421,24.02372,7.159386,0.5018975,1.263316,0.4321883,23.827824,24.516289,1.0288934,0.2980132,1,ACORN-A,Affluent,Std
MAC005422,17.849798,7.8581157,0.37708706,3.083085,0.13100128,17.673784,18.292366,1.035,0.44023556,1,ACORN-P,Adversity,Std
MAC005423,32.365932,13.239987,0.6764316,2.2384136,0.33269337,33.115337,30.472504,0.9201931,0.4090717,0,ACORN-E,Affluent,Std
MAC005424,15.941767,5.0331616,0.33281738,1.286624,0.27363575,14.98283,18.339108,1.2240082,0.3157217,1,ACORN-U,ACORN-U,Std
MAC005425,9.627526,2.9944797,0.2011776,0.79174495,0.27519,9.682082,9.491138,0.9802787,0.31103313,2,ACORN-F,Comfortable,Std
MAC005426,4.35734,1.2704631,0.090973206,0.35737902,0.28472677,4.089251,5.027561,1.2294577,0.29156852,2,ACORN-E,Affluent,Std
MAC005427,10.541959,3.2262638,0.21994253,0.83181125,0.28249118,9.546516,13.025434,1.3644174,0.30604026,1,ACORN-E,Affluent,ToU
MAC005428,12.224306,6.35164,0.25501153,0.9052693,0.4122691,12.558006,11.39372,0.9072873,0.5195911,1,ACORN-E,Affluent,Std
MAC005429,8.853615,3.5949214,0.18516436,0.5639036,0.3651199,8.603297,9.478132,1.101686,0.40603995,2,ACORN-F,Comfortable,ToU
MAC005430,10.82572,4.856099,0.22621976,0.7650919,0.35055202,10.927718,10.5707245,0.96733135,0.44857055,1,ACORN-G,Comfortable,Std
MAC005431,6.422615,1.6806586,0.13437115,0.998414,0.21802706,6.13018,7.153704,1.1669648,0.26167825,2,ACORN-F,Comfortable,Std
MAC005432,7.235338,4.4002385,0.15104453,0.4792493,0.3284285,6.9888105,7.8516583,1.1234614,0.60815936,2,ACORN-L,Adversity,ToU
MAC005433,4.356487,1.529652,0.091006696,0.53010935,0.23996346,4.530555,3.9213164,0.86552674,0.35112053,2,ACORN-E,Affluent,Std
MAC005434,20.375027,5.9179006,0.42501992,1.8504869,0.23341861,20.58811,19.842321,0.96377575,0.29044873,1,ACORN-M,Adversity,ToU
MAC005435,9.155311,2.3045125,0.19146214,0.74384403,0.27776635,8.960337,9.642745,1.0761588,0.2517132,2,ACORN-Q,Adversity,Std
MAC005436,6.25602,2.1109028,0.13071549,0.62036735,0.260273,5.979396,6.9475813,1.1619203,0.33741945,2,ACORN-L,Adversity,Std
MAC005437,3.2266536,1.7628565,0.067300186,0.34441522,0.21225299,3.1503959,3.4192626,1.0853438,0.546342,2,ACORN-E,Affluent,Std
MAC005438,5.94531,1.510279,0.12436041,0.4504576,0.31292439,5.934094,5.973639,1.006664,0.25402865,2,ACORN-F,Comfortable,Std
MAC005439,4.8772106,2.7062287,0.10166759,0.7055994,0.15955286,4.3373384,6.2408037,1.4388556,0.5548722,2,ACORN-L,Adversity,Std
MAC005440,11.129003,4.556097,0.23213987,0.7332953,0.34043476,11.010498,11.42832,1.0379475,0.40938953,1,ACORN-E,Affluent,Std
MAC005441,16.476418,3.7610278,0.3452398,0.9855848,0.35899073,16.37911,16.72219,1.0209463,0.22826733,1,ACORN-F,Comfortable,Std
MAC005442,32.478943,22.605778,0.6787236,1.6716344,0.39161873,32.280506,32.98014,1.0216736,0.69601333,0,ACORN-E,Affluent,Std
MAC005443,5.934831,3.6773417,0.123807564,0.4784963,0.38744745,5.9265265,5.9558287,1.0049442,0.61962026,2,ACORN-G,Comfortable,Std
MAC005444,3.7303288,1.4017439,0.07783511,0.3952573,0.26903751,3.5570266,4.1680517,1.1717798,0.37576953,2,ACORN-H,Comfortable,Std
MAC005445,2.2161667,1.1133066,0.046180695,0.40309942,0.16166827,2.2499347,2.1308763,0.94708365,0.5023569,2,ACORN-E,Affluent,ToU
MAC005446,21.254272,12.195392,0.44379076,1.9223378,0.23578863,20.797913,22.406927,1.0773642,0.5737854,1,ACORN-E,Affluent,Std
MAC005447,25.544865,13.655216,0.5339492,1.3500453,0.52449864,26.331917,23.561,0.89476967,0.5345582,0,ACORN-E,Affluent,Std
MAC005448,6.532864,1.410646,0.13625075,0.56670904,0.2786466,6.4013963,6.864923,1.0724102,0.2159307,2,ACORN-H,Comfortable,ToU
MAC005449,8.053164,4.941511,0.1699112,0.63467544,0.27817234,7.770479,8.767159,1.128265,0.61361116,2,ACORN-K,Adversity,ToU
MAC005450,5.6227818,1.7069294,0.11757959,0.5280924,0.26249483,5.5642705,5.769964,1.0369669,0.30357385,2,ACORN-I,Comfortable,Std
MAC005451,16.040285,3.7039723,0.33591005,0.97715205,0.3786948,15.816019,16.606737,1.0499947,0.23091686,1,ACORN-F,Comfortable,Std
MAC005452,11.423577,1.9025663,0.23890431,0.72150147,0.35914415,11.335231,11.646722,1.0274799,0.16654733,2,ACORN-Q,Adversity,Std
MAC005453,2.635582,1.235456,0.05500566,0.32639766,0.22383396,2.6290164,2.652165,1.008805,0.46876022,2,ACORN-D,Affluent,Std
MAC005454,9.298924,2.2174182,0.19446506,0.8106338,0.27713436,9.503095,8.781205,0.9240364,0.23845965,2,ACORN-E,Affluent,Std
MAC005455,2.403807,1.4668623,0.050193436,0.21139328,0.37846813,2.4137225,2.378763,0.9855163,0.61022466,2,ACORN-E,Affluent,Std
MAC005456,7.2124205,3.1383355,0.15330006,0.67223346,0.26279983,7.008758,7.7273784,1.1025318,0.4351293,2,ACORN-F,Comfortable,Std
MAC005457,6.779145,2.3619013,0.14179124,0.6926184,0.24968639,6.391047,7.759392,1.2141033,0.34840697,2,ACORN-E,Affluent,Std
MAC005458,11.697625,1.8985156,0.24445932,0.88542837,0.2940795,11.295759,12.712649,1.1254356,0.16229923,1,ACORN-Q,Adversity,Std
MAC005459,32.590904,11.998459,0.68005437,1.5583069,0.5132213,34.509556,27.744835,0.8039754,0.3681536,0,ACORN-E,Affluent,Std
MAC005460,8.302934,1.5549556,0.17335084,0.5592533,0.35262,7.9389777,9.226969,1.1622363,0.18727785,2,ACORN-Q,Adversity,Std
MAC005461,9.41737,1.402063,0.19661143,0.871921,0.24490249,9.222285,9.910109,1.0745827,0.14888053,2,ACORN-N,Adversity,Std
MAC005462,4.45166,2.3606014,0.09288737,0.48294437,0.28112057,4.585031,4.1154847,0.8975915,0.5302744,2,ACORN-E,Affluent,Std
MAC005463,6.067465,2.2798297,0.12660052,0.60357016,0.2615314,5.9665895,6.3222523,1.059609,0.37574667,2,ACORN-Q,Adversity,Std
MAC005464,13.763151,1.5360471,0.28750625,0.9163026,0.34626895,13.587755,14.206161,1.045512,0.11160577,1,ACORN-F,Comfortable,Std
MAC005465,9.495802,2.8011339,0.19810681,0.78926975,0.2917255,9.057775,10.597645,1.1700053,0.29498655,2,ACORN-Q,Adversity,ToU
MAC005466,4.6457458,0.46657687,0.09689378,0.25653508,0.41636184,4.653663,4.6257477,0.9940014,0.100430995,2,ACORN-F,Comfortable,Std
MAC005467,6.4067883,3.7550364,0.13411197,0.40237206,0.3833873,6.5380306,6.0780053,0.92963856,0.5861028,2,ACORN-F,Comfortable,Std
MAC005468,13.276318,2.291167,0.27725834,0.95192105,0.30315936,13.054012,13.837809,1.0600425,0.17257549,1,ACORN-A,Affluent,Std
MAC005469,6.4421506,2.6311982,0.13451529,0.7207924,0.2099787,6.528139,6.2249637,0.9535587,0.40843475,2,ACORN-E,Affluent,Std
MAC005470,4.2998185,1.218625,0.089749984,0.50832164,0.18497927,4.03061,4.9797783,1.23549,0.2834131,2,ACORN-E,Affluent,ToU
MAC005471,5.0215554,3.2460246,0.10474928,0.46097368,0.28157198,4.5837855,6.1272626,1.3367254,0.64641815,2,ACORN-F,Comfortable,Std
MAC005472,0.7310541,0.4157539,0.015254365,0.06745614,0.24731742,0.7130898,0.7764278,1.0888219,0.56870466,2,ACORN-M,Adversity,Std
MAC005473,2.9090233,0.8137913,0.06068238,0.37366667,0.22842407,2.8527653,3.0511186,1.0695301,0.27974725,2,ACORN-P,Adversity,ToU
MAC005474,1.7721432,0.37158987,0.037033033,0.18627486,0.21273969,1.7341388,1.868134,1.077269,0.20968388,2,ACORN-Q,Adversity,ToU
MAC005475,8.099345,1.7233745,0.16912745,1.0627486,0.19606216,7.8952775,8.614773,1.0911298,0.21277948,2,ACORN-M,Adversity,Std
MAC005476,13.850021,3.5048063,0.29000002,0.9763444,0.32336724,14.090843,13.243949,0.93989754,0.2530542,1,ACORN-K,Adversity,Std
MAC005477,4.335346,1.4753468,0.09046397,0.38167688,0.28944385,4.119461,4.880624,1.1847724,0.34030658,2,ACORN-F,Comfortable,ToU
MAC005478,8.094343,2.9004087,0.16892515,0.766443,0.23474647,7.8158407,8.797778,1.1256343,0.3583254,2,ACORN-L,Adversity,Std
MAC005479,6.636174,2.545196,0.13870339,0.6773216,0.23271991,6.5933595,6.744314,1.022895,0.38353363,2,ACORN-E,Affluent,Std
MAC005480,3.088421,0.761633,0.06451845,0.4147573,0.17532147,3.0783367,3.1138916,1.0115501,0.24660918,2,ACORN-Q,Adversity,Std
MAC005481,7.5088506,1.2932593,0.15691657,0.7165432,0.26664093,7.526957,7.4632115,0.991531,0.17223132,2,ACORN-F,Comfortable,Std
MAC005482,8.671291,2.4716203,0.1812947,0.97897655,0.2166897,8.602419,8.84615,1.028333,0.28503487,2,ACORN-F,Comfortable,ToU
MAC005483,13.053025,2.0968378,0.27363852,0.59190714,0.4753547,12.922524,13.380034,1.0354041,0.16063999,1,ACORN-O,Adversity,Std
MAC005484,14.268965,4.3074584,0.29971105,1.6231184,0.19452417,13.859147,15.304072,1.1042578,0.30187604,1,ACORN-K,Adversity,Std
MAC005485,6.875925,3.4433079,0.14350043,1.4324269,0.17008159,6.668641,7.3994794,1.1095933,0.5007774,2,ACORN-J,Comfortable,Std
MAC005486,4.212785,1.9126694,0.08807849,0.3692694,0.30620542,4.05469,4.614166,1.1379824,0.45401546,2,ACORN-L,Adversity,Std
MAC005487,6.743704,1.9051453,0.14103547,0.8787815,0.18572795,6.9078016,6.327933,0.916056,0.28250727,2,ACORN-Q,Adversity,Std
MAC005488,12.513348,2.6954973,0.2610246,0.8635344,0.33210608,12.4384985,12.70201,1.0211852,0.21540977,1,ACORN-E,Affluent,ToU
MAC005489,8.39977,2.8013217,0.17528875,0.57308215,0.34337536,8.17487,8.969596,1.0972158,0.33349982,2,ACORN-C,Affluent,ToU
MAC005490,16.786194,3.0382578,0.3501845,1.1762314,0.31113744,16.78458,16.790262,1.0003386,0.18099742,1,ACORN-C,Affluent,Std
MAC005491,3.9732342,1.6252208,0.08296126,0.6151391,0.15195085,3.9353702,4.068675,1.0338736,0.40904227,2,ACORN-E,Affluent,Std
MAC005492,7.4894295,1.5817275,0.1565375,0.47373104,0.388154,7.4167666,7.674814,1.0347924,0.21119466,2,ACORN-,ACORN-,ToU
MAC005493,5.6163216,1.8598065,0.1182624,0.62577385,0.21408874,5.7537804,5.271258,0.9161382,0.33114317,2,ACORN-F,Comfortable,Std
MAC005494,12.091582,4.04843,0.25231528,1.024765,0.2598616,11.892916,12.589992,1.0586127,0.33481392,1,ACORN-J,Comfortable,Std
MAC005495,12.585657,7.3717804,0.26294324,0.9300557,0.29044026,12.64039,12.4469795,0.98469895,0.5857287,1,ACORN-J,Comfortable,ToU
MAC005496,8.563217,2.3493376,0.17888612,0.85723877,0.2240776,8.496838,8.729552,1.0273883,0.27435222,2,ACORN-E,Affluent,Std
MAC005497,23.326208,9.649715,0.4869895,1.3231698,0.39054,23.668041,22.464582,0.9491526,0.41368556,1,ACORN-E,Affluent,Std
MAC005498,3.0686464,2.9993994,0.06470506,0.3136085,0.29169968,3.1804295,2.7854247,0.87580144,0.97743404,2,ACORN-L,Adversity,ToU
MAC005499,8.945143,3.0836732,0.18696366,0.78944945,0.29985645,8.159022,10.92665,1.3392107,0.3447316,2,ACORN-Q,Adversity,Std
MAC005500,9.787639,1.3071907,0.20451938,0.6911581,0.36132264,9.827474,9.687227,0.98572916,0.13355526,2,ACORN-Q,Adversity,Std
MAC005501,5.17652,1.8572127,0.10795446,0.6000542,0.21644385,4.9952965,5.6333146,1.1277238,0.3587763,2,ACORN-M,Adversity,Std
MAC005502,8.376196,3.2490005,0.17464489,0.9084729,0.21620089,7.589894,10.358165,1.3647312,0.38788497,2,ACORN-E,Affluent,Std
MAC005503,6.726887,2.098985,0.14096607,0.8323529,0.20425043,6.620166,6.9958916,1.0567547,0.31202915,2,ACORN-Q,Adversity,Std
MAC005504,12.264133,6.9973774,0.25587195,1.2351333,0.26662445,12.063391,12.770129,1.0585854,0.5705562,1,ACORN-D,Affluent,Std
MAC005505,5.435302,2.7011046,0.11354534,0.47010395,0.32279614,5.4642353,5.3623714,0.98135805,0.49695578,2,ACORN-E,Affluent,Std
MAC005506,10.721887,3.3902519,0.2236624,0.93151206,0.25255504,10.795127,10.538343,0.97621304,0.31619918,1,ACORN-C,Affluent,Std
MAC005507,14.637132,3.6104019,0.30548048,1.091369,0.30094495,14.574321,14.795454,1.0151728,0.24666047,1,ACORN-E,Affluent,ToU
MAC005508,10.5500555,3.161398,0.22051401,0.78458416,0.29221538,10.043272,11.827464,1.1776505,0.299657,2,ACORN-H,Comfortable,ToU
MAC005509,12.130283,3.1375082,0.25332388,0.92435867,0.31146374,12.074783,12.270176,1.0161818,0.25865087,1,ACORN-C,Affluent,Std
MAC005510,6.1716833,2.105695,0.1294262,0.8734783,0.17258838,5.9005475,6.8495216,1.1608281,0.3411865,2,ACORN-N,Adversity,ToU
MAC005511,8.508965,2.4546406,0.17795517,0.8141186,0.2382042,8.506205,8.515923,1.0011425,0.288477,2,ACORN-N,Adversity,Std
MAC005512,2.4375637,0.79302764,0.05084297,0.3612533,0.16675998,2.4382415,2.4358556,0.9990215,0.3253362,2,ACORN-K,Adversity,Std
MAC005513,20.991596,6.2845683,0.43918198,1.6447446,0.2855356,20.296936,22.750902,1.1209033,0.29938495,1,ACORN-L,Adversity,Std
MAC005514,4.106353,1.3123729,0.0858324,0.4099546,0.30088067,4.091984,4.142572,1.0123627,0.31959575,2,ACORN-G,Comfortable,ToU
MAC005515,6.740833,1.9267356,0.14138453,0.82120496,0.19661434,6.915217,6.301278,0.9112192,0.2858305,2,ACORN-E,Affluent,ToU
MAC005516,10.349925,1.9657494,0.21634157,0.9019575,0.3155655,9.797278,11.742937,1.1985917,0.18992886,2,ACORN-Q,Adversity,ToU
MAC005517,2.637489,0.7155529,0.05509632,0.21212007,0.2990825,2.5882068,2.7617111,1.0670365,0.27130082,2,ACORN-D,Affluent,Std
MAC005518,12.68667,2.4134986,0.26468113,1.8117788,0.18290132,12.364963,13.497573,1.0915984,0.19023894,1,ACORN-K,Adversity,Std
MAC005519,4.380256,1.3500543,0.09182912,0.30870277,0.3162865,4.379693,4.3816752,1.0004526,0.30821353,2,ACORN-Q,Adversity,Std
MAC005520,6.000512,1.536666,0.12530583,0.7334985,0.24495322,5.974769,6.065736,1.0152252,0.25608915,2,ACORN-O,Adversity,Std
MAC005521,8.381372,3.267283,0.17490365,1.4772247,0.16651717,8.11011,9.067259,1.1180192,0.38982671,1,ACORN-E,Affluent,Std
MAC005522,20.619682,8.121176,0.43030995,1.6770864,0.26952234,20.3835,21.21501,1.0407933,0.3938555,1,ACORN-J,Comfortable,ToU
MAC005523,9.01632,3.374483,0.18853806,0.7223983,0.30442092,8.940957,9.206284,1.0296754,0.37426388,2,ACORN-A,Affluent,Std
MAC005524,7.42335,2.268486,0.15487053,0.76787704,0.23788874,7.4356833,7.392263,0.99416053,0.30558792,2,ACORN-Q,Adversity,ToU
MAC005525,4.852091,1.2369177,0.10146241,0.35260266,0.33891866,4.7831864,5.025418,1.0506423,0.25492468,2,ACORN-P,Adversity,Std
MAC005526,10.434389,2.4628427,0.21813682,0.8895681,0.3057702,11.237465,8.410144,0.74840224,0.23603132,2,ACORN-E,Affluent,Std
MAC005527,5.9432974,2.6254253,0.12399375,0.53295314,0.26846185,5.78463,6.3432374,1.0965675,0.44174558,2,ACORN-Q,Adversity,Std
MAC005528,4.4760394,1.9574527,0.09380754,0.30558944,0.32152274,4.430524,4.5913625,1.0363024,0.437318,2,ACORN-Q,Adversity,Std
MAC005529,7.7931805,5.491733,0.16276324,0.80500877,0.26251858,7.8591495,7.6268973,0.9704482,0.70468444,2,ACORN-L,Adversity,ToU
MAC005530,11.446096,2.4400063,0.23915799,0.68680084,0.3848044,11.330231,11.738149,1.0360026,0.21317366,2,ACORN-K,Adversity,Std
MAC005531,4.9312196,1.43789,0.10387314,0.26547667,0.46555662,4.9510455,4.8814726,0.98594785,0.29158914,2,ACORN-E,Affluent,Std
MAC005532,14.523777,12.474115,0.30572563,1.4390131,0.21564871,16.223318,10.2176895,0.62981504,0.85887545,1,ACORN-E,Affluent,Std
MAC005533,11.950883,3.3110063,0.2495999,0.9691069,0.28856984,11.547379,12.967963,1.1230223,0.27705118,1,ACORN-G,Comfortable,ToU
MAC005534,6.4368343,2.4409347,0.13511673,0.7377918,0.240743,6.3836336,6.5716267,1.0294492,0.37921354,2,ACORN-J,Comfortable,Std
MAC005535,3.5713365,1.1536994,0.07456384,0.42585063,0.23756158,3.4091964,3.9800308,1.1674396,0.32304415,2,ACORN-F,Comfortable,ToU
MAC005536,1.0308448,0.14661403,0.021649115,0.1301757,0.1717528,1.025681,1.0438608,1.0177246,0.14222707,2,ACORN-F,Comfortable,ToU
MAC005537,7.334836,4.073036,0.15327723,0.62079793,0.28201902,7.618988,6.6185985,0.8686978,0.55530024,2,ACORN-F,Comfortable,ToU
MAC005538,3.0617788,1.5247035,0.06405484,0.39263782,0.19506413,3.2748137,2.5258968,0.7713101,0.49797964,2,ACORN-F,Comfortable,ToU
MAC005539,16.492216,3.668486,0.3445836,1.1715924,0.33454654,15.871328,18.054035,1.1375252,0.22243743,1,ACORN-E,Affluent,Std
MAC005540,4.890991,1.9140733,0.10222817,0.67826724,0.21435243,4.8180656,5.0740566,1.0531315,0.39134672,2,ACORN-N,Adversity,Std
MAC005541,17.76953,4.7544312,0.37102726,1.6424956,0.24273096,16.634434,20.62482,1.2398871,0.2675609,1,ACORN-E,Affluent,ToU
MAC005542,6.8807135,3.0529897,0.14369036,0.4668543,0.37480268,6.6510277,7.460513,1.1217083,0.4437025,2,ACORN-F,Comfortable,Std
MAC005543,13.9218645,7.2173905,0.29094607,0.5803676,0.50020766,13.821189,14.175901,1.0256644,0.51842123,1,ACORN-G,Comfortable,Std
MAC005544,4.97661,0.9217391,0.10379842,0.34294134,0.34301996,4.9773545,4.974737,0.99947417,0.18521425,2,ACORN-N,Adversity,Std
MAC005545,17.187017,14.873735,0.361729,1.6002566,0.24052319,17.925175,15.330212,0.8552336,0.86540526,1,ACORN-Q,Adversity,Std
MAC005546,6.3928485,1.3848186,0.13375326,0.473674,0.3489,6.4816356,6.168352,0.951666,0.21661995,2,ACORN-P,Adversity,Std
MAC005547,7.828531,1.6050223,0.16426185,0.4816217,0.36655867,7.4446416,8.79419,1.1812779,0.20502216,2,ACORN-Q,Adversity,Std
MAC005548,5.07515,1.535584,0.10580377,0.62243176,0.18419792,4.9689937,5.341634,1.0749931,0.30256918,2,ACORN-L,Adversity,Std
MAC005549,18.409742,5.26625,0.38447773,1.0948355,0.3752326,18.282846,18.728289,1.024364,0.2860578,1,ACORN-K,Adversity,ToU
MAC005550,11.750066,4.382404,0.24620257,0.8909018,0.32018614,11.59335,12.144279,1.047521,0.37296847,1,ACORN-C,Affluent,ToU
MAC005551,9.278437,2.0660722,0.19377676,0.55826837,0.3631982,9.188699,9.504169,1.0343325,0.22267461,2,ACORN-F,Comfortable,ToU
MAC005552,9.108569,4.2960997,0.19011296,0.83548385,0.27753365,9.054473,9.244644,1.021003,0.4716547,2,ACORN-E,Affluent,Std
MAC005553,33.03768,13.982716,0.6909395,1.6624869,0.4466618,34.440678,29.5085,0.85679203,0.4232354,0,ACORN-E,Affluent,Std
MAC005554,6.009295,2.6842384,0.1254301,0.5380634,0.29337648,5.7099094,6.7626414,1.1843693,0.44668108,2,ACORN-E,Affluent,Std
MAC005555,5.9231043,1.2729243,0.1236282,0.53731865,0.28823817,6.0301337,5.6541104,0.93764263,0.2149083,2,ACORN-E,Affluent,Std
MAC005557,6.2720385,1.152401,0.13102032,0.7217649,0.24916793,6.4273534,5.882703,0.91526055,0.18373628,2,ACORN-Q,Adversity,ToU
MAC005558,1.4885905,1.8234223,0.031324256,0.14036177,0.51169235,1.6543412,1.0620854,0.641999,1.2249322,2,ACORN-E,Affluent,Std
MAC005561,7.265497,2.7685015,0.15181525,0.60236746,0.29284224,7.2794356,7.2303967,0.99326336,0.3810478,2,ACORN-L,Adversity,Std
MAC005562,10.435291,3.391624,0.21777715,0.8342628,0.292236,10.357272,10.633471,1.0266671,0.3250148,2,ACORN-F,Comfortable,Std
MAC005564,4.0106916,1.3352063,0.083880514,0.554338,0.2637928,3.9233198,4.2307196,1.078352,0.33291173,2,ACORN-Q,Adversity,ToU
MAC005566,17.39735,13.644885,0.36277303,0.87512255,0.5226032,17.518934,17.09089,0.9755668,0.78430825,1,ACORN-E,Affluent,Std
MAC005567,5.186272,1.8387654,0.10892989,0.49081692,0.28123853,5.1247764,5.3415003,1.0422895,0.35454473,2,ACORN-Q,Adversity,Std
